baseline 1/860 critical:greeting_es: conversation
baseline 2/860 critical:why_after_failure: conversation
baseline 3/860 critical:what_after_offer: conversation
baseline 4/860 critical:knowledge_es: conversation
baseline 5/860 critical:single_action_es: conversation
baseline 6/860 critical:compound_plan_es: conversation
baseline 7/860 critical:ambiguous_reference_es: clarify
baseline 8/860 critical:unsupported_taxi_es: conversation
baseline 9/860 context:greeting_en: conversation
baseline 10/860 context:unsupported_food_delivery: conversation
baseline 11/860 context:spanglish_action: conversation
baseline 12/860 context:pronoun_with_history: clarify
baseline 13/860 holdout:massive-v1.1:en-US:12618: conversation
baseline 14/860 holdout:massive-v1.1:en-US:9691: conversation
baseline 15/860 holdout:presto-v1:en-US:4af524f894776bd048c9a355859d9b2a6a8cd94a244b4a05e057205fbf9b28d8: action
baseline 16/860 holdout:massive-v1.1:en-US:7847: conversation
baseline 17/860 holdout:massive-v1.1:en-US:10352: action
baseline 18/860 holdout:presto-v1:es-ES:e0a2afe972c3f590160d6f89bb46302043f34478e5b0c17377483d03d98906dd: conversation
baseline 19/860 holdout:massive-v1.1:en-US:13192: conversation
baseline 20/860 holdout:massive-v1.1:es-ES:2472: conversation
baseline 21/860 holdout:massive-v1.1:es-ES:13694: conversation
baseline 22/860 holdout:massive-v1.1:en-US:14526: conversation
baseline 23/860 holdout:massive-v1.1:es-ES:15092: conversation
baseline 24/860 holdout:presto-v1:en-US:b8b149dc8c011e2a575587718507cc40907e14c3ec80a4defb7901eddcea36c1: clarify
baseline 25/860 holdout:massive-v1.1:en-US:13342: conversation
baseline 26/860 holdout:massive-v1.1:en-US:5774: conversation
baseline 27/860 holdout:presto-v1:en-US:4e686d54a4c29f35afdd57e46c08023c4f3a849bcc755d2105bed332006c8950: action
baseline 28/860 holdout:massive-v1.1:en-US:4449: action
baseline 29/860 holdout:massive-v1.1:es-ES:11827: conversation
baseline 30/860 holdout:massive-v1.1:en-US:14787: conversation
baseline 31/860 holdout:presto-v1:en-US:25594bc18ff7fdb9141e716574f07f623cb0cef1061a0c90e30c97c8ad3a32ba: conversation
baseline 32/860 holdout:massive-v1.1:es-ES:13186: conversation
baseline 33/860 holdout:presto-v1:es-ES:1e41e7df5d6e858309313bdd189af2982a2be5e025cb404a1e488db020d9c11a: action
baseline 34/860 holdout:massive-v1.1:es-ES:3576: conversation
baseline 35/860 holdout:massive-v1.1:es-ES:10832: conversation
baseline 36/860 holdout:presto-v1:es-ES:02a78471b4d9173661949ddb0a74c44d1a5352a2a006db4b59f97616e1000044: plan
baseline 37/860 holdout:massive-v1.1:en-US:13303: conversation
baseline 38/860 holdout:massive-v1.1:es-ES:6147: conversation
baseline 39/860 holdout:massive-v1.1:es-ES:6923: action
baseline 40/860 holdout:massive-v1.1:es-ES:9680: clarify
baseline 41/860 holdout:massive-v1.1:es-ES:102: conversation
baseline 42/860 holdout:massive-v1.1:es-ES:7664: conversation
baseline 43/860 holdout:massive-v1.1:en-US:2921: conversation
baseline 44/860 holdout:massive-v1.1:en-US:1760: conversation
baseline 45/860 holdout:presto-v1:es-ES:a7e647dadb1435c817df9f6e195e733e9dae846040bb3d51ef59cd48dc45bb10: conversation
baseline 46/860 holdout:massive-v1.1:en-US:1124: conversation
baseline 47/860 holdout:massive-v1.1:en-US:11616: action
baseline 48/860 holdout:massive-v1.1:en-US:14306: conversation
baseline 49/860 holdout:massive-v1.1:en-US:1982: action
baseline 50/860 holdout:massive-v1.1:en-US:9110: conversation
baseline 51/860 holdout:presto-v1:en-US:b782e89432ac8f1073900ced3467fb77b756247923160914c1ea30cd2fce536d: action
baseline 52/860 holdout:massive-v1.1:es-ES:13685: conversation
baseline 53/860 holdout:presto-v1:es-ES:21eeb579ce670bff90249ea1de06895a4deb0b3038e52a9051a9dd55064a8dc6: conversation
baseline 54/860 holdout:massive-v1.1:en-US:8280: action
baseline 55/860 holdout:massive-v1.1:es-ES:5871: action
baseline 56/860 holdout:massive-v1.1:es-ES:319: conversation
baseline 57/860 holdout:massive-v1.1:es-ES:6457: conversation
baseline 58/860 holdout:massive-v1.1:es-ES:8260: conversation
baseline 59/860 holdout:presto-v1:en-US:7e5c08df4bc718166253b68e18910abd277ff9a058e3cd478d85ee2741daa5b9: conversation
baseline 60/860 holdout:massive-v1.1:es-ES:9014: action
baseline 61/860 holdout:massive-v1.1:en-US:6515: conversation
baseline 62/860 holdout:presto-v1:en-US:42d645779bf716affa4311d7f47fe29d9fbf7c457f9ec0a3e29c8dc548f26729: action
baseline 63/860 holdout:massive-v1.1:en-US:15109: conversation
baseline 64/860 holdout:presto-v1:en-US:66b0c169d49d2f4169a3c1a10659bb12d398dfca1f6c62baaba29275c0ad063d: conversation
baseline 65/860 holdout:presto-v1:es-ES:d0c9924e2ac8e58c88d19c095a1b2b38e9672deaed11b17c93295bf7b750157c: conversation
baseline 66/860 holdout:massive-v1.1:en-US:14857: conversation
baseline 67/860 holdout:presto-v1:en-US:fd2f9ba16e9c52bec81fe3afa49c8945d7540af148b66741caf32f12b21d1ae9: conversation
baseline 68/860 holdout:massive-v1.1:en-US:660: conversation
baseline 69/860 holdout:presto-v1:es-ES:af139d3dfb075d7c64ca9263bb4bef5576591d4cef71786c1fde316d3c25ae16: conversation
baseline 70/860 holdout:presto-v1:es-ES:68aa847bfab724a144fb8fd9c65bd7a4dd72dc6787c8d0b1b4aafb9b11e5d5d0: conversation
baseline 71/860 holdout:presto-v1:en-US:98da575341d1390a9a60df28b56b9a8b9737557a53d4a5c2eae51a9a45dcc15c: action
baseline 72/860 holdout:massive-v1.1:es-ES:12008: action
baseline 73/860 holdout:massive-v1.1:en-US:3349: conversation
baseline 74/860 holdout:presto-v1:en-US:2d276d38809c5852dee44cf18c76f26dde635baa75dc4d0311367c48fabde270: conversation
baseline 75/860 holdout:presto-v1:es-ES:993662af4333d2a2bb63083094e88f3abc242469bcb0ce90b5f019b0542d2b83: conversation
baseline 76/860 holdout:massive-v1.1:en-US:9640: conversation
baseline 77/860 holdout:massive-v1.1:es-ES:4227: conversation
baseline 78/860 holdout:presto-v1:en-US:e7f9ed36f81ef233e7355ae08251358dc3e78918488843281000c791a55d84f6: conversation
baseline 79/860 holdout:massive-v1.1:en-US:14591: conversation
baseline 80/860 holdout:massive-v1.1:en-US:14138: conversation
baseline 81/860 holdout:massive-v1.1:en-US:11427: conversation
baseline 82/860 holdout:massive-v1.1:en-US:3624: action
baseline 83/860 holdout:massive-v1.1:en-US:7598: conversation
baseline 84/860 holdout:presto-v1:es-ES:e18d74681ad00d5a6c8dd89cdfb247f8bc0cf52c4a046bb87aaa3b2048740d44: conversation
baseline 85/860 holdout:massive-v1.1:en-US:4461: conversation
baseline 86/860 holdout:massive-v1.1:en-US:59: action
baseline 87/860 holdout:massive-v1.1:en-US:6064: conversation
baseline 88/860 holdout:massive-v1.1:en-US:13172: conversation
baseline 89/860 holdout:massive-v1.1:en-US:2717: conversation
baseline 90/860 holdout:presto-v1:es-ES:687a68db575766ad6fd82925c1df1a3c491935d5bde86569a2ab40a726ee6055: conversation
baseline 91/860 holdout:presto-v1:es-ES:ec9cd6c72e3283f5eb78d5ebfbefb5bda839ce48ec98d62a8725856bbbb55910: conversation
baseline 92/860 holdout:massive-v1.1:es-ES:6897: action
baseline 93/860 holdout:massive-v1.1:en-US:8204: action
baseline 94/860 holdout:massive-v1.1:es-ES:10263: conversation
baseline 95/860 holdout:massive-v1.1:es-ES:9656: conversation
baseline 96/860 holdout:presto-v1:en-US:1be97991065a27ec929e71837f1d41a6ccad2a702db4ffe238de9cdfd40e4181: conversation
baseline 97/860 holdout:massive-v1.1:es-ES:5721: conversation
baseline 98/860 holdout:massive-v1.1:en-US:4813: conversation
baseline 99/860 holdout:massive-v1.1:en-US:9269: action
baseline 100/860 holdout:massive-v1.1:es-ES:10045: conversation
baseline 101/860 holdout:presto-v1:es-ES:6e0c101929cdb67e1175eb2471c4425431733f333e156d828c6008fbf565aa29: conversation
baseline 102/860 holdout:massive-v1.1:en-US:1093: action
baseline 103/860 holdout:presto-v1:es-ES:e64cfe16533dd2f88ace37c59668890325aa28005c09dc42ca48ebb621acf4e3: conversation
baseline 104/860 holdout:presto-v1:en-US:7adb3536549d79eecc551ff4bab3dc8fe94f761818bd769cad18f168eb439c0f: action
baseline 105/860 holdout:presto-v1:es-ES:304d3187bb36d856aae590b4faeb56b4c3360235953b637a6ee1a56c1e409ca2: conversation
baseline 106/860 holdout:massive-v1.1:en-US:14453: conversation
baseline 107/860 holdout:massive-v1.1:en-US:5593: action
baseline 108/860 holdout:massive-v1.1:es-ES:2085: conversation
baseline 109/860 holdout:massive-v1.1:en-US:8290: action
baseline 110/860 holdout:presto-v1:en-US:03c278908aaaecdaf4de6ff186dba88a1422f5d15a02409178d3d5b35cc1cebb: conversation
baseline 111/860 holdout:massive-v1.1:es-ES:3096: conversation
baseline 112/860 holdout:massive-v1.1:en-US:2168: clarify
baseline 113/860 holdout:massive-v1.1:es-ES:751: conversation
baseline 114/860 holdout:massive-v1.1:es-ES:2062: conversation
baseline 115/860 holdout:massive-v1.1:es-ES:8968: action
baseline 116/860 holdout:massive-v1.1:es-ES:1666: conversation
baseline 117/860 holdout:massive-v1.1:en-US:1007: action
baseline 118/860 holdout:massive-v1.1:es-ES:2206: conversation
baseline 119/860 holdout:massive-v1.1:en-US:14418: conversation
baseline 120/860 holdout:massive-v1.1:en-US:12413: conversation
baseline 121/860 holdout:presto-v1:es-ES:c881aea22727cf49ebe8f5e8393df9caf7695345f6609aff29ff5b9d572e7341: conversation
baseline 122/860 holdout:massive-v1.1:es-ES:3228: conversation
baseline 123/860 holdout:massive-v1.1:es-ES:11825: conversation
baseline 124/860 holdout:presto-v1:en-US:e710a114d5abb3c5535cb914d9afc5bf3b70e8005042b9990f1770c5356a6a88: conversation
baseline 125/860 holdout:massive-v1.1:en-US:11384: conversation
baseline 126/860 holdout:presto-v1:es-ES:1d096b575b240e08031009ed7f6e6c99c82b9451979b583e59ff8a60ba44579c: conversation
baseline 127/860 holdout:massive-v1.1:en-US:8140: clarify
baseline 128/860 holdout:presto-v1:es-ES:8465f48a8cbb395d9ab09b2d45d27178eaa4c3a53b098707617e0a000bc5f3ba: conversation
baseline 129/860 holdout:massive-v1.1:es-ES:9358: action
baseline 130/860 holdout:massive-v1.1:en-US:1156: conversation
baseline 131/860 holdout:massive-v1.1:en-US:11438: conversation
baseline 132/860 holdout:massive-v1.1:en-US:5688: conversation
baseline 133/860 holdout:massive-v1.1:es-ES:14429: conversation
baseline 134/860 holdout:massive-v1.1:en-US:7355: conversation
baseline 135/860 holdout:massive-v1.1:en-US:14555: clarify
baseline 136/860 holdout:massive-v1.1:es-ES:4400: conversation
baseline 137/860 holdout:presto-v1:en-US:7d539b69847b857b74e859da5590afb02ba5ee58284ed5ba612db7a1896da56d: conversation
baseline 138/860 holdout:massive-v1.1:es-ES:13592: conversation
baseline 139/860 holdout:massive-v1.1:es-ES:13023: plan
baseline 140/860 holdout:massive-v1.1:en-US:3406: conversation
baseline 141/860 holdout:massive-v1.1:es-ES:8404: clarify
baseline 142/860 holdout:massive-v1.1:es-ES:486: conversation
baseline 143/860 holdout:presto-v1:en-US:216247dfff7f140b76c5063db0165e9e5dce7ae0bf9396859d1d40f715c27cfd: conversation
baseline 144/860 holdout:presto-v1:es-ES:61887c6e258d946ea6a19dc81bf04e63eb9eca27beeb9d063161d50dc22051b7: conversation
baseline 145/860 holdout:massive-v1.1:es-ES:13854: conversation
baseline 146/860 holdout:massive-v1.1:en-US:3276: conversation
baseline 147/860 holdout:presto-v1:es-ES:c30ff80d4ba876d42bba23a0867fee1e9305d8185cd0e6df25ae895dc5a33d73: conversation
baseline 148/860 holdout:presto-v1:en-US:134fa328a757a8ef5a8266338ad57e2eb5aa1c3af04b77942eeab1e231a5e3a5: conversation
baseline 149/860 holdout:massive-v1.1:en-US:12634: conversation
baseline 150/860 holdout:presto-v1:en-US:ebed4458e51ae490adf5c0bc198fd4c19bf90fded79cb2565da8ea998dd9c4c9: conversation
baseline 151/860 holdout:presto-v1:es-ES:4bd70c374d5f96db97ca3afac48f4c6894920a26188f69a960c4204474f15617: conversation
baseline 152/860 holdout:massive-v1.1:en-US:8525: action
baseline 153/860 holdout:presto-v1:es-ES:897eb3bf100b987caa777d94bde59833d4e66997b1cc2535728db0abab408f4a: conversation
baseline 154/860 holdout:massive-v1.1:en-US:8085: conversation
baseline 155/860 holdout:presto-v1:en-US:863d5a0309f83ef6134a0cc2fb87fdd472b49eabafb3e8785df6269678f84760: conversation
baseline 156/860 holdout:presto-v1:en-US:9442a71fa6d2d3be2e0cc2dff562197872a81b011deab420faae92da08413314: conversation
baseline 157/860 holdout:massive-v1.1:es-ES:5970: action
baseline 158/860 holdout:massive-v1.1:es-ES:13383: conversation
baseline 159/860 holdout:presto-v1:en-US:a4ff170c6577ec66d673b7b5f9e1e7769823e060018a95c57a3e13ea45e294a7: conversation
baseline 160/860 holdout:massive-v1.1:es-ES:6710: conversation
baseline 161/860 holdout:massive-v1.1:es-ES:8290: conversation
baseline 162/860 holdout:presto-v1:en-US:aa2dc4e18dd2fd553ecb73de611d9ca07f78441004f9646355571c8750fe44f4: conversation
baseline 163/860 holdout:presto-v1:es-ES:3e3600fb6f8f3f900d340bdb9757a1c6f1338d92e11eb854145505b745dd917b: conversation
baseline 164/860 holdout:presto-v1:en-US:90795e28602e7daf65d2ec67b1250383a3020466e974a99ed707b3541c60cad1: conversation
baseline 165/860 holdout:presto-v1:es-ES:54017227db1e7c17fa640574fd31dbf81806740cb2d7612ba6a2fe730c699a48: conversation
baseline 166/860 holdout:presto-v1:es-ES:bd563d6840638b23fe22663ca2df7113dc08c69889837b28ca45b356eb4ceb4c: conversation
baseline 167/860 holdout:massive-v1.1:en-US:3474: conversation
baseline 168/860 holdout:massive-v1.1:es-ES:9507: conversation
baseline 169/860 holdout:massive-v1.1:es-ES:6593: conversation
baseline 170/860 holdout:massive-v1.1:es-ES:9632: clarify
baseline 171/860 holdout:massive-v1.1:en-US:3295: conversation
baseline 172/860 holdout:massive-v1.1:en-US:9321: conversation
baseline 173/860 holdout:massive-v1.1:es-ES:14038: conversation
baseline 174/860 holdout:massive-v1.1:es-ES:2917: conversation
baseline 175/860 holdout:presto-v1:es-ES:2194ff2a89e244c6470305ca0342218150a599749eb1fcc728e6a7cc4ec772a1: conversation
baseline 176/860 holdout:massive-v1.1:en-US:6473: conversation
baseline 177/860 holdout:presto-v1:es-ES:a1c8f274f3eb656d2eed1caa291cd2fed1bab5c9f5b5cd5dce2a8bf2227d2a1b: conversation
baseline 178/860 holdout:massive-v1.1:es-ES:11570: conversation
baseline 179/860 holdout:massive-v1.1:en-US:4673: conversation
baseline 180/860 holdout:massive-v1.1:es-ES:6789: clarify
baseline 181/860 holdout:massive-v1.1:en-US:5902: action
baseline 182/860 holdout:massive-v1.1:en-US:13283: conversation
baseline 183/860 holdout:presto-v1:es-ES:945be638744e471452d3343afba66b9377a50070d60d0fcdb0919c85b8a2d17d: conversation
baseline 184/860 holdout:presto-v1:en-US:0b3a3a80f76375119559b38cb43830e51cc7674569513d02b5659248ddb22602: conversation
baseline 185/860 holdout:massive-v1.1:en-US:11911: conversation
baseline 186/860 holdout:massive-v1.1:es-ES:14083: conversation
baseline 187/860 holdout:massive-v1.1:en-US:1202: conversation
baseline 188/860 holdout:massive-v1.1:en-US:5703: action
baseline 189/860 holdout:massive-v1.1:en-US:10177: conversation
baseline 190/860 holdout:massive-v1.1:en-US:12908: conversation
baseline 191/860 holdout:presto-v1:en-US:0fc0b703edd8d72f512af29c2b27e510076a66bee7f1e63902e531d8e6f8b358: conversation
baseline 192/860 holdout:massive-v1.1:es-ES:1156: conversation
baseline 193/860 holdout:massive-v1.1:es-ES:14605: conversation
baseline 194/860 holdout:massive-v1.1:en-US:3021: conversation
baseline 195/860 holdout:massive-v1.1:en-US:6411: action
baseline 196/860 holdout:massive-v1.1:en-US:7151: action
baseline 197/860 holdout:massive-v1.1:es-ES:4449: conversation
baseline 198/860 holdout:massive-v1.1:es-ES:2007: action
baseline 199/860 holdout:presto-v1:es-ES:635867f77972063517b22441c9ce9d75f0fdb5ddb21a349d58ce9d36324b9f00: conversation
baseline 200/860 holdout:massive-v1.1:en-US:11458: conversation
baseline 201/860 holdout:massive-v1.1:en-US:4375: conversation
baseline 202/860 holdout:presto-v1:es-ES:92ad3f6cc27ebaaa34b4bf1b63de0ea49ab0b7c3737d79f8edb0af01ed6ee06e: conversation
baseline 203/860 holdout:massive-v1.1:es-ES:2781: clarify
baseline 204/860 holdout:massive-v1.1:en-US:6789: plan
baseline 205/860 holdout:massive-v1.1:en-US:7044: action
baseline 206/860 holdout:massive-v1.1:en-US:13592: conversation
baseline 207/860 holdout:massive-v1.1:es-ES:3031: plan
baseline 208/860 holdout:presto-v1:es-ES:423b6cc7cd8c03e7e00f613415812bb9395f23a1d1542a74c22b3d8c7efce2c8: action
baseline 209/860 holdout:massive-v1.1:en-US:220: action
baseline 210/860 holdout:presto-v1:es-ES:5bb79857dbe96097adfa7ab996f4c5a55be1a35d192b27bb7838ce2b67cda0ee: conversation
baseline 211/860 holdout:massive-v1.1:en-US:12430: conversation
baseline 212/860 holdout:massive-v1.1:en-US:12824: conversation
baseline 213/860 holdout:presto-v1:en-US:20a621f244c64c6855c3d067b7e55b0f52a9e4fe4766977d450e9b3571c2cf07: action
baseline 214/860 holdout:massive-v1.1:en-US:8251: action
baseline 215/860 holdout:massive-v1.1:es-ES:7013: conversation
baseline 216/860 holdout:massive-v1.1:es-ES:9630: action
baseline 217/860 holdout:massive-v1.1:es-ES:14505: conversation
baseline 218/860 holdout:massive-v1.1:es-ES:533: action
baseline 219/860 holdout:massive-v1.1:en-US:5245: clarify
baseline 220/860 holdout:massive-v1.1:en-US:14457: conversation
baseline 221/860 holdout:massive-v1.1:es-ES:10055: conversation
baseline 222/860 holdout:presto-v1:en-US:aa50939e8fa4b259900d934fda4f2301d64628b9bc2b854d7d92becb6b6b76d5: conversation
baseline 223/860 holdout:massive-v1.1:es-ES:3694: action
baseline 224/860 holdout:massive-v1.1:en-US:11331: conversation
baseline 225/860 holdout:presto-v1:en-US:f9d47c3fa52f6fa8406179d3baae37dd66d14316cafc274c5c82e746b34e2f14: action
baseline 226/860 holdout:presto-v1:es-ES:12bc99cadf7712c5d33e7ac161b1bff33eb714cc86f1f7bba652083afc42b602: action
baseline 227/860 holdout:massive-v1.1:es-ES:441: conversation
baseline 228/860 holdout:presto-v1:en-US:73af60941c837faecdfb94daafde29f0a70a4e36d1a77a594281d2b6240c6c2d: action
baseline 229/860 holdout:massive-v1.1:en-US:5439: action
baseline 230/860 holdout:massive-v1.1:en-US:9793: action
baseline 231/860 holdout:presto-v1:en-US:3ea85903d6c66e6839c7270bbd5d3ad671c3294f44c51cdec9b184e4d9ec7114: conversation
baseline 232/860 holdout:massive-v1.1:en-US:11368: action
baseline 233/860 holdout:presto-v1:en-US:b427b5005176b7d7657e3158de093ed8abb281319f4b1116ba4c91237e5edc63: plan
baseline 234/860 holdout:massive-v1.1:es-ES:9225: conversation
baseline 235/860 holdout:massive-v1.1:es-ES:9772: conversation
baseline 236/860 holdout:presto-v1:es-ES:9049759cf9671c604a936fadf08a8949bcac50085a44e3a140dc586aee549a71: conversation
baseline 237/860 holdout:massive-v1.1:en-US:4909: action
baseline 238/860 holdout:massive-v1.1:es-ES:424: conversation
baseline 239/860 holdout:massive-v1.1:es-ES:14101: conversation
baseline 240/860 holdout:massive-v1.1:en-US:14323: conversation
baseline 241/860 holdout:massive-v1.1:es-ES:11987: conversation
baseline 242/860 holdout:presto-v1:es-ES:e2d965db6c0b316319fb4a9c335fe1cd88a1305e0341270eadfd1b496c56d961: conversation
baseline 243/860 holdout:massive-v1.1:en-US:46: conversation
baseline 244/860 holdout:massive-v1.1:en-US:13871: conversation
baseline 245/860 holdout:massive-v1.1:en-US:437: conversation
baseline 246/860 holdout:massive-v1.1:es-ES:2560: action
baseline 247/860 holdout:massive-v1.1:es-ES:10217: conversation
baseline 248/860 holdout:presto-v1:es-ES:ff760fe33d0390aae2f94f703518522e71923e85dbf4eed9de04314fbb3a6685: conversation
baseline 249/860 holdout:presto-v1:en-US:ad07baededd97854f30d39d4fda3b80ed2d3d93b60763b26a6a2b529ff574da4: action
baseline 250/860 holdout:presto-v1:es-ES:18a28708d31b1713923fda2f041b28b73797f3187da7ad622fe2016c188dca0b: conversation
baseline 251/860 holdout:massive-v1.1:en-US:8116: action
baseline 252/860 holdout:massive-v1.1:en-US:7467: conversation
baseline 253/860 holdout:massive-v1.1:es-ES:14414: conversation
baseline 254/860 holdout:massive-v1.1:es-ES:6557: conversation
baseline 255/860 holdout:presto-v1:es-ES:28bdc1a1aeb9460d6b207d5f609c8959bc7d2e03483cda0e24a4445255dd17ac: conversation
baseline 256/860 holdout:massive-v1.1:es-ES:3460: conversation
baseline 257/860 holdout:presto-v1:es-ES:4e42d743300a133ce8a7ba5bca756f3cbb4a22854604b33627ab8f81ada084cc: conversation
baseline 258/860 holdout:presto-v1:es-ES:2aa71ef6cdc5839e1c5572e7ae3f9e4aee872c04dd336a2be7fe2f5c28f7d5b2: conversation
baseline 259/860 holdout:massive-v1.1:es-ES:14011: conversation
baseline 260/860 holdout:massive-v1.1:es-ES:7477: clarify
baseline 261/860 holdout:massive-v1.1:en-US:6172: conversation
baseline 262/860 holdout:massive-v1.1:es-ES:7450: clarify
baseline 263/860 holdout:massive-v1.1:en-US:5134: conversation
baseline 264/860 holdout:massive-v1.1:en-US:1684: action
baseline 265/860 holdout:massive-v1.1:es-ES:5722: conversation
baseline 266/860 holdout:massive-v1.1:es-ES:1803: conversation
baseline 267/860 holdout:presto-v1:en-US:109e0ea69436ec0db9322bd9bb978330dde7a7883eda429260b4a62a124bfc1e: conversation
baseline 268/860 holdout:massive-v1.1:es-ES:6424: conversation
baseline 269/860 holdout:massive-v1.1:en-US:13740: conversation
baseline 270/860 holdout:massive-v1.1:es-ES:6489: conversation
baseline 271/860 holdout:massive-v1.1:en-US:7224: conversation
baseline 272/860 holdout:massive-v1.1:en-US:1666: conversation
baseline 273/860 holdout:massive-v1.1:en-US:4524: action
baseline 274/860 holdout:presto-v1:es-ES:dc2aa22c5fa2876d42e3abc83dca5bb644a2e7afd6807e44e08e7bafc0c79f84: action
baseline 275/860 holdout:massive-v1.1:es-ES:3566: conversation
baseline 276/860 holdout:presto-v1:es-ES:c8d0ed59e47df202e8952788a4d885695ef489b96e80a13415231d2420b20657: conversation
baseline 277/860 holdout:massive-v1.1:en-US:315: conversation
baseline 278/860 holdout:massive-v1.1:es-ES:4023: conversation
baseline 279/860 holdout:massive-v1.1:en-US:6650: conversation
baseline 280/860 holdout:massive-v1.1:es-ES:11643: conversation
baseline 281/860 holdout:presto-v1:es-ES:4d04eb6122840fec801995f24e60538f2d5881f1d6076867545a19363bb7ea25: conversation
baseline 282/860 holdout:presto-v1:es-ES:29a89956474e86ab95ae69df8ea54f1c235e63ffce23821352380e968537a12b: conversation
baseline 283/860 holdout:massive-v1.1:en-US:11335: action
baseline 284/860 holdout:presto-v1:es-ES:994ca0b79e5b336b1e57b221c343d2938c256bbbcb14b87abc4c1436b532c48f: conversation
baseline 285/860 holdout:presto-v1:es-ES:96c692c0354aa2c31810cabdcbeabad7e536c1100fca68b352330aa6e7546f4c: conversation
baseline 286/860 holdout:presto-v1:en-US:182303d05102e146ec154fa114402e56a5633be5e132035c9b2cd54a23593137: conversation
baseline 287/860 holdout:presto-v1:en-US:e78ca0b95d876e27d15dc9bd0d29a1823562c1a7c46807f0b37a5499a531066d: conversation
baseline 288/860 holdout:massive-v1.1:es-ES:6909: conversation
baseline 289/860 holdout:presto-v1:es-ES:672c0c778a851be92a57e09b910a5d03f29c7fd78e858f81c201395ed2e89981: conversation
baseline 290/860 holdout:massive-v1.1:es-ES:3714: action
baseline 291/860 holdout:massive-v1.1:es-ES:3886: action
baseline 292/860 holdout:massive-v1.1:en-US:3486: clarify
baseline 293/860 holdout:presto-v1:es-ES:2644d75b8faf44a3d2c5435ff9bcc69690ab77e53df4055f0a828da980194c54: conversation
baseline 294/860 holdout:massive-v1.1:en-US:4236: conversation
baseline 295/860 holdout:presto-v1:en-US:4141b4b1f0fe973229a0d2ba448cbeb96c9ebcae21d9047bcae2733849279bff: action
baseline 296/860 holdout:presto-v1:es-ES:c418cb5d7feb1075e90ebae28816f643f8c5d93e7d5fd54e3704a8d45cf71618: conversation
baseline 297/860 holdout:massive-v1.1:en-US:9942: action
baseline 298/860 holdout:massive-v1.1:en-US:6438: conversation
baseline 299/860 holdout:massive-v1.1:en-US:4217: conversation
baseline 300/860 holdout:presto-v1:es-ES:9f355fd5fdfd2801d19dfd11f1f675e541d1e64910ba002cda2b0203df8b1913: conversation
baseline 301/860 holdout:presto-v1:es-ES:ff4d48c28a996be10400978d354a7d9b57ac87b92ae4028f1199569ef1418af3: action
baseline 302/860 holdout:presto-v1:en-US:c5a51c303fb72fd54913b04a3b1051adf4ff0b6d03226c684e82c4d41aede66b: conversation
baseline 303/860 holdout:massive-v1.1:es-ES:767: conversation
baseline 304/860 holdout:massive-v1.1:en-US:14884: conversation
baseline 305/860 holdout:massive-v1.1:en-US:3408: action
baseline 306/860 holdout:massive-v1.1:en-US:7843: clarify
baseline 307/860 holdout:massive-v1.1:en-US:7844: action
baseline 308/860 holdout:massive-v1.1:en-US:14170: conversation
baseline 309/860 holdout:massive-v1.1:en-US:9923: conversation
baseline 310/860 holdout:massive-v1.1:es-ES:14000: conversation
baseline 311/860 holdout:presto-v1:en-US:4f7b7560ddce7beb0a0168f86b32bcff56a55a07a4e4a5491512b39300e1af3f: conversation
baseline 312/860 holdout:massive-v1.1:en-US:5837: conversation
baseline 313/860 holdout:massive-v1.1:en-US:9330: conversation
baseline 314/860 holdout:massive-v1.1:en-US:9116: clarify
baseline 315/860 holdout:massive-v1.1:es-ES:10365: conversation
baseline 316/860 holdout:presto-v1:en-US:c91ec5a21717da7e465a1841ac6243e76330e61311a223b59541dfba539cee9e: conversation
baseline 317/860 holdout:presto-v1:en-US:5eca6693a9a1b499bfc38bbd0f511372f2ba67041f018de693e72e2244547ad9: conversation
baseline 318/860 holdout:presto-v1:es-ES:a54364f595a7eaaec5128486cc07e96c54039395b5dd3dc9d1f2ec046ab867f6: conversation
baseline 319/860 holdout:massive-v1.1:es-ES:13607: conversation
baseline 320/860 holdout:massive-v1.1:en-US:9871: action
baseline 321/860 holdout:massive-v1.1:en-US:7908: conversation
baseline 322/860 holdout:massive-v1.1:en-US:4764: action
baseline 323/860 holdout:massive-v1.1:es-ES:9971: conversation
baseline 324/860 holdout:massive-v1.1:es-ES:9321: conversation
baseline 325/860 holdout:presto-v1:es-ES:675c7160d7f86f9021c3b7b3480c067d97df77af4a91fa77ecdb54a0758a055f: conversation
baseline 326/860 holdout:presto-v1:es-ES:59eccf3c03b9d73fd4af8b8771a0a62033320ea2d1cbd6319341c5c533f38fec: action
baseline 327/860 holdout:presto-v1:en-US:1744a8cabce3e4e9cf9302012439d0ee1ddbea7e81940b993abe7ae28af2100a: action
baseline 328/860 holdout:presto-v1:es-ES:b1ced2be04f7f2520445a1b8ec7a628b210b2235cd655ac21cffa84742723eb2: action
baseline 329/860 holdout:massive-v1.1:en-US:8774: conversation
baseline 330/860 holdout:massive-v1.1:es-ES:3162: conversation
baseline 331/860 holdout:massive-v1.1:es-ES:2035: action
baseline 332/860 holdout:massive-v1.1:es-ES:8269: action
baseline 333/860 holdout:massive-v1.1:es-ES:13222: conversation
baseline 334/860 holdout:massive-v1.1:en-US:5475: plan
baseline 335/860 holdout:massive-v1.1:en-US:6909: conversation
baseline 336/860 holdout:presto-v1:en-US:f7a1bc1709db9f07fb7fafb402d32d6e8cdedbbcc6fe2a8816128591f21bce61: conversation
baseline 337/860 holdout:presto-v1:en-US:11dff7a84ff764e5cf14ae82a4352862f394bdc9b348c783f7a803d32b6b8f85: conversation
baseline 338/860 holdout:massive-v1.1:en-US:608: conversation
baseline 339/860 holdout:presto-v1:es-ES:efd04c744089830dabc8c7759d20b9c2787619f078094b1a8d085ef2ffb40b33: action
baseline 340/860 holdout:presto-v1:es-ES:5039de513081ab7dbd9b2a9ac843b609775ad3ef3a91d42a1eaedab50018b6a2: clarify
baseline 341/860 holdout:presto-v1:es-ES:828190390f925db337305dda564097c2433cc8b4f796d6c062859bc8d59314f6: conversation
baseline 342/860 holdout:massive-v1.1:en-US:4241: action
baseline 343/860 holdout:presto-v1:es-ES:6cb05e9d389a49bd45b4c032057455b11df66b392a359a1bfe28f529c8e586e5: conversation
baseline 344/860 holdout:massive-v1.1:en-US:2035: conversation
baseline 345/860 holdout:presto-v1:en-US:758a572f9f4b80f86966cc4fe484d8a2fc21a0423dd12f9875a10d48b8fea09f: action
baseline 346/860 holdout:massive-v1.1:en-US:2098: action
baseline 347/860 holdout:presto-v1:en-US:727cdc3a69ab710f3c0acfd3fac42de224df21d78793dfd30e9f40e3609e4bd3: conversation
baseline 348/860 holdout:massive-v1.1:es-ES:9577: conversation
baseline 349/860 holdout:presto-v1:es-ES:821768ff10e58693054084297d2923034940c027a1d082d2dc5324306e71ec55: action
baseline 350/860 holdout:presto-v1:en-US:40d107b3362f5720eccec9131e68e37cde1b9f048e378821c4b82f8cdd86341d: action
baseline 351/860 holdout:presto-v1:es-ES:a951bf87b21741c235c18fac098361bcfcf2ce4f96c091c294590ab7692eed8a: conversation
baseline 352/860 holdout:massive-v1.1:en-US:7046: clarify
baseline 353/860 holdout:presto-v1:en-US:a0ad494bdc0f76e57d460e77038e30f8d547c8f4e76752aaf890435bb7cd3916: action
baseline 354/860 holdout:presto-v1:es-ES:0419d24314ef520b9e0c1cf4768719a780f9daf9d1eb2053ebe9e1fef08dd42e: conversation
baseline 355/860 holdout:presto-v1:es-ES:ce888fb2b040fbfa100075de2dfc9506822fff7d62762fd32f66dd469cf669e7: conversation
baseline 356/860 holdout:presto-v1:en-US:18caf8cd7d44865722f4e0ecde4ff3549939980cffc04bda98fab98beac5d0bb: conversation
baseline 357/860 holdout:presto-v1:es-ES:b83833f87555b32c079094b566029b8c0d5b67412de861bf9baee6ab072b701f: conversation
baseline 358/860 holdout:massive-v1.1:en-US:4968: conversation
baseline 359/860 holdout:massive-v1.1:en-US:12675: conversation
baseline 360/860 holdout:massive-v1.1:es-ES:397: conversation
baseline 361/860 holdout:massive-v1.1:en-US:3031: action
baseline 362/860 holdout:massive-v1.1:en-US:2573: action
baseline 363/860 holdout:massive-v1.1:es-ES:5296: action
baseline 364/860 holdout:massive-v1.1:es-ES:8825: action
baseline 365/860 holdout:massive-v1.1:es-ES:10177: conversation
baseline 366/860 holdout:massive-v1.1:en-US:8347: conversation
baseline 367/860 holdout:massive-v1.1:es-ES:13847: conversation
baseline 368/860 holdout:massive-v1.1:en-US:939: action
baseline 369/860 holdout:massive-v1.1:en-US:13404: conversation
baseline 370/860 holdout:massive-v1.1:en-US:7199: conversation
baseline 371/860 holdout:massive-v1.1:en-US:1061: conversation
baseline 372/860 holdout:massive-v1.1:es-ES:10031: action
baseline 373/860 holdout:presto-v1:en-US:a5c00abc894e421d17d3c6c0bc39d4bf44cea82f906f90005bd12cd8c48707db: conversation
baseline 374/860 holdout:massive-v1.1:en-US:13346: conversation
baseline 375/860 holdout:massive-v1.1:en-US:6304: conversation
baseline 376/860 holdout:massive-v1.1:es-ES:14395: conversation
baseline 377/860 holdout:massive-v1.1:en-US:11460: conversation
baseline 378/860 holdout:massive-v1.1:en-US:6643: conversation
baseline 379/860 holdout:presto-v1:es-ES:cce6da523ae32f881a0492b33c43bbc7922cb6deb75342a8e78d4831edd04295: conversation
baseline 380/860 holdout:massive-v1.1:es-ES:14622: conversation
baseline 381/860 holdout:presto-v1:en-US:efe89dbd7beae1c658331b77c5eb47004d32dbf8ad81cdb735d9b6dc5f9107d5: conversation
baseline 382/860 holdout:massive-v1.1:en-US:6077: action
baseline 383/860 holdout:presto-v1:es-ES:430d6e2fe504e0ecf62dcd32d219a8e733b63adc8394da9de8b133c55b251294: conversation
baseline 384/860 holdout:massive-v1.1:es-ES:14096: conversation
baseline 385/860 holdout:presto-v1:en-US:f4521ad6d85fad92d4124f7d051e4ff33ece60043736de90363c9a35557d5283: conversation
baseline 386/860 holdout:presto-v1:es-ES:0b36d74317507696f7c504aa0f7c1ec24b7d2b9c41292713f952321b37e2ebe8: clarify
baseline 387/860 holdout:presto-v1:es-ES:0d362a6f5021fa7e26707a6111a74378fc78f2ea670b5244dbc43a203e0d56a5: conversation
baseline 388/860 holdout:massive-v1.1:en-US:1722: conversation
baseline 389/860 holdout:massive-v1.1:en-US:9303: action
baseline 390/860 holdout:massive-v1.1:es-ES:4838: action
baseline 391/860 holdout:presto-v1:es-ES:04702dc6fbd19f6e481b14878eb6dfd9c062d3c8038ad8c7771c0410b831c18a: clarify
baseline 392/860 holdout:presto-v1:en-US:e405682a73302e81be1dbe400ae45a3723da57bf56698148c4829d217f332767: conversation
baseline 393/860 holdout:massive-v1.1:en-US:13035: conversation
baseline 394/860 holdout:massive-v1.1:es-ES:14530: conversation
baseline 395/860 holdout:presto-v1:es-ES:fc1913fd315f77b79c6ac6a948350c891eeea6dbe92ea535d6150299c5d2d416: conversation
baseline 396/860 holdout:presto-v1:es-ES:a3a1e0b18c802d8ca9c2b03cc4ffcf8ebede9ccc57eebca529e0132e11fef82e: conversation
baseline 397/860 holdout:presto-v1:en-US:7bcfa039461dc4efd4b6a84005168726dd06bb28e9f94933015af785f524c84a: plan
baseline 398/860 holdout:massive-v1.1:en-US:8206: conversation
baseline 399/860 holdout:massive-v1.1:es-ES:4355: conversation
baseline 400/860 holdout:presto-v1:es-ES:a5f1e4a0632ca21848cf38a88eac656506b9bf0a810b5f76a1a3cb907fe5292e: clarify
baseline 401/860 holdout:massive-v1.1:en-US:5525: conversation
baseline 402/860 holdout:presto-v1:es-ES:1aa13a579451dc3faa62cb979f407c0280e2ef8b8d3f2d0759d9c693fe1ce043: conversation
baseline 403/860 holdout:presto-v1:es-ES:92ebbc1f0d7f523091f188f0377c4755e9f13314d5dfd963ea6879be6759c1b9: conversation
baseline 404/860 holdout:presto-v1:es-ES:5fce41f0397a8cce778ad0a5706af3cd10f793ee694c22584c1a1793fa5fe113: conversation
baseline 405/860 holdout:massive-v1.1:es-ES:6616: conversation
baseline 406/860 holdout:presto-v1:es-ES:94cd94bcdbe682ccecf846c718d738270b182df1e707b5810b338ee142b995b3: conversation
baseline 407/860 holdout:presto-v1:en-US:589418bca42e68ff2a470d974e1add774c46ff232b595e653b89d95035ef16c6: conversation
baseline 408/860 holdout:massive-v1.1:en-US:7185: conversation
baseline 409/860 holdout:massive-v1.1:en-US:14414: conversation
baseline 410/860 holdout:massive-v1.1:en-US:9216: action
baseline 411/860 holdout:massive-v1.1:es-ES:6946: conversation
baseline 412/860 holdout:presto-v1:en-US:b2d9d76a83af39d9e89a1057635751fd9992435d58d942f79cae9bcd4b4afda5: conversation
baseline 413/860 holdout:presto-v1:es-ES:bfb9077ac7d61da66e994348c834423b20ed19fa58b2b3dc4226982dfc2ba97f: conversation
baseline 414/860 holdout:massive-v1.1:en-US:6897: action
baseline 415/860 holdout:presto-v1:es-ES:32617307068ed70084079ed1fd26d927b1e783b2cc98282b51da00574b718bd7: action
baseline 416/860 holdout:presto-v1:es-ES:7117928c16e0db23ecc24751afb37b01ad94fd34aaf5da2b90414404962c1dc1: action
baseline 417/860 holdout:massive-v1.1:en-US:4953: action
baseline 418/860 holdout:massive-v1.1:en-US:10302: conversation
baseline 419/860 holdout:massive-v1.1:en-US:1549: action
baseline 420/860 holdout:massive-v1.1:en-US:12835: conversation
baseline 421/860 holdout:massive-v1.1:es-ES:13630: conversation
baseline 422/860 holdout:massive-v1.1:en-US:712: action
baseline 423/860 holdout:presto-v1:es-ES:afad7bc3250b3b041c2417c153720c9152dd8ede56ae2166bc405f6c518a1c27: conversation
baseline 424/860 holdout:massive-v1.1:en-US:1144: action
baseline 425/860 holdout:massive-v1.1:en-US:4917: action
baseline 426/860 holdout:presto-v1:en-US:09f6fe6abf092edd58d882dc1efde233036c9b777f53bcd594a36898afc46f3f: conversation
baseline 427/860 holdout:massive-v1.1:en-US:2167: clarify
baseline 428/860 holdout:massive-v1.1:en-US:3671: conversation
baseline 429/860 holdout:massive-v1.1:en-US:11607: conversation
baseline 430/860 holdout:massive-v1.1:es-ES:14995: conversation
baseline 431/860 holdout:massive-v1.1:en-US:5996: conversation
baseline 432/860 holdout:presto-v1:es-ES:e5b2327849d810ffa2477331e53af8da7288cf0ed1f4eea6ea431416a0924df1: conversation
baseline 433/860 holdout:massive-v1.1:en-US:14115: conversation
baseline 434/860 holdout:massive-v1.1:es-ES:14904: action
baseline 435/860 holdout:presto-v1:es-ES:dfa22aa052cf20160a08ac5d41de33555a1b316f6ef37a07fb3d66db2a08c781: conversation
baseline 436/860 holdout:presto-v1:en-US:dd39a184a5dfa184d5fa02c67c7a3061c233176acfb80255f59d51f2796ce8bf: conversation
baseline 437/860 holdout:presto-v1:en-US:1276616b6bcda3e3536aa57c17fb61355195a1a8c6a51c95c8aeae99c8c47883: action
baseline 438/860 holdout:massive-v1.1:es-ES:6083: clarify
baseline 439/860 holdout:presto-v1:es-ES:d675cf5c8d46f45bf42885d5cc2848e608e054460690a2268d8ab5bfb5312ec0: conversation
baseline 440/860 holdout:presto-v1:en-US:738ae005192db1ea20eb11e2ee4169d812199376c6e5b1ed08a2209916cb629c: conversation
baseline 441/860 holdout:presto-v1:en-US:b8c57ddbb3c48debcecfae960ffab108aa58981eec90a38a1689017f948b9601: conversation
baseline 442/860 holdout:massive-v1.1:en-US:11685: conversation
baseline 443/860 holdout:massive-v1.1:es-ES:5678: conversation
baseline 444/860 holdout:massive-v1.1:es-ES:1300: clarify
baseline 445/860 holdout:massive-v1.1:es-ES:317: conversation
baseline 446/860 holdout:massive-v1.1:en-US:6045: conversation
baseline 447/860 holdout:massive-v1.1:en-US:13888: conversation
baseline 448/860 holdout:massive-v1.1:es-ES:13486: conversation
baseline 449/860 holdout:massive-v1.1:es-ES:13078: conversation
baseline 450/860 holdout:massive-v1.1:en-US:6617: conversation
baseline 451/860 holdout:presto-v1:en-US:22d2b8ebd0fdbf688b13dd23ddc0a334d0ed452dba293e08d73bc32db486365b: action
baseline 452/860 holdout:massive-v1.1:es-ES:11767: conversation
baseline 453/860 holdout:presto-v1:es-ES:cab46a6d1f9d9ef2b221b33aeae95af6acb507f5d01ebccbdf003e52314a94a0: conversation
baseline 454/860 holdout:presto-v1:es-ES:e7a4d38be3e9adc0f6b059fbb30261cf1e7b472ad2a81d1e44210ccef9a661a7: plan
baseline 455/860 holdout:massive-v1.1:es-ES:6431: conversation
baseline 456/860 holdout:massive-v1.1:en-US:7693: action
baseline 457/860 holdout:massive-v1.1:es-ES:11539: conversation
baseline 458/860 holdout:massive-v1.1:en-US:6325: conversation
baseline 459/860 holdout:presto-v1:es-ES:dd409f26de9eb52fce931f3bcd415694a310c3ae490ebbd0aa3eff00e901dabf: conversation
baseline 460/860 holdout:massive-v1.1:es-ES:3590: conversation
baseline 461/860 holdout:presto-v1:es-ES:740d2a1eca4343c748021b140a8ffd8b949288ba067724b9bedc5460ffa0486d: conversation
baseline 462/860 holdout:massive-v1.1:es-ES:15056: conversation
baseline 463/860 holdout:massive-v1.1:en-US:6376: conversation
baseline 464/860 holdout:presto-v1:es-ES:a6936db2bdd759f82ea6e1374beec76acc9687bb900535e7233977992829bf2d: conversation
baseline 465/860 holdout:massive-v1.1:en-US:4881: action
baseline 466/860 holdout:massive-v1.1:en-US:13175: conversation
baseline 467/860 holdout:massive-v1.1:en-US:7196: conversation
baseline 468/860 holdout:massive-v1.1:en-US:6426: conversation
baseline 469/860 holdout:presto-v1:en-US:2b8cdafd3f15fd099b03dec0e7c2f5b5017828f72af22009013a5337b71c45fc: conversation
baseline 470/860 holdout:massive-v1.1:es-ES:3413: conversation
baseline 471/860 holdout:massive-v1.1:es-ES:3305: conversation
baseline 472/860 holdout:massive-v1.1:es-ES:9138: conversation
baseline 473/860 holdout:presto-v1:es-ES:b1670f382d57bb860270c7014541bde49faeb712d4d2d5d718295c6e03cdf1c6: conversation
baseline 474/860 holdout:presto-v1:es-ES:3826ca259f77c2298e817bfb68ba6c7ccb34fd655b24ab799a54c45324d3a548: conversation
baseline 475/860 holdout:massive-v1.1:en-US:14545: conversation
baseline 476/860 holdout:massive-v1.1:es-ES:8261: conversation
baseline 477/860 holdout:massive-v1.1:es-ES:13853: conversation
baseline 478/860 holdout:massive-v1.1:en-US:969: action
baseline 479/860 holdout:massive-v1.1:es-ES:10403: conversation
baseline 480/860 holdout:presto-v1:es-ES:90c0c553a004c3c25d18c64f582197844db343b02c40e6f60c24a4eb0f08bf83: conversation
baseline 481/860 holdout:presto-v1:es-ES:46f94d7b4dad5238f8c7af4b33f576a6a22d1765ba1e5d3bbcc24af7368ed5a5: conversation
baseline 482/860 holdout:massive-v1.1:es-ES:7463: conversation
baseline 483/860 holdout:massive-v1.1:en-US:11825: conversation
baseline 484/860 holdout:presto-v1:es-ES:18168537700fb718290251499c4a61e416b1399bcfe6dab43fb3bab12939c746: conversation
baseline 485/860 holdout:presto-v1:es-ES:c4aa21c4bb13b7caae2be46a9c85743d3d0d754023f734d6acc2086be1344b25: conversation
baseline 486/860 holdout:massive-v1.1:es-ES:12294: conversation
baseline 487/860 holdout:presto-v1:es-ES:060be6736534dab907e8fae1a99e921d43ce97f22f82958df41863a390e7b303: conversation
baseline 488/860 holdout:presto-v1:en-US:c1d03b02619ab111c9ff9f2a5ff491c9e83cc9e06858b0862611c2564a7ef49a: conversation
baseline 489/860 holdout:presto-v1:es-ES:20ea39f7580bad012e0e454d737f17575e82321519de45375d3469c8ef7b21e6: conversation
baseline 490/860 holdout:massive-v1.1:en-US:10061: conversation
baseline 491/860 holdout:presto-v1:es-ES:e09b33cdebdb1578042e0abc4427a923e2ac14ba572b397e08d5f24d6ceeff0d: conversation
baseline 492/860 holdout:presto-v1:en-US:7c165d3e7985c0f606f5e79a81fc8d7376912e80c47965c18860b3d9f4253835: action
baseline 493/860 holdout:massive-v1.1:es-ES:9137: conversation
baseline 494/860 holdout:massive-v1.1:en-US:11770: conversation
baseline 495/860 holdout:presto-v1:es-ES:fa3abd48696b39366707dd114b359bbc50cc804bb37e5ac21c5862a1ced0b84b: action
baseline 496/860 holdout:massive-v1.1:en-US:2908: conversation
baseline 497/860 holdout:massive-v1.1:en-US:11841: clarify
baseline 498/860 holdout:presto-v1:es-ES:9bfc231edb600a9f996cde1cb74dfaa6fd0cc7f75c457d42e167a98a060ac977: conversation
baseline 499/860 holdout:presto-v1:es-ES:466ec15c0e511810c51e1a64d92bb2b9f04ac30416f358e6ba39ae0998af5a86: conversation
baseline 500/860 holdout:massive-v1.1:es-ES:5401: conversation
baseline 501/860 holdout:massive-v1.1:es-ES:9726: conversation
baseline 502/860 holdout:massive-v1.1:en-US:13197: conversation
baseline 503/860 holdout:massive-v1.1:en-US:12354: conversation
baseline 504/860 holdout:massive-v1.1:es-ES:1533: conversation
baseline 505/860 holdout:presto-v1:en-US:a12ffe88dd5ca3b778f1ccfdd613c9426557e902b8e1ba2a862b1029a23e2c41: conversation
baseline 506/860 holdout:massive-v1.1:es-ES:14742: conversation
baseline 507/860 holdout:presto-v1:es-ES:ff539bb8195354043d121d3e6a32499ddb7419434560bf6704ce122492f76ee1: conversation
baseline 508/860 holdout:massive-v1.1:es-ES:7004: action
baseline 509/860 holdout:presto-v1:en-US:55fd145df0ef81a0be93747b25a9c1a3a42bc8aef1bbf9c3211c68f98dbe3e5d: plan
baseline 510/860 holdout:massive-v1.1:es-ES:14239: conversation
baseline 511/860 holdout:massive-v1.1:es-ES:9175: action
baseline 512/860 holdout:presto-v1:es-ES:d0bf23955a03a97ef26211d6bf7a1c5cdcbf591a7c939df51486c8915f947410: conversation
baseline 513/860 holdout:massive-v1.1:es-ES:6325: conversation
baseline 514/860 holdout:massive-v1.1:en-US:4040: action
baseline 515/860 holdout:massive-v1.1:es-ES:9591: action
baseline 516/860 holdout:massive-v1.1:es-ES:12582: conversation
baseline 517/860 holdout:massive-v1.1:es-ES:6615: conversation
baseline 518/860 holdout:massive-v1.1:es-ES:3695: clarify
baseline 519/860 holdout:presto-v1:es-ES:b96f46e20b822bd95e669d622a89bf2bd78b3d76d45b1c799415471f87f9eb35: action
baseline 520/860 holdout:presto-v1:en-US:017ad3dec7925e149ec0ffc369ba8bfec9417c4b7fec00fde69b15e81e208bd1: action
baseline 521/860 holdout:massive-v1.1:es-ES:333: conversation
baseline 522/860 holdout:massive-v1.1:es-ES:11665: action
baseline 523/860 holdout:massive-v1.1:en-US:5600: conversation
baseline 524/860 holdout:massive-v1.1:en-US:6181: conversation
baseline 525/860 holdout:massive-v1.1:en-US:6850: conversation
baseline 526/860 holdout:massive-v1.1:es-ES:1982: action
baseline 527/860 holdout:presto-v1:es-ES:29034c466be3199bc17977ee4d741244c7571e0236552d50d0e78432f022c6bd: conversation
baseline 528/860 holdout:massive-v1.1:en-US:6578: conversation
baseline 529/860 holdout:massive-v1.1:en-US:2801: conversation
baseline 530/860 holdout:presto-v1:es-ES:147698595de7b302f9a0279bc555d546e79904fd494f06885611077395f3e1b6: action
baseline 531/860 holdout:presto-v1:en-US:0bd2af2c25f990834c9b028c6a1fec7dd69384673bf3e87f344f95f0dfcb4ad7: conversation
baseline 532/860 holdout:presto-v1:en-US:f73ebc23eeb84825f52e03265a8b5faa85b53d5a6c3843886e25cd39c68dc63f: conversation
baseline 533/860 holdout:massive-v1.1:en-US:12419: conversation
baseline 534/860 holdout:massive-v1.1:es-ES:2615: clarify
baseline 535/860 holdout:presto-v1:es-ES:1350afa7e376fe5159f90d97bf95bba6440b69ee01337d12edd218bfb1fdbbd3: conversation
baseline 536/860 holdout:massive-v1.1:en-US:407: action
baseline 537/860 holdout:massive-v1.1:en-US:2796: conversation
baseline 538/860 holdout:massive-v1.1:en-US:8520: clarify
baseline 539/860 holdout:massive-v1.1:es-ES:1683: conversation
baseline 540/860 holdout:massive-v1.1:en-US:6615: conversation
baseline 541/860 holdout:massive-v1.1:en-US:11844: action
baseline 542/860 holdout:presto-v1:es-ES:9bf1bd8005ece14a42363494dd5298e19a38784244fd2764dda566a5e3ce1bf5: action
baseline 543/860 holdout:massive-v1.1:es-ES:3686: conversation
baseline 544/860 holdout:presto-v1:es-ES:d5c2967a9ba876168647eca4aeee388c5722e11121c3d3407b981d2496e3f9ff: conversation
baseline 545/860 holdout:massive-v1.1:es-ES:2207: conversation
baseline 546/860 holdout:massive-v1.1:en-US:4187: conversation
baseline 547/860 holdout:massive-v1.1:en-US:10346: conversation
baseline 548/860 holdout:presto-v1:es-ES:9fe45ec909d1dd4cfe2c5c663461154f4cef9c9f5b49acd834b2451a58fb6a2d: conversation
baseline 549/860 holdout:massive-v1.1:es-ES:12957: conversation
baseline 550/860 holdout:presto-v1:es-ES:8f9b63526def42520cb8a42a3283631992368b0d480066a5ddf552ddc5bdf562: conversation
baseline 551/860 holdout:presto-v1:en-US:da9c049a6cb02a26d9a1472d26fd6773b5d2237ed686b5725c60fa157336789b: conversation
baseline 552/860 holdout:massive-v1.1:en-US:3779: action
baseline 553/860 holdout:massive-v1.1:es-ES:5557: action
baseline 554/860 holdout:presto-v1:en-US:fbc3481a594ef214e2d6ff9c2ee820bd5bd3ec9859ef029b73fca37f449f85c5: conversation
baseline 555/860 holdout:massive-v1.1:es-ES:7565: conversation
baseline 556/860 holdout:massive-v1.1:en-US:11782: conversation
baseline 557/860 holdout:massive-v1.1:es-ES:6023: conversation
baseline 558/860 holdout:massive-v1.1:en-US:9924: conversation
baseline 559/860 holdout:presto-v1:es-ES:20c904b3dbbfaef217824956f619d781bb90a87d53973cca1e3b00c4623a2fcc: conversation
baseline 560/860 holdout:presto-v1:es-ES:0a2a1025990081df1b69f00882a920883e4a70d1e2d2a66939fc3d414c3d74be: clarify
baseline 561/860 holdout:massive-v1.1:es-ES:10366: conversation
baseline 562/860 holdout:massive-v1.1:en-US:8426: conversation
baseline 563/860 holdout:presto-v1:en-US:558cdc803361a56d9d23765663c004b4594a76448638ed53aea82066ee71ffe6: conversation
baseline 564/860 holdout:massive-v1.1:es-ES:11841: conversation
baseline 565/860 holdout:presto-v1:en-US:bf337399df07abb773337082da02d9afa0d7430bc5954533bcf7210a32b09415: conversation
baseline 566/860 holdout:massive-v1.1:en-US:12736: conversation
baseline 567/860 holdout:presto-v1:es-ES:fae5906c0dad9eb02f0cff5669548bc99432dc3abf2bf80937f581ca38e13be5: conversation
baseline 568/860 holdout:presto-v1:en-US:86ceb545dac8c34c11c231692c0d5f697f6e0c91a5c34acbb793ca44df0c91f5: action
baseline 569/860 holdout:massive-v1.1:es-ES:5997: conversation
baseline 570/860 holdout:massive-v1.1:es-ES:13223: conversation
baseline 571/860 holdout:massive-v1.1:en-US:10335: conversation
baseline 572/860 holdout:massive-v1.1:en-US:9617: action
baseline 573/860 holdout:massive-v1.1:en-US:3117: action
baseline 574/860 holdout:massive-v1.1:es-ES:14465: action
baseline 575/860 holdout:massive-v1.1:es-ES:585: conversation
baseline 576/860 holdout:massive-v1.1:en-US:7613: clarify
baseline 577/860 holdout:massive-v1.1:en-US:5427: conversation
baseline 578/860 holdout:presto-v1:es-ES:b5fc003a6709c0a443fca0d8c20218c4a5420bf8cf21ee42d0aba9103a563b4e: conversation
baseline 579/860 holdout:presto-v1:es-ES:b8d461b01e57b161966632cfb3a7c8cab1d58730774b32db86e6aa5dd17097de: conversation
baseline 580/860 holdout:massive-v1.1:en-US:6352: conversation
baseline 581/860 holdout:massive-v1.1:en-US:11733: conversation
baseline 582/860 holdout:massive-v1.1:es-ES:10220: conversation
baseline 583/860 holdout:presto-v1:es-ES:8c6cb9f2eaf1058f0d9c1f3f36ac16e20c76d4d48061b49c034e8c0437ebaa7a: action
baseline 584/860 holdout:presto-v1:es-ES:4b0e394812b6710877556757cbaee84bf69d8a24f3700d787209f74324c4d249: conversation
baseline 585/860 holdout:presto-v1:es-ES:daf990b56cf51feaabbf0cea0bd54eb4ad4aad25d631e9e75733e7493b14b2ed: action
baseline 586/860 holdout:massive-v1.1:es-ES:10097: conversation
baseline 587/860 holdout:massive-v1.1:es-ES:5365: action
baseline 588/860 holdout:massive-v1.1:en-US:4491: conversation
baseline 589/860 holdout:massive-v1.1:en-US:430: action
baseline 590/860 holdout:massive-v1.1:en-US:738: action
baseline 591/860 holdout:presto-v1:es-ES:97990a663deeb9167abd76727fe0b980fcac6ea5db6439328fa801bb4967126c: conversation
baseline 592/860 holdout:massive-v1.1:en-US:411: conversation
baseline 593/860 holdout:presto-v1:en-US:d905dd1ba306f28c578a616a39c266e286a3caa551ed309c73a06c96cd05ef8c: action
baseline 594/860 holdout:massive-v1.1:en-US:6166: conversation
baseline 595/860 holdout:massive-v1.1:en-US:7918: clarify
baseline 596/860 holdout:massive-v1.1:en-US:8260: conversation
baseline 597/860 holdout:presto-v1:es-ES:9e0c9549b944ca345339f89135c9c323e33d941059acbaea61490211d6b43bf0: conversation
baseline 598/860 holdout:massive-v1.1:es-ES:5297: conversation
baseline 599/860 holdout:presto-v1:es-ES:01793349a00b7dc265702fd42e94c21755e5eeadf14cc9416510ef3e459b5b0d: conversation
baseline 600/860 holdout:massive-v1.1:en-US:4692: action
baseline 601/860 holdout:massive-v1.1:es-ES:12245: conversation
baseline 602/860 holdout:massive-v1.1:en-US:11612: conversation
baseline 603/860 holdout:massive-v1.1:en-US:7774: clarify
baseline 604/860 holdout:massive-v1.1:en-US:3761: action
baseline 605/860 holdout:presto-v1:es-ES:f83afd21ad6c54ce1b3ec931f1e889cf67a8852e616fd6dfa9e60ca4312a44f3: conversation
baseline 606/860 holdout:presto-v1:en-US:c6011958ca483537f1dfec92b7206cee4df7b3c62e0f06cb26113b9699b57f58: conversation
baseline 607/860 holdout:massive-v1.1:es-ES:14457: conversation
baseline 608/860 holdout:presto-v1:es-ES:0c3500bc3c995fb574d8bc0a9c9d4fc171507b521ccbfb2b3f908ed8fc2e7975: conversation
baseline 609/860 holdout:massive-v1.1:en-US:2560: clarify
baseline 610/860 holdout:massive-v1.1:es-ES:1256: conversation
baseline 611/860 holdout:massive-v1.1:en-US:14553: conversation
baseline 612/860 holdout:presto-v1:es-ES:1dc5565b325ea88ef3ebde0f0a9b13f52fb11494bf81616cf51e7a3653d4774a: action
baseline 613/860 holdout:massive-v1.1:es-ES:4587: conversation
baseline 614/860 holdout:massive-v1.1:en-US:967: action
baseline 615/860 holdout:massive-v1.1:es-ES:5134: conversation
baseline 616/860 holdout:massive-v1.1:es-ES:11353: conversation
baseline 617/860 holdout:presto-v1:es-ES:676864d16124a7c8a39b906ebfd53fcf11dd40fc34f5839883c400bea8b5caef: action
baseline 618/860 holdout:presto-v1:en-US:5267923267922ac5fd3b2c4eaeeb72df4cadb019c34e2c6616bcbf32e12653d3: conversation
baseline 619/860 holdout:presto-v1:en-US:6e740b5e5873653129c07152afb5fd3e714c4dbe1fc5b48dd9058d2843397b39: conversation
baseline 620/860 holdout:massive-v1.1:es-ES:13177: conversation
baseline 621/860 holdout:massive-v1.1:en-US:7013: conversation
baseline 622/860 holdout:massive-v1.1:en-US:5082: action
baseline 623/860 holdout:presto-v1:en-US:e97f0505b2a9bbf83d53e55da2b25a9728185130889a980ac73863af23ce1a72: conversation
baseline 624/860 holdout:massive-v1.1:es-ES:5037: conversation
baseline 625/860 holdout:presto-v1:es-ES:80530d5c0044b334680fea4ff2b31ef0d0411040f26fe6bedb2f526c9361ba13: conversation
baseline 626/860 holdout:massive-v1.1:en-US:11279: conversation
baseline 627/860 holdout:massive-v1.1:en-US:3907: action
baseline 628/860 holdout:massive-v1.1:en-US:1962: conversation
baseline 629/860 holdout:presto-v1:es-ES:8805215e37f2e3be149bb4757531efe378e1e43503a4c4df222505182d101bbd: action
baseline 630/860 holdout:massive-v1.1:en-US:14653: conversation
baseline 631/860 holdout:massive-v1.1:en-US:2432: conversation
baseline 632/860 holdout:massive-v1.1:en-US:14316: conversation
baseline 633/860 holdout:presto-v1:es-ES:7dce8ec3c3c9c4354cdababc9844d8f99a3466b7c33d3a4e5488f69c7c1c7879: conversation
baseline 634/860 holdout:presto-v1:es-ES:66122e972039f130db38e4394e484e5a5d668bcfd42aa8eb583e6955b46dc81b: conversation
baseline 635/860 holdout:massive-v1.1:es-ES:8880: action
baseline 636/860 holdout:presto-v1:en-US:ed83479514ff5081fabe611f6c48f2098fdf29bf61eb9c4e6ac4391e30f2e469: conversation
baseline 637/860 holdout:presto-v1:en-US:96f23d73ccbbd977a04f4ef5732006ecae3ceb267949fe58a62c731125644ef3: conversation
baseline 638/860 holdout:presto-v1:en-US:2eff7fc86c1f4365179f11ca121b14e14fc2e7e3813b74699a61a6ccb4d85c1a: conversation
baseline 639/860 holdout:massive-v1.1:en-US:9114: action
baseline 640/860 holdout:massive-v1.1:es-ES:4058: conversation
baseline 641/860 holdout:presto-v1:es-ES:ad5c13abe77da6361d371450fbc73624deb23db5aa7db607df1be6a3f6691a51: conversation
baseline 642/860 holdout:presto-v1:en-US:35b66d99feac0b467dadba8984a24c3c01cb93f05080ad0bb506aa58ad31d7cb: action
baseline 643/860 holdout:massive-v1.1:en-US:6072: conversation
baseline 644/860 holdout:massive-v1.1:en-US:11265: action
baseline 645/860 holdout:massive-v1.1:en-US:10497: conversation
baseline 646/860 holdout:massive-v1.1:es-ES:6446: conversation
baseline 647/860 holdout:massive-v1.1:en-US:441: conversation
baseline 648/860 holdout:massive-v1.1:es-ES:1547: conversation
baseline 649/860 holdout:presto-v1:en-US:8a7f8de0559c9f9ea8f21fbd0ac2c89361a9d051e5731328e75dbcf30e0ca240: conversation
baseline 650/860 holdout:massive-v1.1:es-ES:6304: conversation
baseline 651/860 holdout:massive-v1.1:es-ES:14820: clarify
baseline 652/860 holdout:massive-v1.1:es-ES:9124: action
baseline 653/860 holdout:massive-v1.1:es-ES:10048: conversation
baseline 654/860 holdout:massive-v1.1:en-US:4776: conversation
baseline 655/860 holdout:presto-v1:en-US:09487e03365b68df9966078acf9e32d8c6136fb7c0f2fcb111a3494e49eb824f: clarify
baseline 656/860 holdout:massive-v1.1:es-ES:11341: conversation
baseline 657/860 holdout:massive-v1.1:es-ES:7908: conversation
baseline 658/860 holdout:massive-v1.1:es-ES:6294: conversation
baseline 659/860 holdout:presto-v1:en-US:7a448129cdc9b14bf5639846834cdbeaba4342d98e6fe8bdbf3b2dccd5e2b345: conversation
baseline 660/860 holdout:presto-v1:es-ES:2b9afc7781594ba53c0a5a0dc5303a0d3fc1fadf40260e6e7e757edc0ce5d0ae: conversation
baseline 661/860 holdout:presto-v1:es-ES:2872b709e76934c9e65dcecbe37db258c8f1221256cb9e4af170821a59603e6d: conversation
baseline 662/860 holdout:massive-v1.1:es-ES:6621: conversation
baseline 663/860 holdout:presto-v1:es-ES:c2b11445e73fdfae124c06979ec5ff03413568849c0ebd716c42c6167a60fa2c: conversation
baseline 664/860 holdout:massive-v1.1:es-ES:3020: conversation
baseline 665/860 holdout:presto-v1:en-US:09248c2eaa3ca03b50ce6a39fdf3f5b5ec561ddca8d870cf7d685643e80d3ded: conversation
baseline 666/860 holdout:presto-v1:en-US:0d6625611cef1a2b8e574d30242fc72db2f8b0dce1218282899a46cfd48b5534: conversation
baseline 667/860 holdout:massive-v1.1:en-US:8056: conversation
baseline 668/860 holdout:presto-v1:en-US:fd0241953aca0afa33f26511ff5ff21bebdc5caf72df9c36f5ed15c334cf6f70: conversation
baseline 669/860 holdout:massive-v1.1:en-US:5683: action
baseline 670/860 holdout:presto-v1:es-ES:201809f8c9fbb815245b2256198eca912d3dd25a940f26db0905f315b933f575: action
baseline 671/860 holdout:presto-v1:en-US:549aa330776f8df5a6d479126a91b47486f096d2ab9a54fd21cb1ef59bda9be3: action
baseline 672/860 holdout:presto-v1:es-ES:c8e037983719c634286bafa188e4541eef67f5403e1c17b79d795fd87495cd2d: conversation
baseline 673/860 holdout:massive-v1.1:es-ES:790: action
baseline 674/860 holdout:presto-v1:es-ES:a1a2e33fc5a14f193871b3d8db6149e1a4000c52ded11d59b115308bc017f359: conversation
baseline 675/860 holdout:massive-v1.1:es-ES:13464: conversation
baseline 676/860 holdout:presto-v1:es-ES:de05442a249d755c276c593080c7aa833284b8e39dc4395f1aa0eaa621439225: conversation
baseline 677/860 holdout:presto-v1:en-US:42fb88a67dbd78496d37e6613f620265e8b8ecba3eb3c6c5da6ea95bdeb60c27: action
baseline 678/860 holdout:massive-v1.1:en-US:168: conversation
baseline 679/860 holdout:presto-v1:en-US:9f6d1a3765fe13ca2d03548130ffde219685548a1d13c82becfa5d86d8917e48: plan
baseline 680/860 holdout:massive-v1.1:es-ES:10197: conversation
baseline 681/860 holdout:presto-v1:es-ES:2f50bf15d75e249faa700a968c15fc890c9215fcbe8cba862d7f8c05c1a63e88: conversation
baseline 682/860 holdout:presto-v1:en-US:82598817bbb760750b13f7e3e96981afe08c8e4b274e55dcb242f355c9f14525: clarify
baseline 683/860 holdout:presto-v1:es-ES:7ef38407827d57d0055f02a1cb680ba324c44e1a450f4b8db90dda075e95467e: conversation
baseline 684/860 holdout:massive-v1.1:es-ES:6220: conversation
baseline 685/860 holdout:massive-v1.1:en-US:12437: conversation
baseline 686/860 holdout:massive-v1.1:en-US:4890: action
baseline 687/860 holdout:massive-v1.1:es-ES:5341: conversation
baseline 688/860 holdout:massive-v1.1:en-US:6371: conversation
baseline 689/860 holdout:massive-v1.1:en-US:14673: conversation
baseline 690/860 holdout:massive-v1.1:en-US:8320: conversation
baseline 691/860 holdout:presto-v1:es-ES:aa4501c6396fe5e8fb1f5c04340e4c6514ebe2976f6327a208bedd195567d5db: conversation
baseline 692/860 holdout:massive-v1.1:es-ES:7061: action
baseline 693/860 holdout:presto-v1:es-ES:0259a5d0c534d692a1f888abd4a891c3f4c43105e10d112d0c93541f2e262fc9: conversation
baseline 694/860 holdout:presto-v1:es-ES:f6f953373936e9553f1a88eed2d5b90cffe35709e0bd96f401e49f7bc6ad497e: conversation
baseline 695/860 holdout:massive-v1.1:es-ES:862: action
baseline 696/860 holdout:presto-v1:es-ES:c02909a67753d543ff5099d5d6613f8d03b9ecfb6ae678449afa64aed3016592: conversation
baseline 697/860 holdout:massive-v1.1:en-US:2156: conversation
baseline 698/860 holdout:massive-v1.1:es-ES:782: action
baseline 699/860 holdout:massive-v1.1:en-US:1579: conversation
baseline 700/860 holdout:massive-v1.1:en-US:13688: conversation
baseline 701/860 holdout:presto-v1:en-US:4684b3ba78022513e453864dc1f6109b5865854e4557a9f7dd22332313185670: conversation
baseline 702/860 holdout:massive-v1.1:en-US:3516: conversation
baseline 703/860 holdout:massive-v1.1:en-US:2957: action
baseline 704/860 holdout:presto-v1:en-US:7f6ecbc63bea589ce168dc06ebc03d079c6e444af248b4fd83286c020a1b9dce: conversation
baseline 705/860 holdout:massive-v1.1:en-US:1870: conversation
baseline 706/860 holdout:massive-v1.1:en-US:11959: conversation
baseline 707/860 holdout:massive-v1.1:en-US:9827: conversation
baseline 708/860 holdout:massive-v1.1:es-ES:11644: clarify
baseline 709/860 holdout:massive-v1.1:es-ES:7292: conversation
baseline 710/860 holdout:massive-v1.1:en-US:4136: action
baseline 711/860 holdout:massive-v1.1:en-US:13067: conversation
baseline 712/860 holdout:massive-v1.1:en-US:9601: action
baseline 713/860 holdout:presto-v1:es-ES:49c50cd9de8d5c743b8391e289a8f419f33218d9be2b80f0b7e5d07c989eed27: action
baseline 714/860 holdout:massive-v1.1:es-ES:6746: clarify
baseline 715/860 holdout:presto-v1:es-ES:b08025fdd8d16c04b7c8750f2694368d7ef5d97452944d324f40b1d7c73ce28d: conversation
baseline 716/860 holdout:presto-v1:en-US:e0be30943333119135d34c769b673747509a0ddce588026024dd1c3669df2156: plan
baseline 717/860 holdout:massive-v1.1:en-US:11953: conversation
baseline 718/860 holdout:presto-v1:en-US:225d7b24b921f3e36a7ab3912301100a31c0585d5da49058991d93ebdcabc910: clarify
baseline 719/860 holdout:massive-v1.1:en-US:6305: conversation
baseline 720/860 holdout:presto-v1:es-ES:109ad54b964f3457151d50995ef183353d22506443e5d8328038a360869dfb8d: clarify
baseline 721/860 holdout:massive-v1.1:en-US:11773: action
baseline 722/860 holdout:massive-v1.1:en-US:4266: conversation
baseline 723/860 holdout:massive-v1.1:es-ES:6129: conversation
baseline 724/860 holdout:massive-v1.1:en-US:5820: conversation
baseline 725/860 holdout:massive-v1.1:en-US:15020: conversation
baseline 726/860 holdout:presto-v1:es-ES:e3b5d8a0a27006a41c36ed010d8b06a11d49372c47ecf034f70b019c6ec00f29: conversation
baseline 727/860 holdout:massive-v1.1:es-ES:9341: conversation
baseline 728/860 holdout:massive-v1.1:es-ES:6485: conversation
baseline 729/860 holdout:massive-v1.1:en-US:14015: conversation
baseline 730/860 holdout:massive-v1.1:es-ES:412: conversation
baseline 731/860 holdout:massive-v1.1:es-ES:3829: action
baseline 732/860 holdout:massive-v1.1:en-US:6946: action
baseline 733/860 holdout:presto-v1:es-ES:8147c03fa1299b29e3d55c4ef45d72c556a4ca393f3d3126572db7cb425d8648: conversation
baseline 734/860 holdout:massive-v1.1:en-US:14223: conversation
baseline 735/860 holdout:massive-v1.1:en-US:1063: clarify
baseline 736/860 holdout:massive-v1.1:es-ES:3433: conversation
baseline 737/860 holdout:massive-v1.1:en-US:6517: conversation
baseline 738/860 holdout:massive-v1.1:en-US:625: action
baseline 739/860 holdout:massive-v1.1:en-US:7397: conversation
baseline 740/860 holdout:presto-v1:es-ES:cd760f02b68baaf22a4852a9ca3d35e35ff51b4b33f9efcc811d7d5a9221a764: conversation
baseline 741/860 holdout:massive-v1.1:es-ES:8035: action
baseline 742/860 holdout:massive-v1.1:en-US:612: conversation
baseline 743/860 holdout:presto-v1:es-ES:381c8bed72f1f8f1a8e8a93fb6a8ab880079e01c962d56d40cc5f9ebb4c12788: conversation
baseline 744/860 holdout:massive-v1.1:es-ES:4132: conversation
baseline 745/860 holdout:massive-v1.1:es-ES:9767: action
baseline 746/860 holdout:massive-v1.1:en-US:4017: conversation
baseline 747/860 holdout:massive-v1.1:es-ES:9565: action
baseline 748/860 holdout:presto-v1:es-ES:ee6326874b626ff3d21344fffa772ae5981aabee9db9f2dbcfe478a516059263: action
baseline 749/860 holdout:presto-v1:en-US:ab3ff17dacbe17d7855db2f1d5e03ced522c9f8d021e29058de27d49ba04e9b1: action
baseline 750/860 holdout:massive-v1.1:en-US:11664: conversation
baseline 751/860 holdout:presto-v1:es-ES:96e104c983195c3ee64fff75d5c89a4ff59b022fb200dc52fcd5c7ccb2b73b06: action
baseline 752/860 holdout:presto-v1:es-ES:aafb1649533e73967e3b6db5c92b93a56958bde9250ecad663c89ef8837bbc97: conversation
baseline 753/860 holdout:massive-v1.1:es-ES:6024: conversation
baseline 754/860 holdout:presto-v1:es-ES:4529c01c1b9031b0aeaaf4b6a27085711f8c1cf975418ba5c127b8638085516c: conversation
baseline 755/860 holdout:massive-v1.1:en-US:13370: conversation
baseline 756/860 holdout:presto-v1:en-US:147ec1f8794ba5e1ed1dc58418ab3285043af8a8e3a28c844d1977ab7b668577: conversation
baseline 757/860 holdout:presto-v1:es-ES:c8d8827881678e91d036306a3db7a1fd6a727625376ab3a7bbfd83dc2ef7ee68: clarify
baseline 758/860 holdout:massive-v1.1:en-US:9149: conversation
baseline 759/860 holdout:presto-v1:en-US:67e8afbfeb68edeea022bc81b4a254d3e6c9da4406ca43aec16a9304d02c9d67: conversation
baseline 760/860 holdout:massive-v1.1:es-ES:11270: clarify
baseline 761/860 holdout:massive-v1.1:en-US:6322: conversation
baseline 762/860 holdout:presto-v1:en-US:bd2703d86951eb5552b29490d57887a47c379a755c1bf9ba465cfd74494b398b: clarify
baseline 763/860 holdout:massive-v1.1:es-ES:11911: conversation
baseline 764/860 holdout:massive-v1.1:en-US:13766: conversation
baseline 765/860 holdout:massive-v1.1:en-US:1683: conversation
baseline 766/860 holdout:massive-v1.1:es-ES:4957: conversation
baseline 767/860 holdout:massive-v1.1:es-ES:11954: conversation
baseline 768/860 holdout:massive-v1.1:es-ES:11798: clarify
baseline 769/860 holdout:presto-v1:en-US:d1a9ac758dac898a5f0c6ed26574084c32f6eac674a4d235cac7a611a4c53eb8: conversation
baseline 770/860 holdout:presto-v1:en-US:fea050b65d8cce18fd6236e463cda9d2ecb50ee03b2ca25c0ca9cb9803e12e35: conversation
baseline 771/860 holdout:massive-v1.1:es-ES:2496: action
baseline 772/860 holdout:massive-v1.1:es-ES:7189: conversation
baseline 773/860 holdout:presto-v1:es-ES:a7ab6d388b6d1cc1909ff48743af7a002dfacd374999bee41132536ee22ea49a: conversation
baseline 774/860 holdout:massive-v1.1:en-US:6405: conversation
baseline 775/860 holdout:massive-v1.1:es-ES:6127: clarify
baseline 776/860 holdout:massive-v1.1:es-ES:15563: conversation
baseline 777/860 holdout:massive-v1.1:es-ES:11279: conversation
baseline 778/860 holdout:massive-v1.1:es-ES:11782: conversation
baseline 779/860 holdout:presto-v1:es-ES:1ec4979ab1483fd8bec154f83c7bba5931e7f365aabb26eeecf706a7bf35ba20: conversation
baseline 780/860 holdout:presto-v1:es-ES:a5a74bd6d81cd1e55760986c78c87e7a23d8f808eae3ad539bd4cd54aa4f3555: clarify
baseline 781/860 holdout:massive-v1.1:es-ES:6313: conversation
baseline 782/860 holdout:massive-v1.1:en-US:9460: action
baseline 783/860 holdout:massive-v1.1:en-US:13166: conversation
baseline 784/860 holdout:massive-v1.1:es-ES:13044: conversation
baseline 785/860 holdout:massive-v1.1:en-US:7557: action
baseline 786/860 holdout:massive-v1.1:es-ES:9855: conversation
baseline 787/860 holdout:massive-v1.1:es-ES:10213: conversation
baseline 788/860 holdout:presto-v1:es-ES:ee790eb0b4df727e5b1b9eb3a496307b038e98986d85eb1fd9782cd0720b0daa: conversation
baseline 789/860 holdout:massive-v1.1:es-ES:14891: conversation
baseline 790/860 holdout:massive-v1.1:es-ES:7140: clarify
baseline 791/860 holdout:massive-v1.1:en-US:11861: conversation
baseline 792/860 holdout:presto-v1:en-US:138949ac00aec40faa629338d5e75e6f795444220e23157cc48f69f29e24a2d5: clarify
baseline 793/860 holdout:presto-v1:es-ES:55bb8440d1509bc3e1825107e2ea6ef2f303b08482fa15eb4be686c349af74ef: conversation
baseline 794/860 holdout:massive-v1.1:en-US:2651: conversation
baseline 795/860 holdout:massive-v1.1:en-US:13694: conversation
baseline 796/860 holdout:massive-v1.1:en-US:2146: conversation
baseline 797/860 holdout:presto-v1:es-ES:1aae098faba503872c631f2baf7f0556d7092f5828a3125891357cf2d9f5627e: action
baseline 798/860 holdout:presto-v1:es-ES:57ae38267f19622de4b281f080dbeeb02c8eb7ae925d08482564ef17585b12c1: conversation
baseline 799/860 holdout:massive-v1.1:es-ES:13140: conversation
baseline 800/860 holdout:massive-v1.1:es-ES:334: conversation
baseline 801/860 holdout:massive-v1.1:en-US:3161: conversation
baseline 802/860 holdout:massive-v1.1:en-US:8579: action
baseline 803/860 holdout:presto-v1:en-US:b9be90b4ec312498cc5ba3dc7e09a4a7e37cf879b39526e3781a5b5a95806a0c: conversation
baseline 804/860 holdout:massive-v1.1:es-ES:12409: conversation
baseline 805/860 holdout:massive-v1.1:es-ES:13359: conversation
baseline 806/860 holdout:massive-v1.1:en-US:14684: conversation
baseline 807/860 holdout:massive-v1.1:es-ES:768: conversation
baseline 808/860 holdout:massive-v1.1:en-US:3513: action
baseline 809/860 holdout:massive-v1.1:en-US:11839: action
baseline 810/860 holdout:massive-v1.1:en-US:9402: action
baseline 811/860 holdout:presto-v1:es-ES:6fa92d42a7e3bc90f09930bbb001b67caa704c1a625f3c96287c75f97c1b43d3: conversation
baseline 812/860 holdout:massive-v1.1:es-ES:2548: conversation
baseline 813/860 holdout:massive-v1.1:en-US:13223: conversation
baseline 814/860 holdout:presto-v1:es-ES:d7113e74b9d351986da0a4602af1255c7a791a80dd80be15cbd4286e05d252b6: conversation
baseline 815/860 holdout:presto-v1:en-US:0a5f02e0b9714624028cf36b71f013d8c367ab2bf54131e25086591f0969460a: action
baseline 816/860 holdout:massive-v1.1:es-ES:3037: action
baseline 817/860 holdout:massive-v1.1:es-ES:9202: action
baseline 818/860 holdout:presto-v1:es-ES:3842dfb19626914582b3c18a38f15ac873da7773e25a3b755fce8958cddfdece: conversation
baseline 819/860 holdout:massive-v1.1:es-ES:14555: clarify
baseline 820/860 holdout:massive-v1.1:es-ES:14544: action
baseline 821/860 holdout:presto-v1:es-ES:e65ca890d7bbe82248545430b473859c20b270debac256a1a74b4825b1419129: conversation
baseline 822/860 holdout:massive-v1.1:es-ES:5948: conversation
baseline 823/860 holdout:massive-v1.1:es-ES:13135: conversation
baseline 824/860 holdout:presto-v1:es-ES:60d1aff3cf5163fd2ec5a1a7d22c40ff81f9a93bef8d5525997d24510f6e9438: conversation
baseline 825/860 holdout:massive-v1.1:en-US:9669: conversation
baseline 826/860 holdout:massive-v1.1:en-US:8084: conversation
baseline 827/860 holdout:massive-v1.1:es-ES:5411: action
baseline 828/860 holdout:massive-v1.1:es-ES:11802: conversation
baseline 829/860 holdout:presto-v1:en-US:f3134d296153a14cda44001f8f7942b5e44f1583d24520065880099de24a40f2: conversation
baseline 830/860 holdout:massive-v1.1:es-ES:13888: conversation
baseline 831/860 holdout:massive-v1.1:en-US:14419: conversation
baseline 832/860 holdout:massive-v1.1:en-US:2531: conversation
baseline 833/860 holdout:massive-v1.1:en-US:13521: conversation
baseline 834/860 holdout:presto-v1:es-ES:97bfbdc033bdc05b2b90ff2589b0cbdf1c511e17dedfbd04c8c9afcb89c966e8: plan
baseline 835/860 holdout:massive-v1.1:en-US:13762: conversation
baseline 836/860 holdout:massive-v1.1:es-ES:14126: conversation
baseline 837/860 holdout:massive-v1.1:en-US:6248: conversation
baseline 838/860 holdout:presto-v1:es-ES:39a4de09a600aa3a4b13b875db774d937c8d1a89c14921a3b2e60bae652c44c0: action
baseline 839/860 holdout:massive-v1.1:en-US:2165: conversation
baseline 840/860 holdout:massive-v1.1:es-ES:7851: conversation
baseline 841/860 holdout:massive-v1.1:en-US:10049: clarify
baseline 842/860 holdout:presto-v1:es-ES:a038b516898dee5ea0462646174113a7dbb3e90d560ecee1476a805219510768: conversation
baseline 843/860 holdout:presto-v1:es-ES:f7c551876d66259f48a0353186c0e51f0c607015619f7843943d9f6ffa5bcb4d: conversation
baseline 844/860 holdout:massive-v1.1:es-ES:5650: conversation
baseline 845/860 holdout:massive-v1.1:en-US:6417: conversation
baseline 846/860 holdout:massive-v1.1:en-US:10357: action
baseline 847/860 holdout:presto-v1:en-US:26103e685b558e089e745051bfe880e68545bd3d577305a785389b45c35c7dec: plan
baseline 848/860 holdout:massive-v1.1:es-ES:9977: conversation
baseline 849/860 holdout:massive-v1.1:en-US:10353: conversation
baseline 850/860 holdout:massive-v1.1:en-US:7026: action
baseline 851/860 holdout:presto-v1:en-US:b8fea4cb56a3468191c7868f33c1f6965eaeb10a16c769909c314e9ab702ec15: action
baseline 852/860 holdout:massive-v1.1:es-ES:4502: conversation
baseline 853/860 holdout:presto-v1:en-US:7777782bbe66e672a21e8a8f3e80eea88439669f6e5973d4660a5bfcd7b36ad2: action
baseline 854/860 holdout:presto-v1:es-ES:b0fac396bc13b7e2f8e61842e601819aed3e0e0ac419d8859958388fb3375eeb: conversation
baseline 855/860 holdout:massive-v1.1:en-US:15062: conversation
baseline 856/860 holdout:massive-v1.1:en-US:412: conversation
baseline 857/860 holdout:massive-v1.1:en-US:2548: conversation
baseline 858/860 holdout:massive-v1.1:es-ES:9062: conversation
baseline 859/860 holdout:presto-v1:en-US:d9d3295d000aab008da9e8f5ded46a5479a00a4a617d232d4afd63dfec28eb97: clarify
baseline 860/860 holdout:presto-v1:en-US:dcc34864f4dc92136421844a5233e73864ad784fca3d79f039c1a00a66391501: conversation
evidence 1/860 critical:greeting_es: conversation
evidence 2/860 critical:why_after_failure: conversation
evidence 3/860 critical:what_after_offer: conversation
evidence 4/860 critical:knowledge_es: conversation
evidence 5/860 critical:single_action_es: conversation
evidence 6/860 critical:compound_plan_es: conversation
evidence 7/860 critical:ambiguous_reference_es: clarify
evidence 8/860 critical:unsupported_taxi_es: conversation
evidence 9/860 context:greeting_en: conversation
evidence 10/860 context:unsupported_food_delivery: conversation
evidence 11/860 context:spanglish_action: conversation
evidence 12/860 context:pronoun_with_history: clarify
evidence 13/860 holdout:massive-v1.1:en-US:12618: conversation
evidence 14/860 holdout:massive-v1.1:en-US:9691: conversation
evidence 15/860 holdout:presto-v1:en-US:4af524f894776bd048c9a355859d9b2a6a8cd94a244b4a05e057205fbf9b28d8: action
evidence 16/860 holdout:massive-v1.1:en-US:7847: conversation
evidence 17/860 holdout:massive-v1.1:en-US:10352: action
evidence 18/860 holdout:presto-v1:es-ES:e0a2afe972c3f590160d6f89bb46302043f34478e5b0c17377483d03d98906dd: conversation
evidence 19/860 holdout:massive-v1.1:en-US:13192: conversation
evidence 20/860 holdout:massive-v1.1:es-ES:2472: conversation
evidence 21/860 holdout:massive-v1.1:es-ES:13694: conversation
evidence 22/860 holdout:massive-v1.1:en-US:14526: conversation
evidence 23/860 holdout:massive-v1.1:es-ES:15092: conversation
evidence 24/860 holdout:presto-v1:en-US:b8b149dc8c011e2a575587718507cc40907e14c3ec80a4defb7901eddcea36c1: clarify
evidence 25/860 holdout:massive-v1.1:en-US:13342: conversation
evidence 26/860 holdout:massive-v1.1:en-US:5774: conversation
evidence 27/860 holdout:presto-v1:en-US:4e686d54a4c29f35afdd57e46c08023c4f3a849bcc755d2105bed332006c8950: action
evidence 28/860 holdout:massive-v1.1:en-US:4449: action
evidence 29/860 holdout:massive-v1.1:es-ES:11827: conversation
evidence 30/860 holdout:massive-v1.1:en-US:14787: conversation
evidence 31/860 holdout:presto-v1:en-US:25594bc18ff7fdb9141e716574f07f623cb0cef1061a0c90e30c97c8ad3a32ba: conversation
evidence 32/860 holdout:massive-v1.1:es-ES:13186: conversation
evidence 33/860 holdout:presto-v1:es-ES:1e41e7df5d6e858309313bdd189af2982a2be5e025cb404a1e488db020d9c11a: action
evidence 34/860 holdout:massive-v1.1:es-ES:3576: conversation
evidence 35/860 holdout:massive-v1.1:es-ES:10832: conversation
evidence 36/860 holdout:presto-v1:es-ES:02a78471b4d9173661949ddb0a74c44d1a5352a2a006db4b59f97616e1000044: plan
evidence 37/860 holdout:massive-v1.1:en-US:13303: conversation
evidence 38/860 holdout:massive-v1.1:es-ES:6147: conversation
evidence 39/860 holdout:massive-v1.1:es-ES:6923: action
evidence 40/860 holdout:massive-v1.1:es-ES:9680: action
evidence 41/860 holdout:massive-v1.1:es-ES:102: conversation
evidence 42/860 holdout:massive-v1.1:es-ES:7664: conversation
evidence 43/860 holdout:massive-v1.1:en-US:2921: conversation
evidence 44/860 holdout:massive-v1.1:en-US:1760: conversation
evidence 45/860 holdout:presto-v1:es-ES:a7e647dadb1435c817df9f6e195e733e9dae846040bb3d51ef59cd48dc45bb10: conversation
evidence 46/860 holdout:massive-v1.1:en-US:1124: conversation
evidence 47/860 holdout:massive-v1.1:en-US:11616: action
evidence 48/860 holdout:massive-v1.1:en-US:14306: conversation
evidence 49/860 holdout:massive-v1.1:en-US:1982: action
evidence 50/860 holdout:massive-v1.1:en-US:9110: conversation
evidence 51/860 holdout:presto-v1:en-US:b782e89432ac8f1073900ced3467fb77b756247923160914c1ea30cd2fce536d: action
evidence 52/860 holdout:massive-v1.1:es-ES:13685: conversation
evidence 53/860 holdout:presto-v1:es-ES:21eeb579ce670bff90249ea1de06895a4deb0b3038e52a9051a9dd55064a8dc6: conversation
evidence 54/860 holdout:massive-v1.1:en-US:8280: action
evidence 55/860 holdout:massive-v1.1:es-ES:5871: action
evidence 56/860 holdout:massive-v1.1:es-ES:319: conversation
evidence 57/860 holdout:massive-v1.1:es-ES:6457: conversation
evidence 58/860 holdout:massive-v1.1:es-ES:8260: conversation
evidence 59/860 holdout:presto-v1:en-US:7e5c08df4bc718166253b68e18910abd277ff9a058e3cd478d85ee2741daa5b9: conversation
evidence 60/860 holdout:massive-v1.1:es-ES:9014: clarify
evidence 61/860 holdout:massive-v1.1:en-US:6515: conversation
evidence 62/860 holdout:presto-v1:en-US:42d645779bf716affa4311d7f47fe29d9fbf7c457f9ec0a3e29c8dc548f26729: action
evidence 63/860 holdout:massive-v1.1:en-US:15109: conversation
evidence 64/860 holdout:presto-v1:en-US:66b0c169d49d2f4169a3c1a10659bb12d398dfca1f6c62baaba29275c0ad063d: conversation
evidence 65/860 holdout:presto-v1:es-ES:d0c9924e2ac8e58c88d19c095a1b2b38e9672deaed11b17c93295bf7b750157c: conversation
evidence 66/860 holdout:massive-v1.1:en-US:14857: conversation
evidence 67/860 holdout:presto-v1:en-US:fd2f9ba16e9c52bec81fe3afa49c8945d7540af148b66741caf32f12b21d1ae9: conversation
evidence 68/860 holdout:massive-v1.1:en-US:660: conversation
evidence 69/860 holdout:presto-v1:es-ES:af139d3dfb075d7c64ca9263bb4bef5576591d4cef71786c1fde316d3c25ae16: conversation
evidence 70/860 holdout:presto-v1:es-ES:68aa847bfab724a144fb8fd9c65bd7a4dd72dc6787c8d0b1b4aafb9b11e5d5d0: conversation
evidence 71/860 holdout:presto-v1:en-US:98da575341d1390a9a60df28b56b9a8b9737557a53d4a5c2eae51a9a45dcc15c: action
evidence 72/860 holdout:massive-v1.1:es-ES:12008: action
evidence 73/860 holdout:massive-v1.1:en-US:3349: conversation
evidence 74/860 holdout:presto-v1:en-US:2d276d38809c5852dee44cf18c76f26dde635baa75dc4d0311367c48fabde270: conversation
evidence 75/860 holdout:presto-v1:es-ES:993662af4333d2a2bb63083094e88f3abc242469bcb0ce90b5f019b0542d2b83: conversation
evidence 76/860 holdout:massive-v1.1:en-US:9640: conversation
evidence 77/860 holdout:massive-v1.1:es-ES:4227: conversation
evidence 78/860 holdout:presto-v1:en-US:e7f9ed36f81ef233e7355ae08251358dc3e78918488843281000c791a55d84f6: conversation
evidence 79/860 holdout:massive-v1.1:en-US:14591: conversation
evidence 80/860 holdout:massive-v1.1:en-US:14138: conversation
evidence 81/860 holdout:massive-v1.1:en-US:11427: conversation
evidence 82/860 holdout:massive-v1.1:en-US:3624: action
evidence 83/860 holdout:massive-v1.1:en-US:7598: conversation
evidence 84/860 holdout:presto-v1:es-ES:e18d74681ad00d5a6c8dd89cdfb247f8bc0cf52c4a046bb87aaa3b2048740d44: conversation
evidence 85/860 holdout:massive-v1.1:en-US:4461: conversation
evidence 86/860 holdout:massive-v1.1:en-US:59: action
evidence 87/860 holdout:massive-v1.1:en-US:6064: conversation
evidence 88/860 holdout:massive-v1.1:en-US:13172: conversation
evidence 89/860 holdout:massive-v1.1:en-US:2717: conversation
evidence 90/860 holdout:presto-v1:es-ES:687a68db575766ad6fd82925c1df1a3c491935d5bde86569a2ab40a726ee6055: conversation
evidence 91/860 holdout:presto-v1:es-ES:ec9cd6c72e3283f5eb78d5ebfbefb5bda839ce48ec98d62a8725856bbbb55910: conversation
evidence 92/860 holdout:massive-v1.1:es-ES:6897: action
evidence 93/860 holdout:massive-v1.1:en-US:8204: action
evidence 94/860 holdout:massive-v1.1:es-ES:10263: conversation
evidence 95/860 holdout:massive-v1.1:es-ES:9656: conversation
evidence 96/860 holdout:presto-v1:en-US:1be97991065a27ec929e71837f1d41a6ccad2a702db4ffe238de9cdfd40e4181: conversation
evidence 97/860 holdout:massive-v1.1:es-ES:5721: conversation
evidence 98/860 holdout:massive-v1.1:en-US:4813: conversation
evidence 99/860 holdout:massive-v1.1:en-US:9269: action
evidence 100/860 holdout:massive-v1.1:es-ES:10045: conversation
evidence 101/860 holdout:presto-v1:es-ES:6e0c101929cdb67e1175eb2471c4425431733f333e156d828c6008fbf565aa29: conversation
evidence 102/860 holdout:massive-v1.1:en-US:1093: action
evidence 103/860 holdout:presto-v1:es-ES:e64cfe16533dd2f88ace37c59668890325aa28005c09dc42ca48ebb621acf4e3: conversation
evidence 104/860 holdout:presto-v1:en-US:7adb3536549d79eecc551ff4bab3dc8fe94f761818bd769cad18f168eb439c0f: action
evidence 105/860 holdout:presto-v1:es-ES:304d3187bb36d856aae590b4faeb56b4c3360235953b637a6ee1a56c1e409ca2: conversation
evidence 106/860 holdout:massive-v1.1:en-US:14453: conversation
evidence 107/860 holdout:massive-v1.1:en-US:5593: action
evidence 108/860 holdout:massive-v1.1:es-ES:2085: conversation
evidence 109/860 holdout:massive-v1.1:en-US:8290: action
evidence 110/860 holdout:presto-v1:en-US:03c278908aaaecdaf4de6ff186dba88a1422f5d15a02409178d3d5b35cc1cebb: conversation
evidence 111/860 holdout:massive-v1.1:es-ES:3096: conversation
evidence 112/860 holdout:massive-v1.1:en-US:2168: clarify
evidence 113/860 holdout:massive-v1.1:es-ES:751: conversation
evidence 114/860 holdout:massive-v1.1:es-ES:2062: conversation
evidence 115/860 holdout:massive-v1.1:es-ES:8968: action
evidence 116/860 holdout:massive-v1.1:es-ES:1666: conversation
evidence 117/860 holdout:massive-v1.1:en-US:1007: action
evidence 118/860 holdout:massive-v1.1:es-ES:2206: conversation
evidence 119/860 holdout:massive-v1.1:en-US:14418: conversation
evidence 120/860 holdout:massive-v1.1:en-US:12413: conversation
evidence 121/860 holdout:presto-v1:es-ES:c881aea22727cf49ebe8f5e8393df9caf7695345f6609aff29ff5b9d572e7341: conversation
evidence 122/860 holdout:massive-v1.1:es-ES:3228: conversation
evidence 123/860 holdout:massive-v1.1:es-ES:11825: conversation
evidence 124/860 holdout:presto-v1:en-US:e710a114d5abb3c5535cb914d9afc5bf3b70e8005042b9990f1770c5356a6a88: conversation
evidence 125/860 holdout:massive-v1.1:en-US:11384: conversation
evidence 126/860 holdout:presto-v1:es-ES:1d096b575b240e08031009ed7f6e6c99c82b9451979b583e59ff8a60ba44579c: conversation
evidence 127/860 holdout:massive-v1.1:en-US:8140: clarify
evidence 128/860 holdout:presto-v1:es-ES:8465f48a8cbb395d9ab09b2d45d27178eaa4c3a53b098707617e0a000bc5f3ba: conversation
evidence 129/860 holdout:massive-v1.1:es-ES:9358: action
evidence 130/860 holdout:massive-v1.1:en-US:1156: conversation
evidence 131/860 holdout:massive-v1.1:en-US:11438: conversation
evidence 132/860 holdout:massive-v1.1:en-US:5688: conversation
evidence 133/860 holdout:massive-v1.1:es-ES:14429: conversation
evidence 134/860 holdout:massive-v1.1:en-US:7355: conversation
evidence 135/860 holdout:massive-v1.1:en-US:14555: clarify
evidence 136/860 holdout:massive-v1.1:es-ES:4400: action
evidence 137/860 holdout:presto-v1:en-US:7d539b69847b857b74e859da5590afb02ba5ee58284ed5ba612db7a1896da56d: conversation
evidence 138/860 holdout:massive-v1.1:es-ES:13592: conversation
evidence 139/860 holdout:massive-v1.1:es-ES:13023: plan
evidence 140/860 holdout:massive-v1.1:en-US:3406: conversation
evidence 141/860 holdout:massive-v1.1:es-ES:8404: clarify
evidence 142/860 holdout:massive-v1.1:es-ES:486: conversation
evidence 143/860 holdout:presto-v1:en-US:216247dfff7f140b76c5063db0165e9e5dce7ae0bf9396859d1d40f715c27cfd: conversation
evidence 144/860 holdout:presto-v1:es-ES:61887c6e258d946ea6a19dc81bf04e63eb9eca27beeb9d063161d50dc22051b7: conversation
evidence 145/860 holdout:massive-v1.1:es-ES:13854: conversation
evidence 146/860 holdout:massive-v1.1:en-US:3276: conversation
evidence 147/860 holdout:presto-v1:es-ES:c30ff80d4ba876d42bba23a0867fee1e9305d8185cd0e6df25ae895dc5a33d73: conversation
evidence 148/860 holdout:presto-v1:en-US:134fa328a757a8ef5a8266338ad57e2eb5aa1c3af04b77942eeab1e231a5e3a5: conversation
evidence 149/860 holdout:massive-v1.1:en-US:12634: conversation
evidence 150/860 holdout:presto-v1:en-US:ebed4458e51ae490adf5c0bc198fd4c19bf90fded79cb2565da8ea998dd9c4c9: conversation
evidence 151/860 holdout:presto-v1:es-ES:4bd70c374d5f96db97ca3afac48f4c6894920a26188f69a960c4204474f15617: conversation
evidence 152/860 holdout:massive-v1.1:en-US:8525: action
evidence 153/860 holdout:presto-v1:es-ES:897eb3bf100b987caa777d94bde59833d4e66997b1cc2535728db0abab408f4a: conversation
evidence 154/860 holdout:massive-v1.1:en-US:8085: conversation
evidence 155/860 holdout:presto-v1:en-US:863d5a0309f83ef6134a0cc2fb87fdd472b49eabafb3e8785df6269678f84760: conversation
evidence 156/860 holdout:presto-v1:en-US:9442a71fa6d2d3be2e0cc2dff562197872a81b011deab420faae92da08413314: conversation
evidence 157/860 holdout:massive-v1.1:es-ES:5970: action
evidence 158/860 holdout:massive-v1.1:es-ES:13383: conversation
evidence 159/860 holdout:presto-v1:en-US:a4ff170c6577ec66d673b7b5f9e1e7769823e060018a95c57a3e13ea45e294a7: conversation
evidence 160/860 holdout:massive-v1.1:es-ES:6710: conversation
evidence 161/860 holdout:massive-v1.1:es-ES:8290: conversation
evidence 162/860 holdout:presto-v1:en-US:aa2dc4e18dd2fd553ecb73de611d9ca07f78441004f9646355571c8750fe44f4: conversation
evidence 163/860 holdout:presto-v1:es-ES:3e3600fb6f8f3f900d340bdb9757a1c6f1338d92e11eb854145505b745dd917b: conversation
evidence 164/860 holdout:presto-v1:en-US:90795e28602e7daf65d2ec67b1250383a3020466e974a99ed707b3541c60cad1: conversation
evidence 165/860 holdout:presto-v1:es-ES:54017227db1e7c17fa640574fd31dbf81806740cb2d7612ba6a2fe730c699a48: conversation
evidence 166/860 holdout:presto-v1:es-ES:bd563d6840638b23fe22663ca2df7113dc08c69889837b28ca45b356eb4ceb4c: conversation
evidence 167/860 holdout:massive-v1.1:en-US:3474: conversation
evidence 168/860 holdout:massive-v1.1:es-ES:9507: conversation
evidence 169/860 holdout:massive-v1.1:es-ES:6593: conversation
evidence 170/860 holdout:massive-v1.1:es-ES:9632: clarify
evidence 171/860 holdout:massive-v1.1:en-US:3295: conversation
evidence 172/860 holdout:massive-v1.1:en-US:9321: conversation
evidence 173/860 holdout:massive-v1.1:es-ES:14038: conversation
evidence 174/860 holdout:massive-v1.1:es-ES:2917: conversation
evidence 175/860 holdout:presto-v1:es-ES:2194ff2a89e244c6470305ca0342218150a599749eb1fcc728e6a7cc4ec772a1: conversation
evidence 176/860 holdout:massive-v1.1:en-US:6473: conversation
evidence 177/860 holdout:presto-v1:es-ES:a1c8f274f3eb656d2eed1caa291cd2fed1bab5c9f5b5cd5dce2a8bf2227d2a1b: conversation
evidence 178/860 holdout:massive-v1.1:es-ES:11570: conversation
evidence 179/860 holdout:massive-v1.1:en-US:4673: conversation
evidence 180/860 holdout:massive-v1.1:es-ES:6789: clarify
evidence 181/860 holdout:massive-v1.1:en-US:5902: action
evidence 182/860 holdout:massive-v1.1:en-US:13283: conversation
evidence 183/860 holdout:presto-v1:es-ES:945be638744e471452d3343afba66b9377a50070d60d0fcdb0919c85b8a2d17d: conversation
evidence 184/860 holdout:presto-v1:en-US:0b3a3a80f76375119559b38cb43830e51cc7674569513d02b5659248ddb22602: conversation
evidence 185/860 holdout:massive-v1.1:en-US:11911: conversation
evidence 186/860 holdout:massive-v1.1:es-ES:14083: conversation
evidence 187/860 holdout:massive-v1.1:en-US:1202: conversation
evidence 188/860 holdout:massive-v1.1:en-US:5703: action
evidence 189/860 holdout:massive-v1.1:en-US:10177: conversation
evidence 190/860 holdout:massive-v1.1:en-US:12908: conversation
evidence 191/860 holdout:presto-v1:en-US:0fc0b703edd8d72f512af29c2b27e510076a66bee7f1e63902e531d8e6f8b358: conversation
evidence 192/860 holdout:massive-v1.1:es-ES:1156: conversation
evidence 193/860 holdout:massive-v1.1:es-ES:14605: conversation
evidence 194/860 holdout:massive-v1.1:en-US:3021: conversation
evidence 195/860 holdout:massive-v1.1:en-US:6411: action
evidence 196/860 holdout:massive-v1.1:en-US:7151: action
evidence 197/860 holdout:massive-v1.1:es-ES:4449: conversation
evidence 198/860 holdout:massive-v1.1:es-ES:2007: action
evidence 199/860 holdout:presto-v1:es-ES:635867f77972063517b22441c9ce9d75f0fdb5ddb21a349d58ce9d36324b9f00: conversation
evidence 200/860 holdout:massive-v1.1:en-US:11458: conversation
evidence 201/860 holdout:massive-v1.1:en-US:4375: conversation
evidence 202/860 holdout:presto-v1:es-ES:92ad3f6cc27ebaaa34b4bf1b63de0ea49ab0b7c3737d79f8edb0af01ed6ee06e: conversation
evidence 203/860 holdout:massive-v1.1:es-ES:2781: clarify
evidence 204/860 holdout:massive-v1.1:en-US:6789: plan
evidence 205/860 holdout:massive-v1.1:en-US:7044: action
evidence 206/860 holdout:massive-v1.1:en-US:13592: conversation
evidence 207/860 holdout:massive-v1.1:es-ES:3031: plan
evidence 208/860 holdout:presto-v1:es-ES:423b6cc7cd8c03e7e00f613415812bb9395f23a1d1542a74c22b3d8c7efce2c8: action
evidence 209/860 holdout:massive-v1.1:en-US:220: action
evidence 210/860 holdout:presto-v1:es-ES:5bb79857dbe96097adfa7ab996f4c5a55be1a35d192b27bb7838ce2b67cda0ee: conversation
evidence 211/860 holdout:massive-v1.1:en-US:12430: conversation
evidence 212/860 holdout:massive-v1.1:en-US:12824: conversation
evidence 213/860 holdout:presto-v1:en-US:20a621f244c64c6855c3d067b7e55b0f52a9e4fe4766977d450e9b3571c2cf07: action
evidence 214/860 holdout:massive-v1.1:en-US:8251: action
evidence 215/860 holdout:massive-v1.1:es-ES:7013: conversation
evidence 216/860 holdout:massive-v1.1:es-ES:9630: action
evidence 217/860 holdout:massive-v1.1:es-ES:14505: conversation
evidence 218/860 holdout:massive-v1.1:es-ES:533: action
evidence 219/860 holdout:massive-v1.1:en-US:5245: clarify
evidence 220/860 holdout:massive-v1.1:en-US:14457: conversation
evidence 221/860 holdout:massive-v1.1:es-ES:10055: conversation
evidence 222/860 holdout:presto-v1:en-US:aa50939e8fa4b259900d934fda4f2301d64628b9bc2b854d7d92becb6b6b76d5: conversation
evidence 223/860 holdout:massive-v1.1:es-ES:3694: action
evidence 224/860 holdout:massive-v1.1:en-US:11331: conversation
evidence 225/860 holdout:presto-v1:en-US:f9d47c3fa52f6fa8406179d3baae37dd66d14316cafc274c5c82e746b34e2f14: action
evidence 226/860 holdout:presto-v1:es-ES:12bc99cadf7712c5d33e7ac161b1bff33eb714cc86f1f7bba652083afc42b602: action
evidence 227/860 holdout:massive-v1.1:es-ES:441: conversation
evidence 228/860 holdout:presto-v1:en-US:73af60941c837faecdfb94daafde29f0a70a4e36d1a77a594281d2b6240c6c2d: action
evidence 229/860 holdout:massive-v1.1:en-US:5439: action
evidence 230/860 holdout:massive-v1.1:en-US:9793: action
evidence 231/860 holdout:presto-v1:en-US:3ea85903d6c66e6839c7270bbd5d3ad671c3294f44c51cdec9b184e4d9ec7114: conversation
evidence 232/860 holdout:massive-v1.1:en-US:11368: action
evidence 233/860 holdout:presto-v1:en-US:b427b5005176b7d7657e3158de093ed8abb281319f4b1116ba4c91237e5edc63: plan
evidence 234/860 holdout:massive-v1.1:es-ES:9225: conversation
evidence 235/860 holdout:massive-v1.1:es-ES:9772: conversation
evidence 236/860 holdout:presto-v1:es-ES:9049759cf9671c604a936fadf08a8949bcac50085a44e3a140dc586aee549a71: clarify
evidence 237/860 holdout:massive-v1.1:en-US:4909: action
evidence 238/860 holdout:massive-v1.1:es-ES:424: conversation
evidence 239/860 holdout:massive-v1.1:es-ES:14101: conversation
evidence 240/860 holdout:massive-v1.1:en-US:14323: conversation
evidence 241/860 holdout:massive-v1.1:es-ES:11987: conversation
evidence 242/860 holdout:presto-v1:es-ES:e2d965db6c0b316319fb4a9c335fe1cd88a1305e0341270eadfd1b496c56d961: conversation
evidence 243/860 holdout:massive-v1.1:en-US:46: conversation
evidence 244/860 holdout:massive-v1.1:en-US:13871: conversation
evidence 245/860 holdout:massive-v1.1:en-US:437: conversation
evidence 246/860 holdout:massive-v1.1:es-ES:2560: action
evidence 247/860 holdout:massive-v1.1:es-ES:10217: conversation
evidence 248/860 holdout:presto-v1:es-ES:ff760fe33d0390aae2f94f703518522e71923e85dbf4eed9de04314fbb3a6685: conversation
evidence 249/860 holdout:presto-v1:en-US:ad07baededd97854f30d39d4fda3b80ed2d3d93b60763b26a6a2b529ff574da4: action
evidence 250/860 holdout:presto-v1:es-ES:18a28708d31b1713923fda2f041b28b73797f3187da7ad622fe2016c188dca0b: conversation
evidence 251/860 holdout:massive-v1.1:en-US:8116: action
evidence 252/860 holdout:massive-v1.1:en-US:7467: conversation
evidence 253/860 holdout:massive-v1.1:es-ES:14414: conversation
evidence 254/860 holdout:massive-v1.1:es-ES:6557: conversation
evidence 255/860 holdout:presto-v1:es-ES:28bdc1a1aeb9460d6b207d5f609c8959bc7d2e03483cda0e24a4445255dd17ac: conversation
evidence 256/860 holdout:massive-v1.1:es-ES:3460: conversation
evidence 257/860 holdout:presto-v1:es-ES:4e42d743300a133ce8a7ba5bca756f3cbb4a22854604b33627ab8f81ada084cc: conversation
evidence 258/860 holdout:presto-v1:es-ES:2aa71ef6cdc5839e1c5572e7ae3f9e4aee872c04dd336a2be7fe2f5c28f7d5b2: conversation
evidence 259/860 holdout:massive-v1.1:es-ES:14011: conversation
evidence 260/860 holdout:massive-v1.1:es-ES:7477: action
evidence 261/860 holdout:massive-v1.1:en-US:6172: conversation
evidence 262/860 holdout:massive-v1.1:es-ES:7450: clarify
evidence 263/860 holdout:massive-v1.1:en-US:5134: conversation
evidence 264/860 holdout:massive-v1.1:en-US:1684: action
evidence 265/860 holdout:massive-v1.1:es-ES:5722: conversation
evidence 266/860 holdout:massive-v1.1:es-ES:1803: conversation
evidence 267/860 holdout:presto-v1:en-US:109e0ea69436ec0db9322bd9bb978330dde7a7883eda429260b4a62a124bfc1e: conversation
evidence 268/860 holdout:massive-v1.1:es-ES:6424: conversation
evidence 269/860 holdout:massive-v1.1:en-US:13740: conversation
evidence 270/860 holdout:massive-v1.1:es-ES:6489: conversation
evidence 271/860 holdout:massive-v1.1:en-US:7224: conversation
evidence 272/860 holdout:massive-v1.1:en-US:1666: conversation
evidence 273/860 holdout:massive-v1.1:en-US:4524: action
evidence 274/860 holdout:presto-v1:es-ES:dc2aa22c5fa2876d42e3abc83dca5bb644a2e7afd6807e44e08e7bafc0c79f84: action
evidence 275/860 holdout:massive-v1.1:es-ES:3566: conversation
evidence 276/860 holdout:presto-v1:es-ES:c8d0ed59e47df202e8952788a4d885695ef489b96e80a13415231d2420b20657: conversation
evidence 277/860 holdout:massive-v1.1:en-US:315: conversation
evidence 278/860 holdout:massive-v1.1:es-ES:4023: conversation
evidence 279/860 holdout:massive-v1.1:en-US:6650: conversation
evidence 280/860 holdout:massive-v1.1:es-ES:11643: conversation
evidence 281/860 holdout:presto-v1:es-ES:4d04eb6122840fec801995f24e60538f2d5881f1d6076867545a19363bb7ea25: conversation
evidence 282/860 holdout:presto-v1:es-ES:29a89956474e86ab95ae69df8ea54f1c235e63ffce23821352380e968537a12b: conversation
evidence 283/860 holdout:massive-v1.1:en-US:11335: action
evidence 284/860 holdout:presto-v1:es-ES:994ca0b79e5b336b1e57b221c343d2938c256bbbcb14b87abc4c1436b532c48f: conversation
evidence 285/860 holdout:presto-v1:es-ES:96c692c0354aa2c31810cabdcbeabad7e536c1100fca68b352330aa6e7546f4c: conversation
evidence 286/860 holdout:presto-v1:en-US:182303d05102e146ec154fa114402e56a5633be5e132035c9b2cd54a23593137: conversation
evidence 287/860 holdout:presto-v1:en-US:e78ca0b95d876e27d15dc9bd0d29a1823562c1a7c46807f0b37a5499a531066d: conversation
evidence 288/860 holdout:massive-v1.1:es-ES:6909: conversation
evidence 289/860 holdout:presto-v1:es-ES:672c0c778a851be92a57e09b910a5d03f29c7fd78e858f81c201395ed2e89981: conversation
evidence 290/860 holdout:massive-v1.1:es-ES:3714: action
evidence 291/860 holdout:massive-v1.1:es-ES:3886: action
evidence 292/860 holdout:massive-v1.1:en-US:3486: clarify
evidence 293/860 holdout:presto-v1:es-ES:2644d75b8faf44a3d2c5435ff9bcc69690ab77e53df4055f0a828da980194c54: conversation
evidence 294/860 holdout:massive-v1.1:en-US:4236: conversation
evidence 295/860 holdout:presto-v1:en-US:4141b4b1f0fe973229a0d2ba448cbeb96c9ebcae21d9047bcae2733849279bff: action
evidence 296/860 holdout:presto-v1:es-ES:c418cb5d7feb1075e90ebae28816f643f8c5d93e7d5fd54e3704a8d45cf71618: conversation
evidence 297/860 holdout:massive-v1.1:en-US:9942: conversation
evidence 298/860 holdout:massive-v1.1:en-US:6438: conversation
evidence 299/860 holdout:massive-v1.1:en-US:4217: conversation
evidence 300/860 holdout:presto-v1:es-ES:9f355fd5fdfd2801d19dfd11f1f675e541d1e64910ba002cda2b0203df8b1913: conversation
evidence 301/860 holdout:presto-v1:es-ES:ff4d48c28a996be10400978d354a7d9b57ac87b92ae4028f1199569ef1418af3: action
evidence 302/860 holdout:presto-v1:en-US:c5a51c303fb72fd54913b04a3b1051adf4ff0b6d03226c684e82c4d41aede66b: conversation
evidence 303/860 holdout:massive-v1.1:es-ES:767: conversation
evidence 304/860 holdout:massive-v1.1:en-US:14884: conversation
evidence 305/860 holdout:massive-v1.1:en-US:3408: action
evidence 306/860 holdout:massive-v1.1:en-US:7843: clarify
evidence 307/860 holdout:massive-v1.1:en-US:7844: action
evidence 308/860 holdout:massive-v1.1:en-US:14170: conversation
evidence 309/860 holdout:massive-v1.1:en-US:9923: conversation
evidence 310/860 holdout:massive-v1.1:es-ES:14000: conversation
evidence 311/860 holdout:presto-v1:en-US:4f7b7560ddce7beb0a0168f86b32bcff56a55a07a4e4a5491512b39300e1af3f: conversation
evidence 312/860 holdout:massive-v1.1:en-US:5837: conversation
evidence 313/860 holdout:massive-v1.1:en-US:9330: conversation
evidence 314/860 holdout:massive-v1.1:en-US:9116: clarify
evidence 315/860 holdout:massive-v1.1:es-ES:10365: conversation
evidence 316/860 holdout:presto-v1:en-US:c91ec5a21717da7e465a1841ac6243e76330e61311a223b59541dfba539cee9e: conversation
evidence 317/860 holdout:presto-v1:en-US:5eca6693a9a1b499bfc38bbd0f511372f2ba67041f018de693e72e2244547ad9: conversation
evidence 318/860 holdout:presto-v1:es-ES:a54364f595a7eaaec5128486cc07e96c54039395b5dd3dc9d1f2ec046ab867f6: conversation
evidence 319/860 holdout:massive-v1.1:es-ES:13607: clarify
evidence 320/860 holdout:massive-v1.1:en-US:9871: action
evidence 321/860 holdout:massive-v1.1:en-US:7908: conversation
evidence 322/860 holdout:massive-v1.1:en-US:4764: action
evidence 323/860 holdout:massive-v1.1:es-ES:9971: conversation
evidence 324/860 holdout:massive-v1.1:es-ES:9321: conversation
evidence 325/860 holdout:presto-v1:es-ES:675c7160d7f86f9021c3b7b3480c067d97df77af4a91fa77ecdb54a0758a055f: conversation
evidence 326/860 holdout:presto-v1:es-ES:59eccf3c03b9d73fd4af8b8771a0a62033320ea2d1cbd6319341c5c533f38fec: action
evidence 327/860 holdout:presto-v1:en-US:1744a8cabce3e4e9cf9302012439d0ee1ddbea7e81940b993abe7ae28af2100a: action
evidence 328/860 holdout:presto-v1:es-ES:b1ced2be04f7f2520445a1b8ec7a628b210b2235cd655ac21cffa84742723eb2: action
evidence 329/860 holdout:massive-v1.1:en-US:8774: conversation
evidence 330/860 holdout:massive-v1.1:es-ES:3162: conversation
evidence 331/860 holdout:massive-v1.1:es-ES:2035: action
evidence 332/860 holdout:massive-v1.1:es-ES:8269: action
evidence 333/860 holdout:massive-v1.1:es-ES:13222: conversation
evidence 334/860 holdout:massive-v1.1:en-US:5475: plan
evidence 335/860 holdout:massive-v1.1:en-US:6909: conversation
evidence 336/860 holdout:presto-v1:en-US:f7a1bc1709db9f07fb7fafb402d32d6e8cdedbbcc6fe2a8816128591f21bce61: conversation
evidence 337/860 holdout:presto-v1:en-US:11dff7a84ff764e5cf14ae82a4352862f394bdc9b348c783f7a803d32b6b8f85: conversation
evidence 338/860 holdout:massive-v1.1:en-US:608: conversation
evidence 339/860 holdout:presto-v1:es-ES:efd04c744089830dabc8c7759d20b9c2787619f078094b1a8d085ef2ffb40b33: action
evidence 340/860 holdout:presto-v1:es-ES:5039de513081ab7dbd9b2a9ac843b609775ad3ef3a91d42a1eaedab50018b6a2: action
evidence 341/860 holdout:presto-v1:es-ES:828190390f925db337305dda564097c2433cc8b4f796d6c062859bc8d59314f6: conversation
evidence 342/860 holdout:massive-v1.1:en-US:4241: conversation
evidence 343/860 holdout:presto-v1:es-ES:6cb05e9d389a49bd45b4c032057455b11df66b392a359a1bfe28f529c8e586e5: conversation
evidence 344/860 holdout:massive-v1.1:en-US:2035: conversation
evidence 345/860 holdout:presto-v1:en-US:758a572f9f4b80f86966cc4fe484d8a2fc21a0423dd12f9875a10d48b8fea09f: action
evidence 346/860 holdout:massive-v1.1:en-US:2098: action
evidence 347/860 holdout:presto-v1:en-US:727cdc3a69ab710f3c0acfd3fac42de224df21d78793dfd30e9f40e3609e4bd3: conversation
evidence 348/860 holdout:massive-v1.1:es-ES:9577: conversation
evidence 349/860 holdout:presto-v1:es-ES:821768ff10e58693054084297d2923034940c027a1d082d2dc5324306e71ec55: action
evidence 350/860 holdout:presto-v1:en-US:40d107b3362f5720eccec9131e68e37cde1b9f048e378821c4b82f8cdd86341d: action
evidence 351/860 holdout:presto-v1:es-ES:a951bf87b21741c235c18fac098361bcfcf2ce4f96c091c294590ab7692eed8a: conversation
evidence 352/860 holdout:massive-v1.1:en-US:7046: clarify
evidence 353/860 holdout:presto-v1:en-US:a0ad494bdc0f76e57d460e77038e30f8d547c8f4e76752aaf890435bb7cd3916: action
evidence 354/860 holdout:presto-v1:es-ES:0419d24314ef520b9e0c1cf4768719a780f9daf9d1eb2053ebe9e1fef08dd42e: conversation
evidence 355/860 holdout:presto-v1:es-ES:ce888fb2b040fbfa100075de2dfc9506822fff7d62762fd32f66dd469cf669e7: conversation
evidence 356/860 holdout:presto-v1:en-US:18caf8cd7d44865722f4e0ecde4ff3549939980cffc04bda98fab98beac5d0bb: conversation
evidence 357/860 holdout:presto-v1:es-ES:b83833f87555b32c079094b566029b8c0d5b67412de861bf9baee6ab072b701f: conversation
evidence 358/860 holdout:massive-v1.1:en-US:4968: conversation
evidence 359/860 holdout:massive-v1.1:en-US:12675: conversation
evidence 360/860 holdout:massive-v1.1:es-ES:397: conversation
evidence 361/860 holdout:massive-v1.1:en-US:3031: action
evidence 362/860 holdout:massive-v1.1:en-US:2573: action
evidence 363/860 holdout:massive-v1.1:es-ES:5296: action
evidence 364/860 holdout:massive-v1.1:es-ES:8825: action
evidence 365/860 holdout:massive-v1.1:es-ES:10177: conversation
evidence 366/860 holdout:massive-v1.1:en-US:8347: conversation
evidence 367/860 holdout:massive-v1.1:es-ES:13847: conversation
evidence 368/860 holdout:massive-v1.1:en-US:939: action
evidence 369/860 holdout:massive-v1.1:en-US:13404: conversation
evidence 370/860 holdout:massive-v1.1:en-US:7199: conversation
evidence 371/860 holdout:massive-v1.1:en-US:1061: conversation
evidence 372/860 holdout:massive-v1.1:es-ES:10031: action
evidence 373/860 holdout:presto-v1:en-US:a5c00abc894e421d17d3c6c0bc39d4bf44cea82f906f90005bd12cd8c48707db: conversation
evidence 374/860 holdout:massive-v1.1:en-US:13346: conversation
evidence 375/860 holdout:massive-v1.1:en-US:6304: conversation
evidence 376/860 holdout:massive-v1.1:es-ES:14395: conversation
evidence 377/860 holdout:massive-v1.1:en-US:11460: conversation
evidence 378/860 holdout:massive-v1.1:en-US:6643: conversation
evidence 379/860 holdout:presto-v1:es-ES:cce6da523ae32f881a0492b33c43bbc7922cb6deb75342a8e78d4831edd04295: conversation
evidence 380/860 holdout:massive-v1.1:es-ES:14622: conversation
evidence 381/860 holdout:presto-v1:en-US:efe89dbd7beae1c658331b77c5eb47004d32dbf8ad81cdb735d9b6dc5f9107d5: conversation
evidence 382/860 holdout:massive-v1.1:en-US:6077: action
evidence 383/860 holdout:presto-v1:es-ES:430d6e2fe504e0ecf62dcd32d219a8e733b63adc8394da9de8b133c55b251294: conversation
evidence 384/860 holdout:massive-v1.1:es-ES:14096: conversation
evidence 385/860 holdout:presto-v1:en-US:f4521ad6d85fad92d4124f7d051e4ff33ece60043736de90363c9a35557d5283: conversation
evidence 386/860 holdout:presto-v1:es-ES:0b36d74317507696f7c504aa0f7c1ec24b7d2b9c41292713f952321b37e2ebe8: clarify
evidence 387/860 holdout:presto-v1:es-ES:0d362a6f5021fa7e26707a6111a74378fc78f2ea670b5244dbc43a203e0d56a5: conversation
evidence 388/860 holdout:massive-v1.1:en-US:1722: conversation
evidence 389/860 holdout:massive-v1.1:en-US:9303: action
evidence 390/860 holdout:massive-v1.1:es-ES:4838: action
evidence 391/860 holdout:presto-v1:es-ES:04702dc6fbd19f6e481b14878eb6dfd9c062d3c8038ad8c7771c0410b831c18a: clarify
evidence 392/860 holdout:presto-v1:en-US:e405682a73302e81be1dbe400ae45a3723da57bf56698148c4829d217f332767: conversation
evidence 393/860 holdout:massive-v1.1:en-US:13035: conversation
evidence 394/860 holdout:massive-v1.1:es-ES:14530: conversation
evidence 395/860 holdout:presto-v1:es-ES:fc1913fd315f77b79c6ac6a948350c891eeea6dbe92ea535d6150299c5d2d416: conversation
evidence 396/860 holdout:presto-v1:es-ES:a3a1e0b18c802d8ca9c2b03cc4ffcf8ebede9ccc57eebca529e0132e11fef82e: conversation
evidence 397/860 holdout:presto-v1:en-US:7bcfa039461dc4efd4b6a84005168726dd06bb28e9f94933015af785f524c84a: plan
evidence 398/860 holdout:massive-v1.1:en-US:8206: conversation
evidence 399/860 holdout:massive-v1.1:es-ES:4355: conversation
evidence 400/860 holdout:presto-v1:es-ES:a5f1e4a0632ca21848cf38a88eac656506b9bf0a810b5f76a1a3cb907fe5292e: clarify
evidence 401/860 holdout:massive-v1.1:en-US:5525: conversation
evidence 402/860 holdout:presto-v1:es-ES:1aa13a579451dc3faa62cb979f407c0280e2ef8b8d3f2d0759d9c693fe1ce043: conversation
evidence 403/860 holdout:presto-v1:es-ES:92ebbc1f0d7f523091f188f0377c4755e9f13314d5dfd963ea6879be6759c1b9: conversation
evidence 404/860 holdout:presto-v1:es-ES:5fce41f0397a8cce778ad0a5706af3cd10f793ee694c22584c1a1793fa5fe113: conversation
evidence 405/860 holdout:massive-v1.1:es-ES:6616: conversation
evidence 406/860 holdout:presto-v1:es-ES:94cd94bcdbe682ccecf846c718d738270b182df1e707b5810b338ee142b995b3: conversation
evidence 407/860 holdout:presto-v1:en-US:589418bca42e68ff2a470d974e1add774c46ff232b595e653b89d95035ef16c6: conversation
evidence 408/860 holdout:massive-v1.1:en-US:7185: conversation
evidence 409/860 holdout:massive-v1.1:en-US:14414: conversation
evidence 410/860 holdout:massive-v1.1:en-US:9216: action
evidence 411/860 holdout:massive-v1.1:es-ES:6946: conversation
evidence 412/860 holdout:presto-v1:en-US:b2d9d76a83af39d9e89a1057635751fd9992435d58d942f79cae9bcd4b4afda5: conversation
evidence 413/860 holdout:presto-v1:es-ES:bfb9077ac7d61da66e994348c834423b20ed19fa58b2b3dc4226982dfc2ba97f: conversation
evidence 414/860 holdout:massive-v1.1:en-US:6897: action
evidence 415/860 holdout:presto-v1:es-ES:32617307068ed70084079ed1fd26d927b1e783b2cc98282b51da00574b718bd7: action
evidence 416/860 holdout:presto-v1:es-ES:7117928c16e0db23ecc24751afb37b01ad94fd34aaf5da2b90414404962c1dc1: action
evidence 417/860 holdout:massive-v1.1:en-US:4953: action
evidence 418/860 holdout:massive-v1.1:en-US:10302: conversation
evidence 419/860 holdout:massive-v1.1:en-US:1549: action
evidence 420/860 holdout:massive-v1.1:en-US:12835: conversation
evidence 421/860 holdout:massive-v1.1:es-ES:13630: action
evidence 422/860 holdout:massive-v1.1:en-US:712: action
evidence 423/860 holdout:presto-v1:es-ES:afad7bc3250b3b041c2417c153720c9152dd8ede56ae2166bc405f6c518a1c27: conversation
evidence 424/860 holdout:massive-v1.1:en-US:1144: action
evidence 425/860 holdout:massive-v1.1:en-US:4917: action
evidence 426/860 holdout:presto-v1:en-US:09f6fe6abf092edd58d882dc1efde233036c9b777f53bcd594a36898afc46f3f: conversation
evidence 427/860 holdout:massive-v1.1:en-US:2167: clarify
evidence 428/860 holdout:massive-v1.1:en-US:3671: conversation
evidence 429/860 holdout:massive-v1.1:en-US:11607: conversation
evidence 430/860 holdout:massive-v1.1:es-ES:14995: conversation
evidence 431/860 holdout:massive-v1.1:en-US:5996: conversation
evidence 432/860 holdout:presto-v1:es-ES:e5b2327849d810ffa2477331e53af8da7288cf0ed1f4eea6ea431416a0924df1: conversation
evidence 433/860 holdout:massive-v1.1:en-US:14115: conversation
evidence 434/860 holdout:massive-v1.1:es-ES:14904: action
evidence 435/860 holdout:presto-v1:es-ES:dfa22aa052cf20160a08ac5d41de33555a1b316f6ef37a07fb3d66db2a08c781: conversation
evidence 436/860 holdout:presto-v1:en-US:dd39a184a5dfa184d5fa02c67c7a3061c233176acfb80255f59d51f2796ce8bf: conversation
evidence 437/860 holdout:presto-v1:en-US:1276616b6bcda3e3536aa57c17fb61355195a1a8c6a51c95c8aeae99c8c47883: clarify
evidence 438/860 holdout:massive-v1.1:es-ES:6083: clarify
evidence 439/860 holdout:presto-v1:es-ES:d675cf5c8d46f45bf42885d5cc2848e608e054460690a2268d8ab5bfb5312ec0: conversation
evidence 440/860 holdout:presto-v1:en-US:738ae005192db1ea20eb11e2ee4169d812199376c6e5b1ed08a2209916cb629c: conversation
evidence 441/860 holdout:presto-v1:en-US:b8c57ddbb3c48debcecfae960ffab108aa58981eec90a38a1689017f948b9601: conversation
evidence 442/860 holdout:massive-v1.1:en-US:11685: conversation
evidence 443/860 holdout:massive-v1.1:es-ES:5678: conversation
evidence 444/860 holdout:massive-v1.1:es-ES:1300: conversation
evidence 445/860 holdout:massive-v1.1:es-ES:317: conversation
evidence 446/860 holdout:massive-v1.1:en-US:6045: conversation
evidence 447/860 holdout:massive-v1.1:en-US:13888: conversation
evidence 448/860 holdout:massive-v1.1:es-ES:13486: conversation
evidence 449/860 holdout:massive-v1.1:es-ES:13078: conversation
evidence 450/860 holdout:massive-v1.1:en-US:6617: conversation
evidence 451/860 holdout:presto-v1:en-US:22d2b8ebd0fdbf688b13dd23ddc0a334d0ed452dba293e08d73bc32db486365b: action
evidence 452/860 holdout:massive-v1.1:es-ES:11767: conversation
evidence 453/860 holdout:presto-v1:es-ES:cab46a6d1f9d9ef2b221b33aeae95af6acb507f5d01ebccbdf003e52314a94a0: conversation
evidence 454/860 holdout:presto-v1:es-ES:e7a4d38be3e9adc0f6b059fbb30261cf1e7b472ad2a81d1e44210ccef9a661a7: conversation
evidence 455/860 holdout:massive-v1.1:es-ES:6431: conversation
evidence 456/860 holdout:massive-v1.1:en-US:7693: action
evidence 457/860 holdout:massive-v1.1:es-ES:11539: conversation
evidence 458/860 holdout:massive-v1.1:en-US:6325: conversation
evidence 459/860 holdout:presto-v1:es-ES:dd409f26de9eb52fce931f3bcd415694a310c3ae490ebbd0aa3eff00e901dabf: conversation
evidence 460/860 holdout:massive-v1.1:es-ES:3590: conversation
evidence 461/860 holdout:presto-v1:es-ES:740d2a1eca4343c748021b140a8ffd8b949288ba067724b9bedc5460ffa0486d: conversation
evidence 462/860 holdout:massive-v1.1:es-ES:15056: conversation
evidence 463/860 holdout:massive-v1.1:en-US:6376: conversation
evidence 464/860 holdout:presto-v1:es-ES:a6936db2bdd759f82ea6e1374beec76acc9687bb900535e7233977992829bf2d: conversation
evidence 465/860 holdout:massive-v1.1:en-US:4881: action
evidence 466/860 holdout:massive-v1.1:en-US:13175: conversation
evidence 467/860 holdout:massive-v1.1:en-US:7196: conversation
evidence 468/860 holdout:massive-v1.1:en-US:6426: conversation
evidence 469/860 holdout:presto-v1:en-US:2b8cdafd3f15fd099b03dec0e7c2f5b5017828f72af22009013a5337b71c45fc: conversation
evidence 470/860 holdout:massive-v1.1:es-ES:3413: conversation
evidence 471/860 holdout:massive-v1.1:es-ES:3305: conversation
evidence 472/860 holdout:massive-v1.1:es-ES:9138: conversation
evidence 473/860 holdout:presto-v1:es-ES:b1670f382d57bb860270c7014541bde49faeb712d4d2d5d718295c6e03cdf1c6: conversation
evidence 474/860 holdout:presto-v1:es-ES:3826ca259f77c2298e817bfb68ba6c7ccb34fd655b24ab799a54c45324d3a548: conversation
evidence 475/860 holdout:massive-v1.1:en-US:14545: conversation
evidence 476/860 holdout:massive-v1.1:es-ES:8261: conversation
evidence 477/860 holdout:massive-v1.1:es-ES:13853: conversation
evidence 478/860 holdout:massive-v1.1:en-US:969: action
evidence 479/860 holdout:massive-v1.1:es-ES:10403: conversation
evidence 480/860 holdout:presto-v1:es-ES:90c0c553a004c3c25d18c64f582197844db343b02c40e6f60c24a4eb0f08bf83: conversation
evidence 481/860 holdout:presto-v1:es-ES:46f94d7b4dad5238f8c7af4b33f576a6a22d1765ba1e5d3bbcc24af7368ed5a5: conversation
evidence 482/860 holdout:massive-v1.1:es-ES:7463: conversation
evidence 483/860 holdout:massive-v1.1:en-US:11825: conversation
evidence 484/860 holdout:presto-v1:es-ES:18168537700fb718290251499c4a61e416b1399bcfe6dab43fb3bab12939c746: conversation
evidence 485/860 holdout:presto-v1:es-ES:c4aa21c4bb13b7caae2be46a9c85743d3d0d754023f734d6acc2086be1344b25: conversation
evidence 486/860 holdout:massive-v1.1:es-ES:12294: conversation
evidence 487/860 holdout:presto-v1:es-ES:060be6736534dab907e8fae1a99e921d43ce97f22f82958df41863a390e7b303: conversation
evidence 488/860 holdout:presto-v1:en-US:c1d03b02619ab111c9ff9f2a5ff491c9e83cc9e06858b0862611c2564a7ef49a: conversation
evidence 489/860 holdout:presto-v1:es-ES:20ea39f7580bad012e0e454d737f17575e82321519de45375d3469c8ef7b21e6: conversation
evidence 490/860 holdout:massive-v1.1:en-US:10061: conversation
evidence 491/860 holdout:presto-v1:es-ES:e09b33cdebdb1578042e0abc4427a923e2ac14ba572b397e08d5f24d6ceeff0d: conversation
evidence 492/860 holdout:presto-v1:en-US:7c165d3e7985c0f606f5e79a81fc8d7376912e80c47965c18860b3d9f4253835: action
evidence 493/860 holdout:massive-v1.1:es-ES:9137: conversation
evidence 494/860 holdout:massive-v1.1:en-US:11770: conversation
evidence 495/860 holdout:presto-v1:es-ES:fa3abd48696b39366707dd114b359bbc50cc804bb37e5ac21c5862a1ced0b84b: action
evidence 496/860 holdout:massive-v1.1:en-US:2908: conversation
evidence 497/860 holdout:massive-v1.1:en-US:11841: clarify
evidence 498/860 holdout:presto-v1:es-ES:9bfc231edb600a9f996cde1cb74dfaa6fd0cc7f75c457d42e167a98a060ac977: conversation
evidence 499/860 holdout:presto-v1:es-ES:466ec15c0e511810c51e1a64d92bb2b9f04ac30416f358e6ba39ae0998af5a86: conversation
evidence 500/860 holdout:massive-v1.1:es-ES:5401: conversation
evidence 501/860 holdout:massive-v1.1:es-ES:9726: conversation
evidence 502/860 holdout:massive-v1.1:en-US:13197: conversation
evidence 503/860 holdout:massive-v1.1:en-US:12354: conversation
evidence 504/860 holdout:massive-v1.1:es-ES:1533: conversation
evidence 505/860 holdout:presto-v1:en-US:a12ffe88dd5ca3b778f1ccfdd613c9426557e902b8e1ba2a862b1029a23e2c41: conversation
evidence 506/860 holdout:massive-v1.1:es-ES:14742: conversation
evidence 507/860 holdout:presto-v1:es-ES:ff539bb8195354043d121d3e6a32499ddb7419434560bf6704ce122492f76ee1: conversation
evidence 508/860 holdout:massive-v1.1:es-ES:7004: action
evidence 509/860 holdout:presto-v1:en-US:55fd145df0ef81a0be93747b25a9c1a3a42bc8aef1bbf9c3211c68f98dbe3e5d: plan
evidence 510/860 holdout:massive-v1.1:es-ES:14239: conversation
evidence 511/860 holdout:massive-v1.1:es-ES:9175: action
evidence 512/860 holdout:presto-v1:es-ES:d0bf23955a03a97ef26211d6bf7a1c5cdcbf591a7c939df51486c8915f947410: conversation
evidence 513/860 holdout:massive-v1.1:es-ES:6325: conversation
evidence 514/860 holdout:massive-v1.1:en-US:4040: action
evidence 515/860 holdout:massive-v1.1:es-ES:9591: action
evidence 516/860 holdout:massive-v1.1:es-ES:12582: conversation
evidence 517/860 holdout:massive-v1.1:es-ES:6615: conversation
evidence 518/860 holdout:massive-v1.1:es-ES:3695: clarify
evidence 519/860 holdout:presto-v1:es-ES:b96f46e20b822bd95e669d622a89bf2bd78b3d76d45b1c799415471f87f9eb35: action
evidence 520/860 holdout:presto-v1:en-US:017ad3dec7925e149ec0ffc369ba8bfec9417c4b7fec00fde69b15e81e208bd1: action
evidence 521/860 holdout:massive-v1.1:es-ES:333: conversation
evidence 522/860 holdout:massive-v1.1:es-ES:11665: conversation
evidence 523/860 holdout:massive-v1.1:en-US:5600: conversation
evidence 524/860 holdout:massive-v1.1:en-US:6181: conversation
evidence 525/860 holdout:massive-v1.1:en-US:6850: conversation
evidence 526/860 holdout:massive-v1.1:es-ES:1982: action
evidence 527/860 holdout:presto-v1:es-ES:29034c466be3199bc17977ee4d741244c7571e0236552d50d0e78432f022c6bd: conversation
evidence 528/860 holdout:massive-v1.1:en-US:6578: conversation
evidence 529/860 holdout:massive-v1.1:en-US:2801: conversation
evidence 530/860 holdout:presto-v1:es-ES:147698595de7b302f9a0279bc555d546e79904fd494f06885611077395f3e1b6: action
evidence 531/860 holdout:presto-v1:en-US:0bd2af2c25f990834c9b028c6a1fec7dd69384673bf3e87f344f95f0dfcb4ad7: conversation
evidence 532/860 holdout:presto-v1:en-US:f73ebc23eeb84825f52e03265a8b5faa85b53d5a6c3843886e25cd39c68dc63f: conversation
evidence 533/860 holdout:massive-v1.1:en-US:12419: conversation
evidence 534/860 holdout:massive-v1.1:es-ES:2615: clarify
evidence 535/860 holdout:presto-v1:es-ES:1350afa7e376fe5159f90d97bf95bba6440b69ee01337d12edd218bfb1fdbbd3: action
evidence 536/860 holdout:massive-v1.1:en-US:407: action
evidence 537/860 holdout:massive-v1.1:en-US:2796: conversation
evidence 538/860 holdout:massive-v1.1:en-US:8520: action
evidence 539/860 holdout:massive-v1.1:es-ES:1683: conversation
evidence 540/860 holdout:massive-v1.1:en-US:6615: conversation
evidence 541/860 holdout:massive-v1.1:en-US:11844: action
evidence 542/860 holdout:presto-v1:es-ES:9bf1bd8005ece14a42363494dd5298e19a38784244fd2764dda566a5e3ce1bf5: action
evidence 543/860 holdout:massive-v1.1:es-ES:3686: conversation
evidence 544/860 holdout:presto-v1:es-ES:d5c2967a9ba876168647eca4aeee388c5722e11121c3d3407b981d2496e3f9ff: conversation
evidence 545/860 holdout:massive-v1.1:es-ES:2207: conversation
evidence 546/860 holdout:massive-v1.1:en-US:4187: conversation
evidence 547/860 holdout:massive-v1.1:en-US:10346: conversation
evidence 548/860 holdout:presto-v1:es-ES:9fe45ec909d1dd4cfe2c5c663461154f4cef9c9f5b49acd834b2451a58fb6a2d: conversation
evidence 549/860 holdout:massive-v1.1:es-ES:12957: conversation
evidence 550/860 holdout:presto-v1:es-ES:8f9b63526def42520cb8a42a3283631992368b0d480066a5ddf552ddc5bdf562: conversation
evidence 551/860 holdout:presto-v1:en-US:da9c049a6cb02a26d9a1472d26fd6773b5d2237ed686b5725c60fa157336789b: conversation
evidence 552/860 holdout:massive-v1.1:en-US:3779: action
evidence 553/860 holdout:massive-v1.1:es-ES:5557: action
evidence 554/860 holdout:presto-v1:en-US:fbc3481a594ef214e2d6ff9c2ee820bd5bd3ec9859ef029b73fca37f449f85c5: conversation
evidence 555/860 holdout:massive-v1.1:es-ES:7565: conversation
evidence 556/860 holdout:massive-v1.1:en-US:11782: conversation
evidence 557/860 holdout:massive-v1.1:es-ES:6023: conversation
evidence 558/860 holdout:massive-v1.1:en-US:9924: conversation
evidence 559/860 holdout:presto-v1:es-ES:20c904b3dbbfaef217824956f619d781bb90a87d53973cca1e3b00c4623a2fcc: conversation
evidence 560/860 holdout:presto-v1:es-ES:0a2a1025990081df1b69f00882a920883e4a70d1e2d2a66939fc3d414c3d74be: clarify
evidence 561/860 holdout:massive-v1.1:es-ES:10366: conversation
evidence 562/860 holdout:massive-v1.1:en-US:8426: conversation
evidence 563/860 holdout:presto-v1:en-US:558cdc803361a56d9d23765663c004b4594a76448638ed53aea82066ee71ffe6: conversation
evidence 564/860 holdout:massive-v1.1:es-ES:11841: action
evidence 565/860 holdout:presto-v1:en-US:bf337399df07abb773337082da02d9afa0d7430bc5954533bcf7210a32b09415: conversation
evidence 566/860 holdout:massive-v1.1:en-US:12736: conversation
evidence 567/860 holdout:presto-v1:es-ES:fae5906c0dad9eb02f0cff5669548bc99432dc3abf2bf80937f581ca38e13be5: conversation
evidence 568/860 holdout:presto-v1:en-US:86ceb545dac8c34c11c231692c0d5f697f6e0c91a5c34acbb793ca44df0c91f5: action
evidence 569/860 holdout:massive-v1.1:es-ES:5997: conversation
evidence 570/860 holdout:massive-v1.1:es-ES:13223: conversation
evidence 571/860 holdout:massive-v1.1:en-US:10335: conversation
evidence 572/860 holdout:massive-v1.1:en-US:9617: action
evidence 573/860 holdout:massive-v1.1:en-US:3117: action
evidence 574/860 holdout:massive-v1.1:es-ES:14465: action
evidence 575/860 holdout:massive-v1.1:es-ES:585: conversation
evidence 576/860 holdout:massive-v1.1:en-US:7613: clarify
evidence 577/860 holdout:massive-v1.1:en-US:5427: conversation
evidence 578/860 holdout:presto-v1:es-ES:b5fc003a6709c0a443fca0d8c20218c4a5420bf8cf21ee42d0aba9103a563b4e: conversation
evidence 579/860 holdout:presto-v1:es-ES:b8d461b01e57b161966632cfb3a7c8cab1d58730774b32db86e6aa5dd17097de: conversation
evidence 580/860 holdout:massive-v1.1:en-US:6352: conversation
evidence 581/860 holdout:massive-v1.1:en-US:11733: conversation
evidence 582/860 holdout:massive-v1.1:es-ES:10220: conversation
evidence 583/860 holdout:presto-v1:es-ES:8c6cb9f2eaf1058f0d9c1f3f36ac16e20c76d4d48061b49c034e8c0437ebaa7a: action
evidence 584/860 holdout:presto-v1:es-ES:4b0e394812b6710877556757cbaee84bf69d8a24f3700d787209f74324c4d249: conversation
evidence 585/860 holdout:presto-v1:es-ES:daf990b56cf51feaabbf0cea0bd54eb4ad4aad25d631e9e75733e7493b14b2ed: action
evidence 586/860 holdout:massive-v1.1:es-ES:10097: conversation
evidence 587/860 holdout:massive-v1.1:es-ES:5365: action
evidence 588/860 holdout:massive-v1.1:en-US:4491: conversation
evidence 589/860 holdout:massive-v1.1:en-US:430: action
evidence 590/860 holdout:massive-v1.1:en-US:738: action
evidence 591/860 holdout:presto-v1:es-ES:97990a663deeb9167abd76727fe0b980fcac6ea5db6439328fa801bb4967126c: conversation
evidence 592/860 holdout:massive-v1.1:en-US:411: conversation
evidence 593/860 holdout:presto-v1:en-US:d905dd1ba306f28c578a616a39c266e286a3caa551ed309c73a06c96cd05ef8c: action
evidence 594/860 holdout:massive-v1.1:en-US:6166: conversation
evidence 595/860 holdout:massive-v1.1:en-US:7918: clarify
evidence 596/860 holdout:massive-v1.1:en-US:8260: conversation
evidence 597/860 holdout:presto-v1:es-ES:9e0c9549b944ca345339f89135c9c323e33d941059acbaea61490211d6b43bf0: conversation
evidence 598/860 holdout:massive-v1.1:es-ES:5297: conversation
evidence 599/860 holdout:presto-v1:es-ES:01793349a00b7dc265702fd42e94c21755e5eeadf14cc9416510ef3e459b5b0d: conversation
evidence 600/860 holdout:massive-v1.1:en-US:4692: action
evidence 601/860 holdout:massive-v1.1:es-ES:12245: conversation
evidence 602/860 holdout:massive-v1.1:en-US:11612: conversation
evidence 603/860 holdout:massive-v1.1:en-US:7774: clarify
evidence 604/860 holdout:massive-v1.1:en-US:3761: clarify
evidence 605/860 holdout:presto-v1:es-ES:f83afd21ad6c54ce1b3ec931f1e889cf67a8852e616fd6dfa9e60ca4312a44f3: conversation
evidence 606/860 holdout:presto-v1:en-US:c6011958ca483537f1dfec92b7206cee4df7b3c62e0f06cb26113b9699b57f58: conversation
evidence 607/860 holdout:massive-v1.1:es-ES:14457: conversation
evidence 608/860 holdout:presto-v1:es-ES:0c3500bc3c995fb574d8bc0a9c9d4fc171507b521ccbfb2b3f908ed8fc2e7975: conversation
evidence 609/860 holdout:massive-v1.1:en-US:2560: clarify
evidence 610/860 holdout:massive-v1.1:es-ES:1256: conversation
evidence 611/860 holdout:massive-v1.1:en-US:14553: conversation
evidence 612/860 holdout:presto-v1:es-ES:1dc5565b325ea88ef3ebde0f0a9b13f52fb11494bf81616cf51e7a3653d4774a: action
evidence 613/860 holdout:massive-v1.1:es-ES:4587: conversation
evidence 614/860 holdout:massive-v1.1:en-US:967: action
evidence 615/860 holdout:massive-v1.1:es-ES:5134: conversation
evidence 616/860 holdout:massive-v1.1:es-ES:11353: conversation
evidence 617/860 holdout:presto-v1:es-ES:676864d16124a7c8a39b906ebfd53fcf11dd40fc34f5839883c400bea8b5caef: clarify
evidence 618/860 holdout:presto-v1:en-US:5267923267922ac5fd3b2c4eaeeb72df4cadb019c34e2c6616bcbf32e12653d3: conversation
evidence 619/860 holdout:presto-v1:en-US:6e740b5e5873653129c07152afb5fd3e714c4dbe1fc5b48dd9058d2843397b39: conversation
evidence 620/860 holdout:massive-v1.1:es-ES:13177: conversation
evidence 621/860 holdout:massive-v1.1:en-US:7013: conversation
evidence 622/860 holdout:massive-v1.1:en-US:5082: action
evidence 623/860 holdout:presto-v1:en-US:e97f0505b2a9bbf83d53e55da2b25a9728185130889a980ac73863af23ce1a72: conversation
evidence 624/860 holdout:massive-v1.1:es-ES:5037: conversation
evidence 625/860 holdout:presto-v1:es-ES:80530d5c0044b334680fea4ff2b31ef0d0411040f26fe6bedb2f526c9361ba13: conversation
evidence 626/860 holdout:massive-v1.1:en-US:11279: conversation
evidence 627/860 holdout:massive-v1.1:en-US:3907: action
evidence 628/860 holdout:massive-v1.1:en-US:1962: conversation
evidence 629/860 holdout:presto-v1:es-ES:8805215e37f2e3be149bb4757531efe378e1e43503a4c4df222505182d101bbd: action
evidence 630/860 holdout:massive-v1.1:en-US:14653: conversation
evidence 631/860 holdout:massive-v1.1:en-US:2432: conversation
evidence 632/860 holdout:massive-v1.1:en-US:14316: conversation
evidence 633/860 holdout:presto-v1:es-ES:7dce8ec3c3c9c4354cdababc9844d8f99a3466b7c33d3a4e5488f69c7c1c7879: conversation
evidence 634/860 holdout:presto-v1:es-ES:66122e972039f130db38e4394e484e5a5d668bcfd42aa8eb583e6955b46dc81b: conversation
evidence 635/860 holdout:massive-v1.1:es-ES:8880: action
evidence 636/860 holdout:presto-v1:en-US:ed83479514ff5081fabe611f6c48f2098fdf29bf61eb9c4e6ac4391e30f2e469: conversation
evidence 637/860 holdout:presto-v1:en-US:96f23d73ccbbd977a04f4ef5732006ecae3ceb267949fe58a62c731125644ef3: conversation
evidence 638/860 holdout:presto-v1:en-US:2eff7fc86c1f4365179f11ca121b14e14fc2e7e3813b74699a61a6ccb4d85c1a: conversation
evidence 639/860 holdout:massive-v1.1:en-US:9114: action
evidence 640/860 holdout:massive-v1.1:es-ES:4058: conversation
evidence 641/860 holdout:presto-v1:es-ES:ad5c13abe77da6361d371450fbc73624deb23db5aa7db607df1be6a3f6691a51: conversation
evidence 642/860 holdout:presto-v1:en-US:35b66d99feac0b467dadba8984a24c3c01cb93f05080ad0bb506aa58ad31d7cb: action
evidence 643/860 holdout:massive-v1.1:en-US:6072: conversation
evidence 644/860 holdout:massive-v1.1:en-US:11265: action
evidence 645/860 holdout:massive-v1.1:en-US:10497: conversation
evidence 646/860 holdout:massive-v1.1:es-ES:6446: conversation
evidence 647/860 holdout:massive-v1.1:en-US:441: conversation
evidence 648/860 holdout:massive-v1.1:es-ES:1547: conversation
evidence 649/860 holdout:presto-v1:en-US:8a7f8de0559c9f9ea8f21fbd0ac2c89361a9d051e5731328e75dbcf30e0ca240: conversation
evidence 650/860 holdout:massive-v1.1:es-ES:6304: conversation
evidence 651/860 holdout:massive-v1.1:es-ES:14820: conversation
evidence 652/860 holdout:massive-v1.1:es-ES:9124: action
evidence 653/860 holdout:massive-v1.1:es-ES:10048: conversation
evidence 654/860 holdout:massive-v1.1:en-US:4776: conversation
evidence 655/860 holdout:presto-v1:en-US:09487e03365b68df9966078acf9e32d8c6136fb7c0f2fcb111a3494e49eb824f: clarify
evidence 656/860 holdout:massive-v1.1:es-ES:11341: conversation
evidence 657/860 holdout:massive-v1.1:es-ES:7908: conversation
evidence 658/860 holdout:massive-v1.1:es-ES:6294: conversation
evidence 659/860 holdout:presto-v1:en-US:7a448129cdc9b14bf5639846834cdbeaba4342d98e6fe8bdbf3b2dccd5e2b345: conversation
evidence 660/860 holdout:presto-v1:es-ES:2b9afc7781594ba53c0a5a0dc5303a0d3fc1fadf40260e6e7e757edc0ce5d0ae: conversation
evidence 661/860 holdout:presto-v1:es-ES:2872b709e76934c9e65dcecbe37db258c8f1221256cb9e4af170821a59603e6d: conversation
evidence 662/860 holdout:massive-v1.1:es-ES:6621: conversation
evidence 663/860 holdout:presto-v1:es-ES:c2b11445e73fdfae124c06979ec5ff03413568849c0ebd716c42c6167a60fa2c: conversation
evidence 664/860 holdout:massive-v1.1:es-ES:3020: conversation
evidence 665/860 holdout:presto-v1:en-US:09248c2eaa3ca03b50ce6a39fdf3f5b5ec561ddca8d870cf7d685643e80d3ded: conversation
evidence 666/860 holdout:presto-v1:en-US:0d6625611cef1a2b8e574d30242fc72db2f8b0dce1218282899a46cfd48b5534: conversation
evidence 667/860 holdout:massive-v1.1:en-US:8056: conversation
evidence 668/860 holdout:presto-v1:en-US:fd0241953aca0afa33f26511ff5ff21bebdc5caf72df9c36f5ed15c334cf6f70: conversation
evidence 669/860 holdout:massive-v1.1:en-US:5683: action
evidence 670/860 holdout:presto-v1:es-ES:201809f8c9fbb815245b2256198eca912d3dd25a940f26db0905f315b933f575: action
evidence 671/860 holdout:presto-v1:en-US:549aa330776f8df5a6d479126a91b47486f096d2ab9a54fd21cb1ef59bda9be3: action
evidence 672/860 holdout:presto-v1:es-ES:c8e037983719c634286bafa188e4541eef67f5403e1c17b79d795fd87495cd2d: conversation
evidence 673/860 holdout:massive-v1.1:es-ES:790: action
evidence 674/860 holdout:presto-v1:es-ES:a1a2e33fc5a14f193871b3d8db6149e1a4000c52ded11d59b115308bc017f359: conversation
evidence 675/860 holdout:massive-v1.1:es-ES:13464: conversation
evidence 676/860 holdout:presto-v1:es-ES:de05442a249d755c276c593080c7aa833284b8e39dc4395f1aa0eaa621439225: conversation
evidence 677/860 holdout:presto-v1:en-US:42fb88a67dbd78496d37e6613f620265e8b8ecba3eb3c6c5da6ea95bdeb60c27: action
evidence 678/860 holdout:massive-v1.1:en-US:168: conversation
evidence 679/860 holdout:presto-v1:en-US:9f6d1a3765fe13ca2d03548130ffde219685548a1d13c82becfa5d86d8917e48: plan
evidence 680/860 holdout:massive-v1.1:es-ES:10197: conversation
evidence 681/860 holdout:presto-v1:es-ES:2f50bf15d75e249faa700a968c15fc890c9215fcbe8cba862d7f8c05c1a63e88: conversation
evidence 682/860 holdout:presto-v1:en-US:82598817bbb760750b13f7e3e96981afe08c8e4b274e55dcb242f355c9f14525: clarify
evidence 683/860 holdout:presto-v1:es-ES:7ef38407827d57d0055f02a1cb680ba324c44e1a450f4b8db90dda075e95467e: conversation
evidence 684/860 holdout:massive-v1.1:es-ES:6220: conversation
evidence 685/860 holdout:massive-v1.1:en-US:12437: conversation
evidence 686/860 holdout:massive-v1.1:en-US:4890: action
evidence 687/860 holdout:massive-v1.1:es-ES:5341: conversation
evidence 688/860 holdout:massive-v1.1:en-US:6371: conversation
evidence 689/860 holdout:massive-v1.1:en-US:14673: conversation
evidence 690/860 holdout:massive-v1.1:en-US:8320: conversation
evidence 691/860 holdout:presto-v1:es-ES:aa4501c6396fe5e8fb1f5c04340e4c6514ebe2976f6327a208bedd195567d5db: conversation
evidence 692/860 holdout:massive-v1.1:es-ES:7061: action
evidence 693/860 holdout:presto-v1:es-ES:0259a5d0c534d692a1f888abd4a891c3f4c43105e10d112d0c93541f2e262fc9: conversation
evidence 694/860 holdout:presto-v1:es-ES:f6f953373936e9553f1a88eed2d5b90cffe35709e0bd96f401e49f7bc6ad497e: conversation
evidence 695/860 holdout:massive-v1.1:es-ES:862: action
evidence 696/860 holdout:presto-v1:es-ES:c02909a67753d543ff5099d5d6613f8d03b9ecfb6ae678449afa64aed3016592: conversation
evidence 697/860 holdout:massive-v1.1:en-US:2156: conversation
evidence 698/860 holdout:massive-v1.1:es-ES:782: action
evidence 699/860 holdout:massive-v1.1:en-US:1579: conversation
evidence 700/860 holdout:massive-v1.1:en-US:13688: conversation
evidence 701/860 holdout:presto-v1:en-US:4684b3ba78022513e453864dc1f6109b5865854e4557a9f7dd22332313185670: conversation
evidence 702/860 holdout:massive-v1.1:en-US:3516: conversation
evidence 703/860 holdout:massive-v1.1:en-US:2957: action
evidence 704/860 holdout:presto-v1:en-US:7f6ecbc63bea589ce168dc06ebc03d079c6e444af248b4fd83286c020a1b9dce: conversation
evidence 705/860 holdout:massive-v1.1:en-US:1870: conversation
evidence 706/860 holdout:massive-v1.1:en-US:11959: conversation
evidence 707/860 holdout:massive-v1.1:en-US:9827: conversation
evidence 708/860 holdout:massive-v1.1:es-ES:11644: clarify
evidence 709/860 holdout:massive-v1.1:es-ES:7292: conversation
evidence 710/860 holdout:massive-v1.1:en-US:4136: action
evidence 711/860 holdout:massive-v1.1:en-US:13067: conversation
evidence 712/860 holdout:massive-v1.1:en-US:9601: action
evidence 713/860 holdout:presto-v1:es-ES:49c50cd9de8d5c743b8391e289a8f419f33218d9be2b80f0b7e5d07c989eed27: action
evidence 714/860 holdout:massive-v1.1:es-ES:6746: clarify
evidence 715/860 holdout:presto-v1:es-ES:b08025fdd8d16c04b7c8750f2694368d7ef5d97452944d324f40b1d7c73ce28d: conversation
evidence 716/860 holdout:presto-v1:en-US:e0be30943333119135d34c769b673747509a0ddce588026024dd1c3669df2156: plan
evidence 717/860 holdout:massive-v1.1:en-US:11953: conversation
evidence 718/860 holdout:presto-v1:en-US:225d7b24b921f3e36a7ab3912301100a31c0585d5da49058991d93ebdcabc910: action
evidence 719/860 holdout:massive-v1.1:en-US:6305: conversation
evidence 720/860 holdout:presto-v1:es-ES:109ad54b964f3457151d50995ef183353d22506443e5d8328038a360869dfb8d: clarify
evidence 721/860 holdout:massive-v1.1:en-US:11773: action
evidence 722/860 holdout:massive-v1.1:en-US:4266: conversation
evidence 723/860 holdout:massive-v1.1:es-ES:6129: conversation
evidence 724/860 holdout:massive-v1.1:en-US:5820: plan
evidence 725/860 holdout:massive-v1.1:en-US:15020: conversation
evidence 726/860 holdout:presto-v1:es-ES:e3b5d8a0a27006a41c36ed010d8b06a11d49372c47ecf034f70b019c6ec00f29: conversation
evidence 727/860 holdout:massive-v1.1:es-ES:9341: conversation
evidence 728/860 holdout:massive-v1.1:es-ES:6485: conversation
evidence 729/860 holdout:massive-v1.1:en-US:14015: conversation
evidence 730/860 holdout:massive-v1.1:es-ES:412: conversation
evidence 731/860 holdout:massive-v1.1:es-ES:3829: action
evidence 732/860 holdout:massive-v1.1:en-US:6946: action
evidence 733/860 holdout:presto-v1:es-ES:8147c03fa1299b29e3d55c4ef45d72c556a4ca393f3d3126572db7cb425d8648: conversation
evidence 734/860 holdout:massive-v1.1:en-US:14223: conversation
evidence 735/860 holdout:massive-v1.1:en-US:1063: action
evidence 736/860 holdout:massive-v1.1:es-ES:3433: conversation
evidence 737/860 holdout:massive-v1.1:en-US:6517: conversation
evidence 738/860 holdout:massive-v1.1:en-US:625: action
evidence 739/860 holdout:massive-v1.1:en-US:7397: conversation
evidence 740/860 holdout:presto-v1:es-ES:cd760f02b68baaf22a4852a9ca3d35e35ff51b4b33f9efcc811d7d5a9221a764: conversation
evidence 741/860 holdout:massive-v1.1:es-ES:8035: action
evidence 742/860 holdout:massive-v1.1:en-US:612: conversation
evidence 743/860 holdout:presto-v1:es-ES:381c8bed72f1f8f1a8e8a93fb6a8ab880079e01c962d56d40cc5f9ebb4c12788: conversation
evidence 744/860 holdout:massive-v1.1:es-ES:4132: conversation
evidence 745/860 holdout:massive-v1.1:es-ES:9767: action
evidence 746/860 holdout:massive-v1.1:en-US:4017: conversation
evidence 747/860 holdout:massive-v1.1:es-ES:9565: action
evidence 748/860 holdout:presto-v1:es-ES:ee6326874b626ff3d21344fffa772ae5981aabee9db9f2dbcfe478a516059263: action
evidence 749/860 holdout:presto-v1:en-US:ab3ff17dacbe17d7855db2f1d5e03ced522c9f8d021e29058de27d49ba04e9b1: action
evidence 750/860 holdout:massive-v1.1:en-US:11664: conversation
evidence 751/860 holdout:presto-v1:es-ES:96e104c983195c3ee64fff75d5c89a4ff59b022fb200dc52fcd5c7ccb2b73b06: conversation
evidence 752/860 holdout:presto-v1:es-ES:aafb1649533e73967e3b6db5c92b93a56958bde9250ecad663c89ef8837bbc97: conversation
evidence 753/860 holdout:massive-v1.1:es-ES:6024: conversation
evidence 754/860 holdout:presto-v1:es-ES:4529c01c1b9031b0aeaaf4b6a27085711f8c1cf975418ba5c127b8638085516c: conversation
evidence 755/860 holdout:massive-v1.1:en-US:13370: conversation
evidence 756/860 holdout:presto-v1:en-US:147ec1f8794ba5e1ed1dc58418ab3285043af8a8e3a28c844d1977ab7b668577: conversation
evidence 757/860 holdout:presto-v1:es-ES:c8d8827881678e91d036306a3db7a1fd6a727625376ab3a7bbfd83dc2ef7ee68: clarify
evidence 758/860 holdout:massive-v1.1:en-US:9149: conversation
evidence 759/860 holdout:presto-v1:en-US:67e8afbfeb68edeea022bc81b4a254d3e6c9da4406ca43aec16a9304d02c9d67: conversation
evidence 760/860 holdout:massive-v1.1:es-ES:11270: clarify
evidence 761/860 holdout:massive-v1.1:en-US:6322: conversation
evidence 762/860 holdout:presto-v1:en-US:bd2703d86951eb5552b29490d57887a47c379a755c1bf9ba465cfd74494b398b: clarify
evidence 763/860 holdout:massive-v1.1:es-ES:11911: conversation
evidence 764/860 holdout:massive-v1.1:en-US:13766: conversation
evidence 765/860 holdout:massive-v1.1:en-US:1683: conversation
evidence 766/860 holdout:massive-v1.1:es-ES:4957: conversation
evidence 767/860 holdout:massive-v1.1:es-ES:11954: conversation
evidence 768/860 holdout:massive-v1.1:es-ES:11798: clarify
evidence 769/860 holdout:presto-v1:en-US:d1a9ac758dac898a5f0c6ed26574084c32f6eac674a4d235cac7a611a4c53eb8: conversation
evidence 770/860 holdout:presto-v1:en-US:fea050b65d8cce18fd6236e463cda9d2ecb50ee03b2ca25c0ca9cb9803e12e35: conversation
evidence 771/860 holdout:massive-v1.1:es-ES:2496: action
evidence 772/860 holdout:massive-v1.1:es-ES:7189: conversation
evidence 773/860 holdout:presto-v1:es-ES:a7ab6d388b6d1cc1909ff48743af7a002dfacd374999bee41132536ee22ea49a: conversation
evidence 774/860 holdout:massive-v1.1:en-US:6405: conversation
evidence 775/860 holdout:massive-v1.1:es-ES:6127: clarify
evidence 776/860 holdout:massive-v1.1:es-ES:15563: conversation
evidence 777/860 holdout:massive-v1.1:es-ES:11279: conversation
evidence 778/860 holdout:massive-v1.1:es-ES:11782: conversation
evidence 779/860 holdout:presto-v1:es-ES:1ec4979ab1483fd8bec154f83c7bba5931e7f365aabb26eeecf706a7bf35ba20: conversation
evidence 780/860 holdout:presto-v1:es-ES:a5a74bd6d81cd1e55760986c78c87e7a23d8f808eae3ad539bd4cd54aa4f3555: clarify
evidence 781/860 holdout:massive-v1.1:es-ES:6313: conversation
evidence 782/860 holdout:massive-v1.1:en-US:9460: action
evidence 783/860 holdout:massive-v1.1:en-US:13166: conversation
evidence 784/860 holdout:massive-v1.1:es-ES:13044: conversation
evidence 785/860 holdout:massive-v1.1:en-US:7557: action
evidence 786/860 holdout:massive-v1.1:es-ES:9855: conversation
evidence 787/860 holdout:massive-v1.1:es-ES:10213: conversation
evidence 788/860 holdout:presto-v1:es-ES:ee790eb0b4df727e5b1b9eb3a496307b038e98986d85eb1fd9782cd0720b0daa: conversation
evidence 789/860 holdout:massive-v1.1:es-ES:14891: conversation
evidence 790/860 holdout:massive-v1.1:es-ES:7140: clarify
evidence 791/860 holdout:massive-v1.1:en-US:11861: conversation
evidence 792/860 holdout:presto-v1:en-US:138949ac00aec40faa629338d5e75e6f795444220e23157cc48f69f29e24a2d5: clarify
evidence 793/860 holdout:presto-v1:es-ES:55bb8440d1509bc3e1825107e2ea6ef2f303b08482fa15eb4be686c349af74ef: conversation
evidence 794/860 holdout:massive-v1.1:en-US:2651: conversation
evidence 795/860 holdout:massive-v1.1:en-US:13694: conversation
evidence 796/860 holdout:massive-v1.1:en-US:2146: conversation
evidence 797/860 holdout:presto-v1:es-ES:1aae098faba503872c631f2baf7f0556d7092f5828a3125891357cf2d9f5627e: action
evidence 798/860 holdout:presto-v1:es-ES:57ae38267f19622de4b281f080dbeeb02c8eb7ae925d08482564ef17585b12c1: conversation
evidence 799/860 holdout:massive-v1.1:es-ES:13140: conversation
evidence 800/860 holdout:massive-v1.1:es-ES:334: conversation
evidence 801/860 holdout:massive-v1.1:en-US:3161: conversation
evidence 802/860 holdout:massive-v1.1:en-US:8579: action
evidence 803/860 holdout:presto-v1:en-US:b9be90b4ec312498cc5ba3dc7e09a4a7e37cf879b39526e3781a5b5a95806a0c: conversation
evidence 804/860 holdout:massive-v1.1:es-ES:12409: conversation
evidence 805/860 holdout:massive-v1.1:es-ES:13359: conversation
evidence 806/860 holdout:massive-v1.1:en-US:14684: conversation
evidence 807/860 holdout:massive-v1.1:es-ES:768: conversation
evidence 808/860 holdout:massive-v1.1:en-US:3513: action
evidence 809/860 holdout:massive-v1.1:en-US:11839: action
evidence 810/860 holdout:massive-v1.1:en-US:9402: action
evidence 811/860 holdout:presto-v1:es-ES:6fa92d42a7e3bc90f09930bbb001b67caa704c1a625f3c96287c75f97c1b43d3: conversation
evidence 812/860 holdout:massive-v1.1:es-ES:2548: conversation
evidence 813/860 holdout:massive-v1.1:en-US:13223: conversation
evidence 814/860 holdout:presto-v1:es-ES:d7113e74b9d351986da0a4602af1255c7a791a80dd80be15cbd4286e05d252b6: conversation
evidence 815/860 holdout:presto-v1:en-US:0a5f02e0b9714624028cf36b71f013d8c367ab2bf54131e25086591f0969460a: action
evidence 816/860 holdout:massive-v1.1:es-ES:3037: action
evidence 817/860 holdout:massive-v1.1:es-ES:9202: action
evidence 818/860 holdout:presto-v1:es-ES:3842dfb19626914582b3c18a38f15ac873da7773e25a3b755fce8958cddfdece: conversation
evidence 819/860 holdout:massive-v1.1:es-ES:14555: clarify
evidence 820/860 holdout:massive-v1.1:es-ES:14544: action
evidence 821/860 holdout:presto-v1:es-ES:e65ca890d7bbe82248545430b473859c20b270debac256a1a74b4825b1419129: conversation
evidence 822/860 holdout:massive-v1.1:es-ES:5948: conversation
evidence 823/860 holdout:massive-v1.1:es-ES:13135: conversation
evidence 824/860 holdout:presto-v1:es-ES:60d1aff3cf5163fd2ec5a1a7d22c40ff81f9a93bef8d5525997d24510f6e9438: conversation
evidence 825/860 holdout:massive-v1.1:en-US:9669: conversation
evidence 826/860 holdout:massive-v1.1:en-US:8084: conversation
evidence 827/860 holdout:massive-v1.1:es-ES:5411: action
evidence 828/860 holdout:massive-v1.1:es-ES:11802: conversation
evidence 829/860 holdout:presto-v1:en-US:f3134d296153a14cda44001f8f7942b5e44f1583d24520065880099de24a40f2: conversation
evidence 830/860 holdout:massive-v1.1:es-ES:13888: conversation
evidence 831/860 holdout:massive-v1.1:en-US:14419: conversation
evidence 832/860 holdout:massive-v1.1:en-US:2531: conversation
evidence 833/860 holdout:massive-v1.1:en-US:13521: conversation
evidence 834/860 holdout:presto-v1:es-ES:97bfbdc033bdc05b2b90ff2589b0cbdf1c511e17dedfbd04c8c9afcb89c966e8: plan
evidence 835/860 holdout:massive-v1.1:en-US:13762: conversation
evidence 836/860 holdout:massive-v1.1:es-ES:14126: conversation
evidence 837/860 holdout:massive-v1.1:en-US:6248: conversation
evidence 838/860 holdout:presto-v1:es-ES:39a4de09a600aa3a4b13b875db774d937c8d1a89c14921a3b2e60bae652c44c0: action
evidence 839/860 holdout:massive-v1.1:en-US:2165: conversation
evidence 840/860 holdout:massive-v1.1:es-ES:7851: conversation
evidence 841/860 holdout:massive-v1.1:en-US:10049: clarify
evidence 842/860 holdout:presto-v1:es-ES:a038b516898dee5ea0462646174113a7dbb3e90d560ecee1476a805219510768: conversation
evidence 843/860 holdout:presto-v1:es-ES:f7c551876d66259f48a0353186c0e51f0c607015619f7843943d9f6ffa5bcb4d: conversation
evidence 844/860 holdout:massive-v1.1:es-ES:5650: conversation
evidence 845/860 holdout:massive-v1.1:en-US:6417: conversation
evidence 846/860 holdout:massive-v1.1:en-US:10357: action
evidence 847/860 holdout:presto-v1:en-US:26103e685b558e089e745051bfe880e68545bd3d577305a785389b45c35c7dec: plan
evidence 848/860 holdout:massive-v1.1:es-ES:9977: conversation
evidence 849/860 holdout:massive-v1.1:en-US:10353: conversation
evidence 850/860 holdout:massive-v1.1:en-US:7026: action
evidence 851/860 holdout:presto-v1:en-US:b8fea4cb56a3468191c7868f33c1f6965eaeb10a16c769909c314e9ab702ec15: action
evidence 852/860 holdout:massive-v1.1:es-ES:4502: conversation
evidence 853/860 holdout:presto-v1:en-US:7777782bbe66e672a21e8a8f3e80eea88439669f6e5973d4660a5bfcd7b36ad2: action
evidence 854/860 holdout:presto-v1:es-ES:b0fac396bc13b7e2f8e61842e601819aed3e0e0ac419d8859958388fb3375eeb: conversation
evidence 855/860 holdout:massive-v1.1:en-US:15062: conversation
evidence 856/860 holdout:massive-v1.1:en-US:412: conversation
evidence 857/860 holdout:massive-v1.1:en-US:2548: conversation
evidence 858/860 holdout:massive-v1.1:es-ES:9062: conversation
evidence 859/860 holdout:presto-v1:en-US:d9d3295d000aab008da9e8f5ded46a5479a00a4a617d232d4afd63dfec28eb97: conversation
evidence 860/860 holdout:presto-v1:en-US:dcc34864f4dc92136421844a5233e73864ad784fca3d79f039c1a00a66391501: conversation
{
  "paired_cases": 860,
  "baseline": {
    "completed_cases": 860,
    "runtime_errors": 0,
    "retried_cases": 11,
    "max_turn_attempts": 2,
    "recovery_cases": 0,
    "semantic_recovery_cases": 0,
    "protocol_fallback_cases": 0,
    "recovery_rate": 0.0,
    "protocol_fallback_rate": 0.0,
    "invalid_recovery_metadata_cases": 0,
    "critical_recovery_cases": 0,
    "passed_cases": 275,
    "mode_accuracy": 0.36674528301886794,
    "macro_f1": 0.18934407944555645,
    "family_accuracy": 0.1894150417827298,
    "family_cases": 718,
    "retrieval_observed_cases": 718,
    "retrieval_family_recall": 0.5891364902506964,
    "raw_decision_family_accuracy": 0.4415041782729805,
    "veto_removed_expected_actions": 171,
    "family_failure_partition": {
      "recovery": 295,
      "decision": 96,
      "veto": 171
    },
    "unsafe_false_actions": 0,
    "no_effect_cases": 138,
    "unsafe_false_action_rate": 0.0,
    "critical_passed": 6,
    "critical_total": 8,
    "latency": {
      "mean_seconds": 1.4222,
      "p50_seconds": 1.3509,
      "p95_seconds": 3.4511,
      "max_seconds": 5.1551
    }
  },
  "evidence": {
    "completed_cases": 860,
    "runtime_errors": 0,
    "retried_cases": 11,
    "max_turn_attempts": 2,
    "recovery_cases": 0,
    "semantic_recovery_cases": 0,
    "protocol_fallback_cases": 0,
    "recovery_rate": 0.0,
    "protocol_fallback_rate": 0.0,
    "invalid_recovery_metadata_cases": 0,
    "critical_recovery_cases": 0,
    "passed_cases": 277,
    "mode_accuracy": 0.36792452830188677,
    "macro_f1": 0.1894284884793463,
    "family_accuracy": 0.1935933147632312,
    "family_cases": 718,
    "retrieval_observed_cases": 718,
    "retrieval_family_recall": 0.5891364902506964,
    "raw_decision_family_accuracy": 0.4428969359331476,
    "veto_removed_expected_actions": 169,
    "family_failure_partition": {
      "recovery": 295,
      "decision": 95,
      "veto": 169
    },
    "unsafe_false_actions": 0,
    "no_effect_cases": 138,
    "unsafe_false_action_rate": 0.0,
    "critical_passed": 6,
    "critical_total": 8,
    "latency": {
      "mean_seconds": 1.4208,
      "p50_seconds": 1.323,
      "p95_seconds": 3.4269,
      "max_seconds": 5.096
    }
  },
  "paired_safety": {
    "added_unsafe_false_action_ids": [],
    "removed_unsafe_false_action_ids": []
  },
  "authority_transitions": {
    "allowed_contract": "identity_or_action_or_plan_to_conversation_only;action_identity_requires_same_operation",
    "violation_ids": [
      "holdout:massive-v1.1:en-US:1063",
      "holdout:massive-v1.1:en-US:3761",
      "holdout:massive-v1.1:en-US:5820",
      "holdout:massive-v1.1:en-US:8520",
      "holdout:massive-v1.1:es-ES:11841",
      "holdout:massive-v1.1:es-ES:1300",
      "holdout:massive-v1.1:es-ES:13607",
      "holdout:massive-v1.1:es-ES:13630",
      "holdout:massive-v1.1:es-ES:14820",
      "holdout:massive-v1.1:es-ES:4400",
      "holdout:massive-v1.1:es-ES:7477",
      "holdout:massive-v1.1:es-ES:9014",
      "holdout:massive-v1.1:es-ES:9680",
      "holdout:presto-v1:en-US:1276616b6bcda3e3536aa57c17fb61355195a1a8c6a51c95c8aeae99c8c47883",
      "holdout:presto-v1:en-US:225d7b24b921f3e36a7ab3912301100a31c0585d5da49058991d93ebdcabc910",
      "holdout:presto-v1:en-US:d9d3295d000aab008da9e8f5ded46a5479a00a4a617d232d4afd63dfec28eb97",
      "holdout:presto-v1:es-ES:1350afa7e376fe5159f90d97bf95bba6440b69ee01337d12edd218bfb1fdbbd3",
      "holdout:presto-v1:es-ES:5039de513081ab7dbd9b2a9ac843b609775ad3ef3a91d42a1eaedab50018b6a2",
      "holdout:presto-v1:es-ES:676864d16124a7c8a39b906ebfd53fcf11dd40fc34f5839883c400bea8b5caef",
      "holdout:presto-v1:es-ES:9049759cf9671c604a936fadf08a8949bcac50085a44e3a140dc586aee549a71"
    ],
    "violations": [
      {
        "case_id": "holdout:massive-v1.1:en-US:1063",
        "reason": "authority_transition_not_allowed",
        "baseline_mode": "clarify",
        "evidence_mode": "action",
        "baseline_operation": "",
        "evidence_operation": "notification.schedule"
      },
      {
        "case_id": "holdout:massive-v1.1:en-US:3761",
        "reason": "authority_transition_not_allowed",
        "baseline_mode": "action",
        "evidence_mode": "clarify",
        "baseline_operation": "system.power",
        "evidence_operation": ""
      },
      {
        "case_id": "holdout:massive-v1.1:en-US:5820",
        "reason": "authority_transition_not_allowed",
        "baseline_mode": "conversation",
        "evidence_mode": "plan",
        "baseline_operation": "",
        "evidence_operation": ""
      },
      {
        "case_id": "holdout:massive-v1.1:en-US:8520",
        "reason": "authority_transition_not_allowed",
        "baseline_mode": "clarify",
        "evidence_mode": "action",
        "baseline_operation": "",
        "evidence_operation": "calendar.event.create"
      },
      {
        "case_id": "holdout:massive-v1.1:es-ES:11841",
        "reason": "authority_transition_not_allowed",
        "baseline_mode": "conversation",
        "evidence_mode": "action",
        "baseline_operation": "",
        "evidence_operation": "web.search"
      },
      {
        "case_id": "holdout:massive-v1.1:es-ES:1300",
        "reason": "authority_transition_not_allowed",
        "baseline_mode": "clarify",
        "evidence_mode": "conversation",
        "baseline_operation": "",
        "evidence_operation": ""
      },
      {
        "case_id": "holdout:massive-v1.1:es-ES:13607",
        "reason": "authority_transition_not_allowed",
        "baseline_mode": "conversation",
        "evidence_mode": "clarify",
        "baseline_operation": "",
        "evidence_operation": ""
      },
      {
        "case_id": "holdout:massive-v1.1:es-ES:13630",
        "reason": "authority_transition_not_allowed",
        "baseline_mode": "conversation",
        "evidence_mode": "action",
        "baseline_operation": "",
        "evidence_operation": "filesystem.search"
      },
      {
        "case_id": "holdout:massive-v1.1:es-ES:14820",
        "reason": "authority_transition_not_allowed",
        "baseline_mode": "clarify",
        "evidence_mode": "conversation",
        "baseline_operation": "",
        "evidence_operation": ""
      },
      {
        "case_id": "holdout:massive-v1.1:es-ES:4400",
        "reason": "authority_transition_not_allowed",
        "baseline_mode": "conversation",
        "evidence_mode": "action",
        "baseline_operation": "",
        "evidence_operation": "task.search"
      },
      {
        "case_id": "holdout:massive-v1.1:es-ES:7477",
        "reason": "authority_transition_not_allowed",
        "baseline_mode": "clarify",
        "evidence_mode": "action",
        "baseline_operation": "",
        "evidence_operation": "reminder.create"
      },
      {
        "case_id": "holdout:massive-v1.1:es-ES:9014",
        "reason": "authority_transition_not_allowed",
        "baseline_mode": "action",
        "evidence_mode": "clarify",
        "baseline_operation": "reminder.create",
        "evidence_operation": ""
      },
      {
        "case_id": "holdout:massive-v1.1:es-ES:9680",
        "reason": "authority_transition_not_allowed",
        "baseline_mode": "clarify",
        "evidence_mode": "action",
        "baseline_operation": "",
        "evidence_operation": "media.seek.relative"
      },
      {
        "case_id": "holdout:presto-v1:en-US:1276616b6bcda3e3536aa57c17fb61355195a1a8c6a51c95c8aeae99c8c47883",
        "reason": "authority_transition_not_allowed",
        "baseline_mode": "action",
        "evidence_mode": "clarify",
        "baseline_operation": "reminder.create",
        "evidence_operation": ""
      },
      {
        "case_id": "holdout:presto-v1:en-US:225d7b24b921f3e36a7ab3912301100a31c0585d5da49058991d93ebdcabc910",
        "reason": "authority_transition_not_allowed",
        "baseline_mode": "clarify",
        "evidence_mode": "action",
        "baseline_operation": "",
        "evidence_operation": "reminder.create"
      },
      {
        "case_id": "holdout:presto-v1:en-US:d9d3295d000aab008da9e8f5ded46a5479a00a4a617d232d4afd63dfec28eb97",
        "reason": "authority_transition_not_allowed",
        "baseline_mode": "clarify",
        "evidence_mode": "conversation",
        "baseline_operation": "",
        "evidence_operation": ""
      },
      {
        "case_id": "holdout:presto-v1:es-ES:1350afa7e376fe5159f90d97bf95bba6440b69ee01337d12edd218bfb1fdbbd3",
        "reason": "authority_transition_not_allowed",
        "baseline_mode": "conversation",
        "evidence_mode": "action",
        "baseline_operation": "",
        "evidence_operation": "web.search"
      },
      {
        "case_id": "holdout:presto-v1:es-ES:5039de513081ab7dbd9b2a9ac843b609775ad3ef3a91d42a1eaedab50018b6a2",
        "reason": "authority_transition_not_allowed",
        "baseline_mode": "clarify",
        "evidence_mode": "action",
        "baseline_operation": "",
        "evidence_operation": "note.search"
      },
      {
        "case_id": "holdout:presto-v1:es-ES:676864d16124a7c8a39b906ebfd53fcf11dd40fc34f5839883c400bea8b5caef",
        "reason": "authority_transition_not_allowed",
        "baseline_mode": "action",
        "evidence_mode": "clarify",
        "baseline_operation": "app.installed",
        "evidence_operation": ""
      },
      {
        "case_id": "holdout:presto-v1:es-ES:9049759cf9671c604a936fadf08a8949bcac50085a44e3a140dc586aee549a71",
        "reason": "authority_transition_not_allowed",
        "baseline_mode": "conversation",
        "evidence_mode": "clarify",
        "baseline_operation": "",
        "evidence_operation": ""
      }
    ]
  },
  "paired_bootstrap": {
    "status": "complete",
    "method": "paired_bootstrap_percentile_one_sided",
    "confidence": 0.95,
    "resamples": 2000,
    "seed": "baxy-turn-policy-paired-bootstrap-v1",
    "metric_cases": 848,
    "deltas": {
      "mode_accuracy": {
        "lower_confidence_bound": -0.007075
      },
      "macro_f1": {
        "lower_confidence_bound": -0.003616
      },
      "family_accuracy": {
        "lower_confidence_bound": -0.001406
      }
    }
  },
  "delta": {
    "mode_accuracy": 0.001179,
    "macro_f1": 8.4e-05,
    "family_accuracy": 0.004178,
    "unsafe_false_actions": 0,
    "mean_latency_seconds": -0.0014,
    "evidence_wins": 5,
    "evidence_losses": 3,
    "ties": 852
  }
}
status=failed -> 1720 calls
