source_quality_toolchain: dotnet=10.0.100; python=3.12; ruff 0.15.22; eslint=v10.3.0; typescript=Version 6.0.3; runtime_locks=not-required
source_quality_stage_started: powershell-source
source_quality_stage_passed: powershell-source
source_quality_stage_started: python-ruff
All checks passed!
source_quality_stage_passed: python-ruff
source_quality_stage_started: python-compileall
source_quality_stage_passed: python-compileall
source_quality_stage_started: field-ui-eslint
source_quality_stage_passed: field-ui-eslint
source_quality_stage_started: field-ui-tsc-app
source_quality_stage_passed: field-ui-tsc-app
source_quality_stage_started: field-ui-tsc-node
source_quality_stage_passed: field-ui-tsc-node
source_quality_stage_started: dotnet-format
D:\Perfil\Escritorio\ETC\Programacion\BAXY DEFINITIVO\tests\Baxy.Integration.Tests\GpuSystemStatusHandlerTests.cs(1,24): error ENDOFLINE: Corrija el marcador de fin de línea. Reemplazar 2 caracteres por "\n". [D:\Perfil\Escritorio\ETC\Programacion\BAXY DEFINITIVO\tests\Baxy.Integration.Tests\Baxy.Integration.Tests.csproj]
D:\Perfil\Escritorio\ETC\Programacion\BAXY DEFINITIVO\tests\Baxy.Integration.Tests\GpuSystemStatusHandlerTests.cs(2,30): error ENDOFLINE: Corrija el marcador de fin de línea. Reemplazar 2 caracteres por "\n". [D:\Perfil\Escritorio\ETC\Programacion\BAXY DEFINITIVO\tests\Baxy.Integration.Tests\Baxy.Integration.Tests.csproj]
D:\Perfil\Escritorio\ETC\Programacion\BAXY DEFINITIVO\tests\Baxy.Integration.Tests\GpuSystemStatusHandlerTests.cs(3,28): error ENDOFLINE: Corrija el marcador de fin de línea. Reemplazar 2 caracteres por "\n". [D:\Perfil\Escritorio\ETC\Programacion\BAXY DEFINITIVO\tests\Baxy.Integration.Tests\Baxy.Integration.Tests.csproj]
D:\Perfil\Escritorio\ETC\Programacion\BAXY DEFINITIVO\tests\Baxy.Integration.Tests\GpuSystemStatusHandlerTests.cs(4,30): error ENDOFLINE: Corrija el marcador de fin de línea. Reemplazar 2 caracteres por "\n". [D:\Perfil\Escritorio\ETC\Programacion\BAXY DEFINITIVO\tests\Baxy.Integration.Tests\Baxy.Integration.Tests.csproj]
D:\Perfil\Escritorio\ETC\Programacion\BAXY DEFINITIVO\tests\Baxy.Integration.Tests\GpuSystemStatusHandlerTests.cs(5,43): error ENDOFLINE: Corrija el marcador de fin de línea. Reemplazar 2 caracteres por "\n". [D:\Perfil\Escritorio\ETC\Programacion\BAXY DEFINITIVO\tests\Baxy.Integration.Tests\Baxy.Integration.Tests.csproj]
D:\Perfil\Escritorio\ETC\Programacion\BAXY DEFINITIVO\tests\Baxy.Integration.Tests\GpuSystemStatusHandlerTests.cs(6,23): error ENDOFLINE: Corrija el marcador de fin de línea. Reemplazar 2 caracteres por "\n". [D:\Perfil\Escritorio\ETC\Programacion\BAXY DEFINITIVO\tests\Baxy.Integration.Tests\Baxy.Integration.Tests.csproj]
D:\Perfil\Escritorio\ETC\Programacion\BAXY DEFINITIVO\tests\Baxy.Integration.Tests\GpuSystemStatusHandlerTests.cs(7,1): error ENDOFLINE: Corrija el marcador de fin de línea. Reemplazar 2 caracteres por "\n". [D:\Perfil\Escritorio\ETC\Programacion\BAXY DEFINITIVO\tests\Baxy.Integration.Tests\Baxy.Integration.Tests.csproj]
D:\Perfil\Escritorio\ETC\Programacion\BAXY DEFINITIVO\tests\Baxy.Integration.Tests\GpuSystemStatusHandlerTests.cs(8,34): error ENDOFLINE: Corrija el marcador de fin de línea. Reemplazar 2 caracteres por "\n". [D:\Perfil\Escritorio\ETC\Programacion\BAXY DEFINITIVO\tests\Baxy.Integration.Tests\Baxy.Integration.Tests.csproj]
D:\Perfil\Escritorio\ETC\Programacion\BAXY DEFINITIVO\tests\Baxy.Integration.Tests\GpuSystemStatusHandlerTests.cs(9,1): error ENDOFLINE: Corrija el marcador de fin de línea. Reemplazar 2 caracteres por "\n". [D:\Perfil\Escritorio\ETC\Programacion\BAXY DEFINITIVO\tests\Baxy.Integration.Tests\Baxy.Integration.Tests.csproj]
D:\Perfil\Escritorio\ETC\Programacion\BAXY DEFINITIVO\tests\Baxy.Integration.Tests\GpuSystemStatusHandlerTests.cs(10,14): error ENDOFLINE: Corrija el marcador de fin de línea. Reemplazar 2 caracteres por "\n". [D:\Perfil\Escritorio\ETC\Programacion\BAXY DEFINITIVO\tests\Baxy.Integration.Tests\Baxy.Integration.Tests.csproj]
D:\Perfil\Escritorio\ETC\Programacion\BAXY DEFINITIVO\tests\Baxy.Integration.Tests\GpuSystemStatusHandlerTests.cs(11,48): error ENDOFLINE: Corrija el marcador de fin de línea. Reemplazar 2 caracteres por "\n". [D:\Perfil\Escritorio\ETC\Programacion\BAXY DEFINITIVO\tests\Baxy.Integration.Tests\Baxy.Integration.Tests.csproj]
D:\Perfil\Escritorio\ETC\Programacion\BAXY DEFINITIVO\tests\Baxy.Integration.Tests\GpuSystemStatusHandlerTests.cs(12,2): error ENDOFLINE: Corrija el marcador de fin de línea. Reemplazar 2 caracteres por "\n". [D:\Perfil\Escritorio\ETC\Programacion\BAXY DEFINITIVO\tests\Baxy.Integration.Tests\Baxy.Integration.Tests.csproj]
D:\Perfil\Escritorio\ETC\Programacion\BAXY DEFINITIVO\tests\Baxy.Integration.Tests\GpuSystemStatusHandlerTests.cs(13,47): error ENDOFLINE: Corrija el marcador de fin de línea. Reemplazar 2 caracteres por "\n". [D:\Perfil\Escritorio\ETC\Programacion\BAXY DEFINITIVO\tests\Baxy.Integration.Tests\Baxy.Integration.Tests.csproj]
D:\Perfil\Escritorio\ETC\Programacion\BAXY DEFINITIVO\tests\Baxy.Integration.Tests\GpuSystemStatusHandlerTests.cs(14,44): error ENDOFLINE: Corrija el marcador de fin de línea. Reemplazar 2 caracteres por "\n". [D:\Perfil\Escritorio\ETC\Programacion\BAXY DEFINITIVO\tests\Baxy.Integration.Tests\Baxy.Integration.Tests.csproj]
D:\Perfil\Escritorio\ETC\Programacion\BAXY DEFINITIVO\tests\Baxy.Integration.Tests\GpuSystemStatusHandlerTests.cs(15,1): error ENDOFLINE: Corrija el marcador de fin de línea. Reemplazar 2 caracteres por "\n". [D:\Perfil\Escritorio\ETC\Programacion\BAXY DEFINITIVO\tests\Baxy.Integration.Tests\Baxy.Integration.Tests.csproj]
D:\Perfil\Escritorio\ETC\Programacion\BAXY DEFINITIVO\tests\Baxy.Integration.Tests\GpuSystemStatusHandlerTests.cs(16,56): error ENDOFLINE: Corrija el marcador de fin de línea. Reemplazar 2 caracteres por "\n". [D:\Perfil\Escritorio\ETC\Programacion\BAXY DEFINITIVO\tests\Baxy.Integration.Tests\Baxy.Integration.Tests.csproj]
D:\Perfil\Escritorio\ETC\Programacion\BAXY DEFINITIVO\tests\Baxy.Integration.Tests\GpuSystemStatusHandlerTests.cs(17,50): error ENDOFLINE: Corrija el marcador de fin de línea. Reemplazar 2 caracteres por "\n". [D:\Perfil\Escritorio\ETC\Programacion\BAXY DEFINITIVO\tests\Baxy.Integration.Tests\Baxy.Integration.Tests.csproj]
D:\Perfil\Escritorio\ETC\Programacion\BAXY DEFINITIVO\tests\Baxy.Integration.Tests\GpuSystemStatusHandlerTests.cs(18,52): error ENDOFLINE: Corrija el marcador de fin de línea. Reemplazar 2 caracteres por "\n". [D:\Perfil\Escritorio\ETC\Programacion\BAXY DEFINITIVO\tests\Baxy.Integration.Tests\Baxy.Integration.Tests.csproj]
D:\Perfil\Escritorio\ETC\Programacion\BAXY DEFINITIVO\tests\Baxy.Integration.Tests\GpuSystemStatusHandlerTests.cs(19,28): error ENDOFLINE: Corrija el marcador de fin de línea. Reemplazar 2 caracteres por "\n". [D:\Perfil\Escritorio\ETC\Programacion\BAXY DEFINITIVO\tests\Baxy.Integration.Tests\Baxy.Integration.Tests.csproj]
D:\Perfil\Escritorio\ETC\Programacion\BAXY DEFINITIVO\tests\Baxy.Integration.Tests\GpuSystemStatusHandlerTests.cs(20,38): error ENDOFLINE: Corrija el marcador de fin de línea. Reemplazar 2 caracteres por "\n". [D:\Perfil\Escritorio\ETC\Programacion\BAXY DEFINITIVO\tests\Baxy.Integration.Tests\Baxy.Integration.Tests.csproj]
D:\Perfil\Escritorio\ETC\Programacion\BAXY DEFINITIVO\tests\Baxy.Integration.Tests\GpuSystemStatusHandlerTests.cs(21,6): error ENDOFLINE: Corrija el marcador de fin de línea. Reemplazar 2 caracteres por "\n". [D:\Perfil\Escritorio\ETC\Programacion\BAXY DEFINITIVO\tests\Baxy.Integration.Tests\Baxy.Integration.Tests.csproj]
D:\Perfil\Escritorio\ETC\Programacion\BAXY DEFINITIVO\tests\Baxy.Integration.Tests\GpuSystemStatusHandlerTests.cs(22,67): error ENDOFLINE: Corrija el marcador de fin de línea. Reemplazar 2 caracteres por "\n". [D:\Perfil\Escritorio\ETC\Programacion\BAXY DEFINITIVO\tests\Baxy.Integration.Tests\Baxy.Integration.Tests.csproj]
D:\Perfil\Escritorio\ETC\Programacion\BAXY DEFINITIVO\tests\Baxy.Integration.Tests\GpuSystemStatusHandlerTests.cs(23,86): error ENDOFLINE: Corrija el marcador de fin de línea. Reemplazar 2 caracteres por "\n". [D:\Perfil\Escritorio\ETC\Programacion\BAXY DEFINITIVO\tests\Baxy.Integration.Tests\Baxy.Integration.Tests.csproj]
D:\Perfil\Escritorio\ETC\Programacion\BAXY DEFINITIVO\tests\Baxy.Integration.Tests\GpuSystemStatusHandlerTests.cs(24,33): error ENDOFLINE: Corrija el marcador de fin de línea. Reemplazar 2 caracteres por "\n". [D:\Perfil\Escritorio\ETC\Programacion\BAXY DEFINITIVO\tests\Baxy.Integration.Tests\Baxy.Integration.Tests.csproj]
D:\Perfil\Escritorio\ETC\Programacion\BAXY DEFINITIVO\tests\Baxy.Integration.Tests\GpuSystemStatusHandlerTests.cs(25,40): error ENDOFLINE: Corrija el marcador de fin de línea. Reemplazar 2 caracteres por "\n". [D:\Perfil\Escritorio\ETC\Programacion\BAXY DEFINITIVO\tests\Baxy.Integration.Tests\Baxy.Integration.Tests.csproj]
D:\Perfil\Escritorio\ETC\Programacion\BAXY DEFINITIVO\tests\Baxy.Integration.Tests\GpuSystemStatusHandlerTests.cs(26,60): error ENDOFLINE: Corrija el marcador de fin de línea. Reemplazar 2 caracteres por "\n". [D:\Perfil\Escritorio\ETC\Programacion\BAXY DEFINITIVO\tests\Baxy.Integration.Tests\Baxy.Integration.Tests.csproj]
D:\Perfil\Escritorio\ETC\Programacion\BAXY DEFINITIVO\tests\Baxy.Integration.Tests\GpuSystemStatusHandlerTests.cs(27,1): error ENDOFLINE: Corrija el marcador de fin de línea. Reemplazar 2 caracteres por "\n". [D:\Perfil\Escritorio\ETC\Programacion\BAXY DEFINITIVO\tests\Baxy.Integration.Tests\Baxy.Integration.Tests.csproj]
D:\Perfil\Escritorio\ETC\Programacion\BAXY DEFINITIVO\tests\Baxy.Integration.Tests\GpuSystemStatusHandlerTests.cs(28,63): error ENDOFLINE: Corrija el marcador de fin de línea. Reemplazar 2 caracteres por "\n". [D:\Perfil\Escritorio\ETC\Programacion\BAXY DEFINITIVO\tests\Baxy.Integration.Tests\Baxy.Integration.Tests.csproj]
D:\Perfil\Escritorio\ETC\Programacion\BAXY DEFINITIVO\tests\Baxy.Integration.Tests\GpuSystemStatusHandlerTests.cs(29,60): error ENDOFLINE: Corrija el marcador de fin de línea. Reemplazar 2 caracteres por "\n". [D:\Perfil\Escritorio\ETC\Programacion\BAXY DEFINITIVO\tests\Baxy.Integration.Tests\Baxy.Integration.Tests.csproj]
D:\Perfil\Escritorio\ETC\Programacion\BAXY DEFINITIVO\tests\Baxy.Integration.Tests\GpuSystemStatusHandlerTests.cs(30,37): error ENDOFLINE: Corrija el marcador de fin de línea. Reemplazar 2 caracteres por "\n". [D:\Perfil\Escritorio\ETC\Programacion\BAXY DEFINITIVO\tests\Baxy.Integration.Tests\Baxy.Integration.Tests.csproj]
D:\Perfil\Escritorio\ETC\Programacion\BAXY DEFINITIVO\tests\Baxy.Integration.Tests\GpuSystemStatusHandlerTests.cs(31,1): error ENDOFLINE: Corrija el marcador de fin de línea. Reemplazar 2 caracteres por "\n". [D:\Perfil\Escritorio\ETC\Programacion\BAXY DEFINITIVO\tests\Baxy.Integration.Tests\Baxy.Integration.Tests.csproj]
D:\Perfil\Escritorio\ETC\Programacion\BAXY DEFINITIVO\tests\Baxy.Integration.Tests\GpuSystemStatusHandlerTests.cs(32,30): error ENDOFLINE: Corrija el marcador de fin de línea. Reemplazar 2 caracteres por "\n". [D:\Perfil\Escritorio\ETC\Programacion\BAXY DEFINITIVO\tests\Baxy.Integration.Tests\Baxy.Integration.Tests.csproj]
D:\Perfil\Escritorio\ETC\Programacion\BAXY DEFINITIVO\tests\Baxy.Integration.Tests\GpuSystemStatusHandlerTests.cs(33,10): error ENDOFLINE: Corrija el marcador de fin de línea. Reemplazar 2 caracteres por "\n". [D:\Perfil\Escritorio\ETC\Programacion\BAXY DEFINITIVO\tests\Baxy.Integration.Tests\Baxy.Integration.Tests.csproj]
D:\Perfil\Escritorio\ETC\Programacion\BAXY DEFINITIVO\tests\Baxy.Integration.Tests\GpuSystemStatusHandlerTests.cs(34,53): error ENDOFLINE: Corrija el marcador de fin de línea. Reemplazar 2 caracteres por "\n". [D:\Perfil\Escritorio\ETC\Programacion\BAXY DEFINITIVO\tests\Baxy.Integration.Tests\Baxy.Integration.Tests.csproj]
D:\Perfil\Escritorio\ETC\Programacion\BAXY DEFINITIVO\tests\Baxy.Integration.Tests\GpuSystemStatusHandlerTests.cs(35,52): error ENDOFLINE: Corrija el marcador de fin de línea. Reemplazar 2 caracteres por "\n". [D:\Perfil\Escritorio\ETC\Programacion\BAXY DEFINITIVO\tests\Baxy.Integration.Tests\Baxy.Integration.Tests.csproj]
D:\Perfil\Escritorio\ETC\Programacion\BAXY DEFINITIVO\tests\Baxy.Integration.Tests\GpuSystemStatusHandlerTests.cs(36,100): error ENDOFLINE: Corrija el marcador de fin de línea. Reemplazar 2 caracteres por "\n". [D:\Perfil\Escritorio\ETC\Programacion\BAXY DEFINITIVO\tests\Baxy.Integration.Tests\Baxy.Integration.Tests.csproj]
D:\Perfil\Escritorio\ETC\Programacion\BAXY DEFINITIVO\tests\Baxy.Integration.Tests\GpuSystemStatusHandlerTests.cs(37,67): error ENDOFLINE: Corrija el marcador de fin de línea. Reemplazar 2 caracteres por "\n". [D:\Perfil\Escritorio\ETC\Programacion\BAXY DEFINITIVO\tests\Baxy.Integration.Tests\Baxy.Integration.Tests.csproj]
D:\Perfil\Escritorio\ETC\Programacion\BAXY DEFINITIVO\tests\Baxy.Integration.Tests\GpuSystemStatusHandlerTests.cs(38,55): error ENDOFLINE: Corrija el marcador de fin de línea. Reemplazar 2 caracteres por "\n". [D:\Perfil\Escritorio\ETC\Programacion\BAXY DEFINITIVO\tests\Baxy.Integration.Tests\Baxy.Integration.Tests.csproj]
D:\Perfil\Escritorio\ETC\Programacion\BAXY DEFINITIVO\tests\Baxy.Integration.Tests\GpuSystemStatusHandlerTests.cs(39,52): error ENDOFLINE: Corrija el marcador de fin de línea. Reemplazar 2 caracteres por "\n". [D:\Perfil\Escritorio\ETC\Programacion\BAXY DEFINITIVO\tests\Baxy.Integration.Tests\Baxy.Integration.Tests.csproj]
D:\Perfil\Escritorio\ETC\Programacion\BAXY DEFINITIVO\tests\Baxy.Integration.Tests\GpuSystemStatusHandlerTests.cs(40,12): error ENDOFLINE: Corrija el marcador de fin de línea. Reemplazar 2 caracteres por "\n". [D:\Perfil\Escritorio\ETC\Programacion\BAXY DEFINITIVO\tests\Baxy.Integration.Tests\Baxy.Integration.Tests.csproj]
D:\Perfil\Escritorio\ETC\Programacion\BAXY DEFINITIVO\tests\Baxy.Integration.Tests\GpuSystemStatusHandlerTests.cs(41,6): error ENDOFLINE: Corrija el marcador de fin de línea. Reemplazar 2 caracteres por "\n". [D:\Perfil\Escritorio\ETC\Programacion\BAXY DEFINITIVO\tests\Baxy.Integration.Tests\Baxy.Integration.Tests.csproj]
D:\Perfil\Escritorio\ETC\Programacion\BAXY DEFINITIVO\tests\Baxy.Integration.Tests\GpuSystemStatusHandlerTests.cs(42,1): error ENDOFLINE: Corrija el marcador de fin de línea. Reemplazar 2 caracteres por "\n". [D:\Perfil\Escritorio\ETC\Programacion\BAXY DEFINITIVO\tests\Baxy.Integration.Tests\Baxy.Integration.Tests.csproj]
D:\Perfil\Escritorio\ETC\Programacion\BAXY DEFINITIVO\tests\Baxy.Integration.Tests\GpuSystemStatusHandlerTests.cs(43,11): error ENDOFLINE: Corrija el marcador de fin de línea. Reemplazar 2 caracteres por "\n". [D:\Perfil\Escritorio\ETC\Programacion\BAXY DEFINITIVO\tests\Baxy.Integration.Tests\Baxy.Integration.Tests.csproj]
D:\Perfil\Escritorio\ETC\Programacion\BAXY DEFINITIVO\tests\Baxy.Integration.Tests\GpuSystemStatusHandlerTests.cs(44,73): error ENDOFLINE: Corrija el marcador de fin de línea. Reemplazar 2 caracteres por "\n". [D:\Perfil\Escritorio\ETC\Programacion\BAXY DEFINITIVO\tests\Baxy.Integration.Tests\Baxy.Integration.Tests.csproj]
D:\Perfil\Escritorio\ETC\Programacion\BAXY DEFINITIVO\tests\Baxy.Integration.Tests\GpuSystemStatusHandlerTests.cs(45,6): error ENDOFLINE: Corrija el marcador de fin de línea. Reemplazar 2 caracteres por "\n". [D:\Perfil\Escritorio\ETC\Programacion\BAXY DEFINITIVO\tests\Baxy.Integration.Tests\Baxy.Integration.Tests.csproj]
D:\Perfil\Escritorio\ETC\Programacion\BAXY DEFINITIVO\tests\Baxy.Integration.Tests\GpuSystemStatusHandlerTests.cs(46,67): error ENDOFLINE: Corrija el marcador de fin de línea. Reemplazar 2 caracteres por "\n". [D:\Perfil\Escritorio\ETC\Programacion\BAXY DEFINITIVO\tests\Baxy.Integration.Tests\Baxy.Integration.Tests.csproj]
D:\Perfil\Escritorio\ETC\Programacion\BAXY DEFINITIVO\tests\Baxy.Integration.Tests\GpuSystemStatusHandlerTests.cs(47,79): error ENDOFLINE: Corrija el marcador de fin de línea. Reemplazar 2 caracteres por "\n". [D:\Perfil\Escritorio\ETC\Programacion\BAXY DEFINITIVO\tests\Baxy.Integration.Tests\Baxy.Integration.Tests.csproj]
D:\Perfil\Escritorio\ETC\Programacion\BAXY DEFINITIVO\tests\Baxy.Integration.Tests\GpuSystemStatusHandlerTests.cs(48,45): error ENDOFLINE: Corrija el marcador de fin de línea. Reemplazar 2 caracteres por "\n". [D:\Perfil\Escritorio\ETC\Programacion\BAXY DEFINITIVO\tests\Baxy.Integration.Tests\Baxy.Integration.Tests.csproj]
D:\Perfil\Escritorio\ETC\Programacion\BAXY DEFINITIVO\tests\Baxy.Integration.Tests\GpuSystemStatusHandlerTests.cs(49,60): error ENDOFLINE: Corrija el marcador de fin de línea. Reemplazar 2 caracteres por "\n". [D:\Perfil\Escritorio\ETC\Programacion\BAXY DEFINITIVO\tests\Baxy.Integration.Tests\Baxy.Integration.Tests.csproj]
D:\Perfil\Escritorio\ETC\Programacion\BAXY DEFINITIVO\tests\Baxy.Integration.Tests\GpuSystemStatusHandlerTests.cs(50,1): error ENDOFLINE: Corrija el marcador de fin de línea. Reemplazar 2 caracteres por "\n". [D:\Perfil\Escritorio\ETC\Programacion\BAXY DEFINITIVO\tests\Baxy.Integration.Tests\Baxy.Integration.Tests.csproj]
D:\Perfil\Escritorio\ETC\Programacion\BAXY DEFINITIVO\tests\Baxy.Integration.Tests\GpuSystemStatusHandlerTests.cs(51,63): error ENDOFLINE: Corrija el marcador de fin de línea. Reemplazar 2 caracteres por "\n". [D:\Perfil\Escritorio\ETC\Programacion\BAXY DEFINITIVO\tests\Baxy.Integration.Tests\Baxy.Integration.Tests.csproj]
D:\Perfil\Escritorio\ETC\Programacion\BAXY DEFINITIVO\tests\Baxy.Integration.Tests\GpuSystemStatusHandlerTests.cs(52,51): error ENDOFLINE: Corrija el marcador de fin de línea. Reemplazar 2 caracteres por "\n". [D:\Perfil\Escritorio\ETC\Programacion\BAXY DEFINITIVO\tests\Baxy.Integration.Tests\Baxy.Integration.Tests.csproj]
D:\Perfil\Escritorio\ETC\Programacion\BAXY DEFINITIVO\tests\Baxy.Integration.Tests\GpuSystemStatusHandlerTests.cs(53,37): error ENDOFLINE: Corrija el marcador de fin de línea. Reemplazar 2 caracteres por "\n". [D:\Perfil\Escritorio\ETC\Programacion\BAXY DEFINITIVO\tests\Baxy.Integration.Tests\Baxy.Integration.Tests.csproj]
D:\Perfil\Escritorio\ETC\Programacion\BAXY DEFINITIVO\tests\Baxy.Integration.Tests\GpuSystemStatusHandlerTests.cs(54,52): error ENDOFLINE: Corrija el marcador de fin de línea. Reemplazar 2 caracteres por "\n". [D:\Perfil\Escritorio\ETC\Programacion\BAXY DEFINITIVO\tests\Baxy.Integration.Tests\Baxy.Integration.Tests.csproj]
D:\Perfil\Escritorio\ETC\Programacion\BAXY DEFINITIVO\tests\Baxy.Integration.Tests\GpuSystemStatusHandlerTests.cs(55,31): error ENDOFLINE: Corrija el marcador de fin de línea. Reemplazar 2 caracteres por "\n". [D:\Perfil\Escritorio\ETC\Programacion\BAXY DEFINITIVO\tests\Baxy.Integration.Tests\Baxy.Integration.Tests.csproj]
D:\Perfil\Escritorio\ETC\Programacion\BAXY DEFINITIVO\tests\Baxy.Integration.Tests\GpuSystemStatusHandlerTests.cs(56,54): error ENDOFLINE: Corrija el marcador de fin de línea. Reemplazar 2 caracteres por "\n". [D:\Perfil\Escritorio\ETC\Programacion\BAXY DEFINITIVO\tests\Baxy.Integration.Tests\Baxy.Integration.Tests.csproj]
D:\Perfil\Escritorio\ETC\Programacion\BAXY DEFINITIVO\tests\Baxy.Integration.Tests\GpuSystemStatusHandlerTests.cs(57,24): error ENDOFLINE: Corrija el marcador de fin de línea. Reemplazar 2 caracteres por "\n". [D:\Perfil\Escritorio\ETC\Programacion\BAXY DEFINITIVO\tests\Baxy.Integration.Tests\Baxy.Integration.Tests.csproj]
D:\Perfil\Escritorio\ETC\Programacion\BAXY DEFINITIVO\tests\Baxy.Integration.Tests\GpuSystemStatusHandlerTests.cs(58,1): error ENDOFLINE: Corrija el marcador de fin de línea. Reemplazar 2 caracteres por "\n". [D:\Perfil\Escritorio\ETC\Programacion\BAXY DEFINITIVO\tests\Baxy.Integration.Tests\Baxy.Integration.Tests.csproj]
D:\Perfil\Escritorio\ETC\Programacion\BAXY DEFINITIVO\tests\Baxy.Integration.Tests\GpuSystemStatusHandlerTests.cs(59,30): error ENDOFLINE: Corrija el marcador de fin de línea. Reemplazar 2 caracteres por "\n". [D:\Perfil\Escritorio\ETC\Programacion\BAXY DEFINITIVO\tests\Baxy.Integration.Tests\Baxy.Integration.Tests.csproj]
D:\Perfil\Escritorio\ETC\Programacion\BAXY DEFINITIVO\tests\Baxy.Integration.Tests\GpuSystemStatusHandlerTests.cs(60,10): error ENDOFLINE: Corrija el marcador de fin de línea. Reemplazar 2 caracteres por "\n". [D:\Perfil\Escritorio\ETC\Programacion\BAXY DEFINITIVO\tests\Baxy.Integration.Tests\Baxy.Integration.Tests.csproj]
D:\Perfil\Escritorio\ETC\Programacion\BAXY DEFINITIVO\tests\Baxy.Integration.Tests\GpuSystemStatusHandlerTests.cs(61,53): error ENDOFLINE: Corrija el marcador de fin de línea. Reemplazar 2 caracteres por "\n". [D:\Perfil\Escritorio\ETC\Programacion\BAXY DEFINITIVO\tests\Baxy.Integration.Tests\Baxy.Integration.Tests.csproj]
D:\Perfil\Escritorio\ETC\Programacion\BAXY DEFINITIVO\tests\Baxy.Integration.Tests\GpuSystemStatusHandlerTests.cs(62,78): error ENDOFLINE: Corrija el marcador de fin de línea. Reemplazar 2 caracteres por "\n". [D:\Perfil\Escritorio\ETC\Programacion\BAXY DEFINITIVO\tests\Baxy.Integration.Tests\Baxy.Integration.Tests.csproj]
D:\Perfil\Escritorio\ETC\Programacion\BAXY DEFINITIVO\tests\Baxy.Integration.Tests\GpuSystemStatusHandlerTests.cs(63,49): error ENDOFLINE: Corrija el marcador de fin de línea. Reemplazar 2 caracteres por "\n". [D:\Perfil\Escritorio\ETC\Programacion\BAXY DEFINITIVO\tests\Baxy.Integration.Tests\Baxy.Integration.Tests.csproj]
D:\Perfil\Escritorio\ETC\Programacion\BAXY DEFINITIVO\tests\Baxy.Integration.Tests\GpuSystemStatusHandlerTests.cs(64,53): error ENDOFLINE: Corrija el marcador de fin de línea. Reemplazar 2 caracteres por "\n". [D:\Perfil\Escritorio\ETC\Programacion\BAXY DEFINITIVO\tests\Baxy.Integration.Tests\Baxy.Integration.Tests.csproj]
D:\Perfil\Escritorio\ETC\Programacion\BAXY DEFINITIVO\tests\Baxy.Integration.Tests\GpuSystemStatusHandlerTests.cs(65,14): error ENDOFLINE: Corrija el marcador de fin de línea. Reemplazar 2 caracteres por "\n". [D:\Perfil\Escritorio\ETC\Programacion\BAXY DEFINITIVO\tests\Baxy.Integration.Tests\Baxy.Integration.Tests.csproj]
D:\Perfil\Escritorio\ETC\Programacion\BAXY DEFINITIVO\tests\Baxy.Integration.Tests\GpuSystemStatusHandlerTests.cs(66,25): error ENDOFLINE: Corrija el marcador de fin de línea. Reemplazar 2 caracteres por "\n". [D:\Perfil\Escritorio\ETC\Programacion\BAXY DEFINITIVO\tests\Baxy.Integration.Tests\Baxy.Integration.Tests.csproj]
D:\Perfil\Escritorio\ETC\Programacion\BAXY DEFINITIVO\tests\Baxy.Integration.Tests\GpuSystemStatusHandlerTests.cs(67,23): error ENDOFLINE: Corrija el marcador de fin de línea. Reemplazar 2 caracteres por "\n". [D:\Perfil\Escritorio\ETC\Programacion\BAXY DEFINITIVO\tests\Baxy.Integration.Tests\Baxy.Integration.Tests.csproj]
D:\Perfil\Escritorio\ETC\Programacion\BAXY DEFINITIVO\tests\Baxy.Integration.Tests\GpuSystemStatusHandlerTests.cs(68,26): error ENDOFLINE: Corrija el marcador de fin de línea. Reemplazar 2 caracteres por "\n". [D:\Perfil\Escritorio\ETC\Programacion\BAXY DEFINITIVO\tests\Baxy.Integration.Tests\Baxy.Integration.Tests.csproj]
D:\Perfil\Escritorio\ETC\Programacion\BAXY DEFINITIVO\tests\Baxy.Integration.Tests\GpuSystemStatusHandlerTests.cs(69,24): error ENDOFLINE: Corrija el marcador de fin de línea. Reemplazar 2 caracteres por "\n". [D:\Perfil\Escritorio\ETC\Programacion\BAXY DEFINITIVO\tests\Baxy.Integration.Tests\Baxy.Integration.Tests.csproj]
D:\Perfil\Escritorio\ETC\Programacion\BAXY DEFINITIVO\tests\Baxy.Integration.Tests\GpuSystemStatusHandlerTests.cs(70,27): error ENDOFLINE: Corrija el marcador de fin de línea. Reemplazar 2 caracteres por "\n". [D:\Perfil\Escritorio\ETC\Programacion\BAXY DEFINITIVO\tests\Baxy.Integration.Tests\Baxy.Integration.Tests.csproj]
D:\Perfil\Escritorio\ETC\Programacion\BAXY DEFINITIVO\tests\Baxy.Integration.Tests\GpuSystemStatusHandlerTests.cs(71,22): error ENDOFLINE: Corrija el marcador de fin de línea. Reemplazar 2 caracteres por "\n". [D:\Perfil\Escritorio\ETC\Programacion\BAXY DEFINITIVO\tests\Baxy.Integration.Tests\Baxy.Integration.Tests.csproj]
D:\Perfil\Escritorio\ETC\Programacion\BAXY DEFINITIVO\tests\Baxy.Integration.Tests\GpuSystemStatusHandlerTests.cs(72,33): error ENDOFLINE: Corrija el marcador de fin de línea. Reemplazar 2 caracteres por "\n". [D:\Perfil\Escritorio\ETC\Programacion\BAXY DEFINITIVO\tests\Baxy.Integration.Tests\Baxy.Integration.Tests.csproj]
D:\Perfil\Escritorio\ETC\Programacion\BAXY DEFINITIVO\tests\Baxy.Integration.Tests\GpuSystemStatusHandlerTests.cs(73,28): error ENDOFLINE: Corrija el marcador de fin de línea. Reemplazar 2 caracteres por "\n". [D:\Perfil\Escritorio\ETC\Programacion\BAXY DEFINITIVO\tests\Baxy.Integration.Tests\Baxy.Integration.Tests.csproj]
D:\Perfil\Escritorio\ETC\Programacion\BAXY DEFINITIVO\tests\Baxy.Integration.Tests\GpuSystemStatusHandlerTests.cs(74,17): error ENDOFLINE: Corrija el marcador de fin de línea. Reemplazar 2 caracteres por "\n". [D:\Perfil\Escritorio\ETC\Programacion\BAXY DEFINITIVO\tests\Baxy.Integration.Tests\Baxy.Integration.Tests.csproj]
D:\Perfil\Escritorio\ETC\Programacion\BAXY DEFINITIVO\tests\Baxy.Integration.Tests\GpuSystemStatusHandlerTests.cs(75,86): error ENDOFLINE: Corrija el marcador de fin de línea. Reemplazar 2 caracteres por "\n". [D:\Perfil\Escritorio\ETC\Programacion\BAXY DEFINITIVO\tests\Baxy.Integration.Tests\Baxy.Integration.Tests.csproj]
D:\Perfil\Escritorio\ETC\Programacion\BAXY DEFINITIVO\tests\Baxy.Integration.Tests\GpuSystemStatusHandlerTests.cs(76,81): error ENDOFLINE: Corrija el marcador de fin de línea. Reemplazar 2 caracteres por "\n". [D:\Perfil\Escritorio\ETC\Programacion\BAXY DEFINITIVO\tests\Baxy.Integration.Tests\Baxy.Integration.Tests.csproj]
D:\Perfil\Escritorio\ETC\Programacion\BAXY DEFINITIVO\tests\Baxy.Integration.Tests\GpuSystemStatusHandlerTests.cs(77,12): error ENDOFLINE: Corrija el marcador de fin de línea. Reemplazar 2 caracteres por "\n". [D:\Perfil\Escritorio\ETC\Programacion\BAXY DEFINITIVO\tests\Baxy.Integration.Tests\Baxy.Integration.Tests.csproj]
D:\Perfil\Escritorio\ETC\Programacion\BAXY DEFINITIVO\tests\Baxy.Integration.Tests\GpuSystemStatusHandlerTests.cs(78,6): error ENDOFLINE: Corrija el marcador de fin de línea. Reemplazar 2 caracteres por "\n". [D:\Perfil\Escritorio\ETC\Programacion\BAXY DEFINITIVO\tests\Baxy.Integration.Tests\Baxy.Integration.Tests.csproj]
D:\Perfil\Escritorio\ETC\Programacion\BAXY DEFINITIVO\tests\Baxy.Integration.Tests\GpuSystemStatusHandlerTests.cs(79,1): error ENDOFLINE: Corrija el marcador de fin de línea. Reemplazar 2 caracteres por "\n". [D:\Perfil\Escritorio\ETC\Programacion\BAXY DEFINITIVO\tests\Baxy.Integration.Tests\Baxy.Integration.Tests.csproj]
D:\Perfil\Escritorio\ETC\Programacion\BAXY DEFINITIVO\tests\Baxy.Integration.Tests\GpuSystemStatusHandlerTests.cs(80,11): error ENDOFLINE: Corrija el marcador de fin de línea. Reemplazar 2 caracteres por "\n". [D:\Perfil\Escritorio\ETC\Programacion\BAXY DEFINITIVO\tests\Baxy.Integration.Tests\Baxy.Integration.Tests.csproj]
D:\Perfil\Escritorio\ETC\Programacion\BAXY DEFINITIVO\tests\Baxy.Integration.Tests\GpuSystemStatusHandlerTests.cs(81,69): error ENDOFLINE: Corrija el marcador de fin de línea. Reemplazar 2 caracteres por "\n". [D:\Perfil\Escritorio\ETC\Programacion\BAXY DEFINITIVO\tests\Baxy.Integration.Tests\Baxy.Integration.Tests.csproj]
D:\Perfil\Escritorio\ETC\Programacion\BAXY DEFINITIVO\tests\Baxy.Integration.Tests\GpuSystemStatusHandlerTests.cs(82,6): error ENDOFLINE: Corrija el marcador de fin de línea. Reemplazar 2 caracteres por "\n". [D:\Perfil\Escritorio\ETC\Programacion\BAXY DEFINITIVO\tests\Baxy.Integration.Tests\Baxy.Integration.Tests.csproj]
D:\Perfil\Escritorio\ETC\Programacion\BAXY DEFINITIVO\tests\Baxy.Integration.Tests\GpuSystemStatusHandlerTests.cs(83,65): error ENDOFLINE: Corrija el marcador de fin de línea. Reemplazar 2 caracteres por "\n". [D:\Perfil\Escritorio\ETC\Programacion\BAXY DEFINITIVO\tests\Baxy.Integration.Tests\Baxy.Integration.Tests.csproj]
D:\Perfil\Escritorio\ETC\Programacion\BAXY DEFINITIVO\tests\Baxy.Integration.Tests\GpuSystemStatusHandlerTests.cs(84,36): error ENDOFLINE: Corrija el marcador de fin de línea. Reemplazar 2 caracteres por "\n". [D:\Perfil\Escritorio\ETC\Programacion\BAXY DEFINITIVO\tests\Baxy.Integration.Tests\Baxy.Integration.Tests.csproj]
D:\Perfil\Escritorio\ETC\Programacion\BAXY DEFINITIVO\tests\Baxy.Integration.Tests\GpuSystemStatusHandlerTests.cs(85,1): error ENDOFLINE: Corrija el marcador de fin de línea. Reemplazar 2 caracteres por "\n". [D:\Perfil\Escritorio\ETC\Programacion\BAXY DEFINITIVO\tests\Baxy.Integration.Tests\Baxy.Integration.Tests.csproj]
D:\Perfil\Escritorio\ETC\Programacion\BAXY DEFINITIVO\tests\Baxy.Integration.Tests\GpuSystemStatusHandlerTests.cs(86,63): error ENDOFLINE: Corrija el marcador de fin de línea. Reemplazar 2 caracteres por "\n". [D:\Perfil\Escritorio\ETC\Programacion\BAXY DEFINITIVO\tests\Baxy.Integration.Tests\Baxy.Integration.Tests.csproj]
D:\Perfil\Escritorio\ETC\Programacion\BAXY DEFINITIVO\tests\Baxy.Integration.Tests\GpuSystemStatusHandlerTests.cs(87,56): error ENDOFLINE: Corrija el marcador de fin de línea. Reemplazar 2 caracteres por "\n". [D:\Perfil\Escritorio\ETC\Programacion\BAXY DEFINITIVO\tests\Baxy.Integration.Tests\Baxy.Integration.Tests.csproj]
D:\Perfil\Escritorio\ETC\Programacion\BAXY DEFINITIVO\tests\Baxy.Integration.Tests\GpuSystemStatusHandlerTests.cs(88,37): error ENDOFLINE: Corrija el marcador de fin de línea. Reemplazar 2 caracteres por "\n". [D:\Perfil\Escritorio\ETC\Programacion\BAXY DEFINITIVO\tests\Baxy.Integration.Tests\Baxy.Integration.Tests.csproj]
D:\Perfil\Escritorio\ETC\Programacion\BAXY DEFINITIVO\tests\Baxy.Integration.Tests\GpuSystemStatusHandlerTests.cs(89,80): error ENDOFLINE: Corrija el marcador de fin de línea. Reemplazar 2 caracteres por "\n". [D:\Perfil\Escritorio\ETC\Programacion\BAXY DEFINITIVO\tests\Baxy.Integration.Tests\Baxy.Integration.Tests.csproj]
D:\Perfil\Escritorio\ETC\Programacion\BAXY DEFINITIVO\tests\Baxy.Integration.Tests\GpuSystemStatusHandlerTests.cs(90,1): error ENDOFLINE: Corrija el marcador de fin de línea. Reemplazar 2 caracteres por "\n". [D:\Perfil\Escritorio\ETC\Programacion\BAXY DEFINITIVO\tests\Baxy.Integration.Tests\Baxy.Integration.Tests.csproj]
D:\Perfil\Escritorio\ETC\Programacion\BAXY DEFINITIVO\tests\Baxy.Integration.Tests\GpuSystemStatusHandlerTests.cs(91,30): error ENDOFLINE: Corrija el marcador de fin de línea. Reemplazar 2 caracteres por "\n". [D:\Perfil\Escritorio\ETC\Programacion\BAXY DEFINITIVO\tests\Baxy.Integration.Tests\Baxy.Integration.Tests.csproj]
D:\Perfil\Escritorio\ETC\Programacion\BAXY DEFINITIVO\tests\Baxy.Integration.Tests\GpuSystemStatusHandlerTests.cs(92,10): error ENDOFLINE: Corrija el marcador de fin de línea. Reemplazar 2 caracteres por "\n". [D:\Perfil\Escritorio\ETC\Programacion\BAXY DEFINITIVO\tests\Baxy.Integration.Tests\Baxy.Integration.Tests.csproj]
D:\Perfil\Escritorio\ETC\Programacion\BAXY DEFINITIVO\tests\Baxy.Integration.Tests\GpuSystemStatusHandlerTests.cs(93,53): error ENDOFLINE: Corrija el marcador de fin de línea. Reemplazar 2 caracteres por "\n". [D:\Perfil\Escritorio\ETC\Programacion\BAXY DEFINITIVO\tests\Baxy.Integration.Tests\Baxy.Integration.Tests.csproj]
D:\Perfil\Escritorio\ETC\Programacion\BAXY DEFINITIVO\tests\Baxy.Integration.Tests\GpuSystemStatusHandlerTests.cs(94,82): error ENDOFLINE: Corrija el marcador de fin de línea. Reemplazar 2 caracteres por "\n". [D:\Perfil\Escritorio\ETC\Programacion\BAXY DEFINITIVO\tests\Baxy.Integration.Tests\Baxy.Integration.Tests.csproj]
D:\Perfil\Escritorio\ETC\Programacion\BAXY DEFINITIVO\tests\Baxy.Integration.Tests\GpuSystemStatusHandlerTests.cs(95,95): error ENDOFLINE: Corrija el marcador de fin de línea. Reemplazar 2 caracteres por "\n". [D:\Perfil\Escritorio\ETC\Programacion\BAXY DEFINITIVO\tests\Baxy.Integration.Tests\Baxy.Integration.Tests.csproj]
D:\Perfil\Escritorio\ETC\Programacion\BAXY DEFINITIVO\tests\Baxy.Integration.Tests\GpuSystemStatusHandlerTests.cs(96,90): error ENDOFLINE: Corrija el marcador de fin de línea. Reemplazar 2 caracteres por "\n". [D:\Perfil\Escritorio\ETC\Programacion\BAXY DEFINITIVO\tests\Baxy.Integration.Tests\Baxy.Integration.Tests.csproj]
D:\Perfil\Escritorio\ETC\Programacion\BAXY DEFINITIVO\tests\Baxy.Integration.Tests\GpuSystemStatusHandlerTests.cs(97,90): error ENDOFLINE: Corrija el marcador de fin de línea. Reemplazar 2 caracteres por "\n". [D:\Perfil\Escritorio\ETC\Programacion\BAXY DEFINITIVO\tests\Baxy.Integration.Tests\Baxy.Integration.Tests.csproj]
D:\Perfil\Escritorio\ETC\Programacion\BAXY DEFINITIVO\tests\Baxy.Integration.Tests\GpuSystemStatusHandlerTests.cs(98,25): error ENDOFLINE: Corrija el marcador de fin de línea. Reemplazar 2 caracteres por "\n". [D:\Perfil\Escritorio\ETC\Programacion\BAXY DEFINITIVO\tests\Baxy.Integration.Tests\Baxy.Integration.Tests.csproj]
D:\Perfil\Escritorio\ETC\Programacion\BAXY DEFINITIVO\tests\Baxy.Integration.Tests\GpuSystemStatusHandlerTests.cs(99,78): error ENDOFLINE: Corrija el marcador de fin de línea. Reemplazar 2 caracteres por "\n". [D:\Perfil\Escritorio\ETC\Programacion\BAXY DEFINITIVO\tests\Baxy.Integration.Tests\Baxy.Integration.Tests.csproj]
D:\Perfil\Escritorio\ETC\Programacion\BAXY DEFINITIVO\tests\Baxy.Integration.Tests\GpuSystemStatusHandlerTests.cs(100,38): error ENDOFLINE: Corrija el marcador de fin de línea. Reemplazar 2 caracteres por "\n". [D:\Perfil\Escritorio\ETC\Programacion\BAXY DEFINITIVO\tests\Baxy.Integration.Tests\Baxy.Integration.Tests.csproj]
D:\Perfil\Escritorio\ETC\Programacion\BAXY DEFINITIVO\tests\Baxy.Integration.Tests\GpuSystemStatusHandlerTests.cs(101,25): error ENDOFLINE: Corrija el marcador de fin de línea. Reemplazar 2 caracteres por "\n". [D:\Perfil\Escritorio\ETC\Programacion\BAXY DEFINITIVO\tests\Baxy.Integration.Tests\Baxy.Integration.Tests.csproj]
D:\Perfil\Escritorio\ETC\Programacion\BAXY DEFINITIVO\tests\Baxy.Integration.Tests\GpuSystemStatusHandlerTests.cs(102,79): error ENDOFLINE: Corrija el marcador de fin de línea. Reemplazar 2 caracteres por "\n". [D:\Perfil\Escritorio\ETC\Programacion\BAXY DEFINITIVO\tests\Baxy.Integration.Tests\Baxy.Integration.Tests.csproj]
D:\Perfil\Escritorio\ETC\Programacion\BAXY DEFINITIVO\tests\Baxy.Integration.Tests\GpuSystemStatusHandlerTests.cs(103,40): error ENDOFLINE: Corrija el marcador de fin de línea. Reemplazar 2 caracteres por "\n". [D:\Perfil\Escritorio\ETC\Programacion\BAXY DEFINITIVO\tests\Baxy.Integration.Tests\Baxy.Integration.Tests.csproj]
D:\Perfil\Escritorio\ETC\Programacion\BAXY DEFINITIVO\tests\Baxy.Integration.Tests\GpuSystemStatusHandlerTests.cs(104,25): error ENDOFLINE: Corrija el marcador de fin de línea. Reemplazar 2 caracteres por "\n". [D:\Perfil\Escritorio\ETC\Programacion\BAXY DEFINITIVO\tests\Baxy.Integration.Tests\Baxy.Integration.Tests.csproj]
D:\Perfil\Escritorio\ETC\Programacion\BAXY DEFINITIVO\tests\Baxy.Integration.Tests\GpuSystemStatusHandlerTests.cs(105,81): error ENDOFLINE: Corrija el marcador de fin de línea. Reemplazar 2 caracteres por "\n". [D:\Perfil\Escritorio\ETC\Programacion\BAXY DEFINITIVO\tests\Baxy.Integration.Tests\Baxy.Integration.Tests.csproj]
D:\Perfil\Escritorio\ETC\Programacion\BAXY DEFINITIVO\tests\Baxy.Integration.Tests\GpuSystemStatusHandlerTests.cs(106,39): error ENDOFLINE: Corrija el marcador de fin de línea. Reemplazar 2 caracteres por "\n". [D:\Perfil\Escritorio\ETC\Programacion\BAXY DEFINITIVO\tests\Baxy.Integration.Tests\Baxy.Integration.Tests.csproj]
D:\Perfil\Escritorio\ETC\Programacion\BAXY DEFINITIVO\tests\Baxy.Integration.Tests\GpuSystemStatusHandlerTests.cs(107,104): error ENDOFLINE: Corrija el marcador de fin de línea. Reemplazar 2 caracteres por "\n". [D:\Perfil\Escritorio\ETC\Programacion\BAXY DEFINITIVO\tests\Baxy.Integration.Tests\Baxy.Integration.Tests.csproj]
D:\Perfil\Escritorio\ETC\Programacion\BAXY DEFINITIVO\tests\Baxy.Integration.Tests\GpuSystemStatusHandlerTests.cs(108,25): error ENDOFLINE: Corrija el marcador de fin de línea. Reemplazar 2 caracteres por "\n". [D:\Perfil\Escritorio\ETC\Programacion\BAXY DEFINITIVO\tests\Baxy.Integration.Tests\Baxy.Integration.Tests.csproj]
D:\Perfil\Escritorio\ETC\Programacion\BAXY DEFINITIVO\tests\Baxy.Integration.Tests\GpuSystemStatusHandlerTests.cs(109,76): error ENDOFLINE: Corrija el marcador de fin de línea. Reemplazar 2 caracteres por "\n". [D:\Perfil\Escritorio\ETC\Programacion\BAXY DEFINITIVO\tests\Baxy.Integration.Tests\Baxy.Integration.Tests.csproj]
D:\Perfil\Escritorio\ETC\Programacion\BAXY DEFINITIVO\tests\Baxy.Integration.Tests\GpuSystemStatusHandlerTests.cs(110,49): error ENDOFLINE: Corrija el marcador de fin de línea. Reemplazar 2 caracteres por "\n". [D:\Perfil\Escritorio\ETC\Programacion\BAXY DEFINITIVO\tests\Baxy.Integration.Tests\Baxy.Integration.Tests.csproj]
D:\Perfil\Escritorio\ETC\Programacion\BAXY DEFINITIVO\tests\Baxy.Integration.Tests\GpuSystemStatusHandlerTests.cs(111,25): error ENDOFLINE: Corrija el marcador de fin de línea. Reemplazar 2 caracteres por "\n". [D:\Perfil\Escritorio\ETC\Programacion\BAXY DEFINITIVO\tests\Baxy.Integration.Tests\Baxy.Integration.Tests.csproj]
D:\Perfil\Escritorio\ETC\Programacion\BAXY DEFINITIVO\tests\Baxy.Integration.Tests\GpuSystemStatusHandlerTests.cs(112,73): error ENDOFLINE: Corrija el marcador de fin de línea. Reemplazar 2 caracteres por "\n". [D:\Perfil\Escritorio\ETC\Programacion\BAXY DEFINITIVO\tests\Baxy.Integration.Tests\Baxy.Integration.Tests.csproj]
D:\Perfil\Escritorio\ETC\Programacion\BAXY DEFINITIVO\tests\Baxy.Integration.Tests\GpuSystemStatusHandlerTests.cs(113,49): error ENDOFLINE: Corrija el marcador de fin de línea. Reemplazar 2 caracteres por "\n". [D:\Perfil\Escritorio\ETC\Programacion\BAXY DEFINITIVO\tests\Baxy.Integration.Tests\Baxy.Integration.Tests.csproj]
D:\Perfil\Escritorio\ETC\Programacion\BAXY DEFINITIVO\tests\Baxy.Integration.Tests\GpuSystemStatusHandlerTests.cs(114,74): error ENDOFLINE: Corrija el marcador de fin de línea. Reemplazar 2 caracteres por "\n". [D:\Perfil\Escritorio\ETC\Programacion\BAXY DEFINITIVO\tests\Baxy.Integration.Tests\Baxy.Integration.Tests.csproj]
D:\Perfil\Escritorio\ETC\Programacion\BAXY DEFINITIVO\tests\Baxy.Integration.Tests\GpuSystemStatusHandlerTests.cs(115,96): error ENDOFLINE: Corrija el marcador de fin de línea. Reemplazar 2 caracteres por "\n". [D:\Perfil\Escritorio\ETC\Programacion\BAXY DEFINITIVO\tests\Baxy.Integration.Tests\Baxy.Integration.Tests.csproj]
D:\Perfil\Escritorio\ETC\Programacion\BAXY DEFINITIVO\tests\Baxy.Integration.Tests\GpuSystemStatusHandlerTests.cs(116,75): error ENDOFLINE: Corrija el marcador de fin de línea. Reemplazar 2 caracteres por "\n". [D:\Perfil\Escritorio\ETC\Programacion\BAXY DEFINITIVO\tests\Baxy.Integration.Tests\Baxy.Integration.Tests.csproj]
D:\Perfil\Escritorio\ETC\Programacion\BAXY DEFINITIVO\tests\Baxy.Integration.Tests\GpuSystemStatusHandlerTests.cs(117,12): error ENDOFLINE: Corrija el marcador de fin de línea. Reemplazar 2 caracteres por "\n". [D:\Perfil\Escritorio\ETC\Programacion\BAXY DEFINITIVO\tests\Baxy.Integration.Tests\Baxy.Integration.Tests.csproj]
D:\Perfil\Escritorio\ETC\Programacion\BAXY DEFINITIVO\tests\Baxy.Integration.Tests\GpuSystemStatusHandlerTests.cs(118,6): error ENDOFLINE: Corrija el marcador de fin de línea. Reemplazar 2 caracteres por "\n". [D:\Perfil\Escritorio\ETC\Programacion\BAXY DEFINITIVO\tests\Baxy.Integration.Tests\Baxy.Integration.Tests.csproj]
D:\Perfil\Escritorio\ETC\Programacion\BAXY DEFINITIVO\tests\Baxy.Integration.Tests\GpuSystemStatusHandlerTests.cs(119,1): error ENDOFLINE: Corrija el marcador de fin de línea. Reemplazar 2 caracteres por "\n". [D:\Perfil\Escritorio\ETC\Programacion\BAXY DEFINITIVO\tests\Baxy.Integration.Tests\Baxy.Integration.Tests.csproj]
D:\Perfil\Escritorio\ETC\Programacion\BAXY DEFINITIVO\tests\Baxy.Integration.Tests\GpuSystemStatusHandlerTests.cs(120,11): error ENDOFLINE: Corrija el marcador de fin de línea. Reemplazar 2 caracteres por "\n". [D:\Perfil\Escritorio\ETC\Programacion\BAXY DEFINITIVO\tests\Baxy.Integration.Tests\Baxy.Integration.Tests.csproj]
D:\Perfil\Escritorio\ETC\Programacion\BAXY DEFINITIVO\tests\Baxy.Integration.Tests\GpuSystemStatusHandlerTests.cs(121,84): error ENDOFLINE: Corrija el marcador de fin de línea. Reemplazar 2 caracteres por "\n". [D:\Perfil\Escritorio\ETC\Programacion\BAXY DEFINITIVO\tests\Baxy.Integration.Tests\Baxy.Integration.Tests.csproj]
D:\Perfil\Escritorio\ETC\Programacion\BAXY DEFINITIVO\tests\Baxy.Integration.Tests\GpuSystemStatusHandlerTests.cs(122,6): error ENDOFLINE: Corrija el marcador de fin de línea. Reemplazar 2 caracteres por "\n". [D:\Perfil\Escritorio\ETC\Programacion\BAXY DEFINITIVO\tests\Baxy.Integration.Tests\Baxy.Integration.Tests.csproj]
D:\Perfil\Escritorio\ETC\Programacion\BAXY DEFINITIVO\tests\Baxy.Integration.Tests\GpuSystemStatusHandlerTests.cs(123,42): error ENDOFLINE: Corrija el marcador de fin de línea. Reemplazar 2 caracteres por "\n". [D:\Perfil\Escritorio\ETC\Programacion\BAXY DEFINITIVO\tests\Baxy.Integration.Tests\Baxy.Integration.Tests.csproj]
D:\Perfil\Escritorio\ETC\Programacion\BAXY DEFINITIVO\tests\Baxy.Integration.Tests\GpuSystemStatusHandlerTests.cs(124,14): error ENDOFLINE: Corrija el marcador de fin de línea. Reemplazar 2 caracteres por "\n". [D:\Perfil\Escritorio\ETC\Programacion\BAXY DEFINITIVO\tests\Baxy.Integration.Tests\Baxy.Integration.Tests.csproj]
D:\Perfil\Escritorio\ETC\Programacion\BAXY DEFINITIVO\tests\Baxy.Integration.Tests\GpuSystemStatusHandlerTests.cs(125,91): error ENDOFLINE: Corrija el marcador de fin de línea. Reemplazar 2 caracteres por "\n". [D:\Perfil\Escritorio\ETC\Programacion\BAXY DEFINITIVO\tests\Baxy.Integration.Tests\Baxy.Integration.Tests.csproj]
D:\Perfil\Escritorio\ETC\Programacion\BAXY DEFINITIVO\tests\Baxy.Integration.Tests\GpuSystemStatusHandlerTests.cs(126,73): error ENDOFLINE: Corrija el marcador de fin de línea. Reemplazar 2 caracteres por "\n". [D:\Perfil\Escritorio\ETC\Programacion\BAXY DEFINITIVO\tests\Baxy.Integration.Tests\Baxy.Integration.Tests.csproj]
D:\Perfil\Escritorio\ETC\Programacion\BAXY DEFINITIVO\tests\Baxy.Integration.Tests\GpuSystemStatusHandlerTests.cs(127,15): error ENDOFLINE: Corrija el marcador de fin de línea. Reemplazar 2 caracteres por "\n". [D:\Perfil\Escritorio\ETC\Programacion\BAXY DEFINITIVO\tests\Baxy.Integration.Tests\Baxy.Integration.Tests.csproj]
D:\Perfil\Escritorio\ETC\Programacion\BAXY DEFINITIVO\tests\Baxy.Integration.Tests\GpuSystemStatusHandlerTests.cs(128,14): error ENDOFLINE: Corrija el marcador de fin de línea. Reemplazar 2 caracteres por "\n". [D:\Perfil\Escritorio\ETC\Programacion\BAXY DEFINITIVO\tests\Baxy.Integration.Tests\Baxy.Integration.Tests.csproj]
D:\Perfil\Escritorio\ETC\Programacion\BAXY DEFINITIVO\tests\Baxy.Integration.Tests\GpuSystemStatusHandlerTests.cs(129,38): error ENDOFLINE: Corrija el marcador de fin de línea. Reemplazar 2 caracteres por "\n". [D:\Perfil\Escritorio\ETC\Programacion\BAXY DEFINITIVO\tests\Baxy.Integration.Tests\Baxy.Integration.Tests.csproj]
D:\Perfil\Escritorio\ETC\Programacion\BAXY DEFINITIVO\tests\Baxy.Integration.Tests\GpuSystemStatusHandlerTests.cs(130,42): error ENDOFLINE: Corrija el marcador de fin de línea. Reemplazar 2 caracteres por "\n". [D:\Perfil\Escritorio\ETC\Programacion\BAXY DEFINITIVO\tests\Baxy.Integration.Tests\Baxy.Integration.Tests.csproj]
D:\Perfil\Escritorio\ETC\Programacion\BAXY DEFINITIVO\tests\Baxy.Integration.Tests\GpuSystemStatusHandlerTests.cs(131,56): error ENDOFLINE: Corrija el marcador de fin de línea. Reemplazar 2 caracteres por "\n". [D:\Perfil\Escritorio\ETC\Programacion\BAXY DEFINITIVO\tests\Baxy.Integration.Tests\Baxy.Integration.Tests.csproj]
D:\Perfil\Escritorio\ETC\Programacion\BAXY DEFINITIVO\tests\Baxy.Integration.Tests\GpuSystemStatusHandlerTests.cs(132,38): error ENDOFLINE: Corrija el marcador de fin de línea. Reemplazar 2 caracteres por "\n". [D:\Perfil\Escritorio\ETC\Programacion\BAXY DEFINITIVO\tests\Baxy.Integration.Tests\Baxy.Integration.Tests.csproj]
D:\Perfil\Escritorio\ETC\Programacion\BAXY DEFINITIVO\tests\Baxy.Integration.Tests\GpuSystemStatusHandlerTests.cs(133,16): error ENDOFLINE: Corrija el marcador de fin de línea. Reemplazar 2 caracteres por "\n". [D:\Perfil\Escritorio\ETC\Programacion\BAXY DEFINITIVO\tests\Baxy.Integration.Tests\Baxy.Integration.Tests.csproj]
D:\Perfil\Escritorio\ETC\Programacion\BAXY DEFINITIVO\tests\Baxy.Integration.Tests\GpuSystemStatusHandlerTests.cs(134,55): error ENDOFLINE: Corrija el marcador de fin de línea. Reemplazar 2 caracteres por "\n". [D:\Perfil\Escritorio\ETC\Programacion\BAXY DEFINITIVO\tests\Baxy.Integration.Tests\Baxy.Integration.Tests.csproj]
D:\Perfil\Escritorio\ETC\Programacion\BAXY DEFINITIVO\tests\Baxy.Integration.Tests\GpuSystemStatusHandlerTests.cs(135,36): error ENDOFLINE: Corrija el marcador de fin de línea. Reemplazar 2 caracteres por "\n". [D:\Perfil\Escritorio\ETC\Programacion\BAXY DEFINITIVO\tests\Baxy.Integration.Tests\Baxy.Integration.Tests.csproj]
D:\Perfil\Escritorio\ETC\Programacion\BAXY DEFINITIVO\tests\Baxy.Integration.Tests\GpuSystemStatusHandlerTests.cs(136,1): error ENDOFLINE: Corrija el marcador de fin de línea. Reemplazar 2 caracteres por "\n". [D:\Perfil\Escritorio\ETC\Programacion\BAXY DEFINITIVO\tests\Baxy.Integration.Tests\Baxy.Integration.Tests.csproj]
D:\Perfil\Escritorio\ETC\Programacion\BAXY DEFINITIVO\tests\Baxy.Integration.Tests\GpuSystemStatusHandlerTests.cs(137,63): error ENDOFLINE: Corrija el marcador de fin de línea. Reemplazar 2 caracteres por "\n". [D:\Perfil\Escritorio\ETC\Programacion\BAXY DEFINITIVO\tests\Baxy.Integration.Tests\Baxy.Integration.Tests.csproj]
D:\Perfil\Escritorio\ETC\Programacion\BAXY DEFINITIVO\tests\Baxy.Integration.Tests\GpuSystemStatusHandlerTests.cs(138,53): error ENDOFLINE: Corrija el marcador de fin de línea. Reemplazar 2 caracteres por "\n". [D:\Perfil\Escritorio\ETC\Programacion\BAXY DEFINITIVO\tests\Baxy.Integration.Tests\Baxy.Integration.Tests.csproj]
D:\Perfil\Escritorio\ETC\Programacion\BAXY DEFINITIVO\tests\Baxy.Integration.Tests\GpuSystemStatusHandlerTests.cs(139,37): error ENDOFLINE: Corrija el marcador de fin de línea. Reemplazar 2 caracteres por "\n". [D:\Perfil\Escritorio\ETC\Programacion\BAXY DEFINITIVO\tests\Baxy.Integration.Tests\Baxy.Integration.Tests.csproj]
D:\Perfil\Escritorio\ETC\Programacion\BAXY DEFINITIVO\tests\Baxy.Integration.Tests\GpuSystemStatusHandlerTests.cs(140,52): error ENDOFLINE: Corrija el marcador de fin de línea. Reemplazar 2 caracteres por "\n". [D:\Perfil\Escritorio\ETC\Programacion\BAXY DEFINITIVO\tests\Baxy.Integration.Tests\Baxy.Integration.Tests.csproj]
D:\Perfil\Escritorio\ETC\Programacion\BAXY DEFINITIVO\tests\Baxy.Integration.Tests\GpuSystemStatusHandlerTests.cs(141,66): error ENDOFLINE: Corrija el marcador de fin de línea. Reemplazar 2 caracteres por "\n". [D:\Perfil\Escritorio\ETC\Programacion\BAXY DEFINITIVO\tests\Baxy.Integration.Tests\Baxy.Integration.Tests.csproj]
D:\Perfil\Escritorio\ETC\Programacion\BAXY DEFINITIVO\tests\Baxy.Integration.Tests\GpuSystemStatusHandlerTests.cs(142,68): error ENDOFLINE: Corrija el marcador de fin de línea. Reemplazar 2 caracteres por "\n". [D:\Perfil\Escritorio\ETC\Programacion\BAXY DEFINITIVO\tests\Baxy.Integration.Tests\Baxy.Integration.Tests.csproj]
D:\Perfil\Escritorio\ETC\Programacion\BAXY DEFINITIVO\tests\Baxy.Integration.Tests\GpuSystemStatusHandlerTests.cs(143,65): error ENDOFLINE: Corrija el marcador de fin de línea. Reemplazar 2 caracteres por "\n". [D:\Perfil\Escritorio\ETC\Programacion\BAXY DEFINITIVO\tests\Baxy.Integration.Tests\Baxy.Integration.Tests.csproj]
D:\Perfil\Escritorio\ETC\Programacion\BAXY DEFINITIVO\tests\Baxy.Integration.Tests\GpuSystemStatusHandlerTests.cs(144,1): error ENDOFLINE: Corrija el marcador de fin de línea. Reemplazar 2 caracteres por "\n". [D:\Perfil\Escritorio\ETC\Programacion\BAXY DEFINITIVO\tests\Baxy.Integration.Tests\Baxy.Integration.Tests.csproj]
D:\Perfil\Escritorio\ETC\Programacion\BAXY DEFINITIVO\tests\Baxy.Integration.Tests\GpuSystemStatusHandlerTests.cs(145,30): error ENDOFLINE: Corrija el marcador de fin de línea. Reemplazar 2 caracteres por "\n". [D:\Perfil\Escritorio\ETC\Programacion\BAXY DEFINITIVO\tests\Baxy.Integration.Tests\Baxy.Integration.Tests.csproj]
D:\Perfil\Escritorio\ETC\Programacion\BAXY DEFINITIVO\tests\Baxy.Integration.Tests\GpuSystemStatusHandlerTests.cs(146,10): error ENDOFLINE: Corrija el marcador de fin de línea. Reemplazar 2 caracteres por "\n". [D:\Perfil\Escritorio\ETC\Programacion\BAXY DEFINITIVO\tests\Baxy.Integration.Tests\Baxy.Integration.Tests.csproj]
D:\Perfil\Escritorio\ETC\Programacion\BAXY DEFINITIVO\tests\Baxy.Integration.Tests\GpuSystemStatusHandlerTests.cs(147,53): error ENDOFLINE: Corrija el marcador de fin de línea. Reemplazar 2 caracteres por "\n". [D:\Perfil\Escritorio\ETC\Programacion\BAXY DEFINITIVO\tests\Baxy.Integration.Tests\Baxy.Integration.Tests.csproj]
D:\Perfil\Escritorio\ETC\Programacion\BAXY DEFINITIVO\tests\Baxy.Integration.Tests\GpuSystemStatusHandlerTests.cs(148,83): error ENDOFLINE: Corrija el marcador de fin de línea. Reemplazar 2 caracteres por "\n". [D:\Perfil\Escritorio\ETC\Programacion\BAXY DEFINITIVO\tests\Baxy.Integration.Tests\Baxy.Integration.Tests.csproj]
D:\Perfil\Escritorio\ETC\Programacion\BAXY DEFINITIVO\tests\Baxy.Integration.Tests\GpuSystemStatusHandlerTests.cs(149,94): error ENDOFLINE: Corrija el marcador de fin de línea. Reemplazar 2 caracteres por "\n". [D:\Perfil\Escritorio\ETC\Programacion\BAXY DEFINITIVO\tests\Baxy.Integration.Tests\Baxy.Integration.Tests.csproj]
D:\Perfil\Escritorio\ETC\Programacion\BAXY DEFINITIVO\tests\Baxy.Integration.Tests\GpuSystemStatusHandlerTests.cs(150,91): error ENDOFLINE: Corrija el marcador de fin de línea. Reemplazar 2 caracteres por "\n". [D:\Perfil\Escritorio\ETC\Programacion\BAXY DEFINITIVO\tests\Baxy.Integration.Tests\Baxy.Integration.Tests.csproj]
D:\Perfil\Escritorio\ETC\Programacion\BAXY DEFINITIVO\tests\Baxy.Integration.Tests\GpuSystemStatusHandlerTests.cs(151,25): error ENDOFLINE: Corrija el marcador de fin de línea. Reemplazar 2 caracteres por "\n". [D:\Perfil\Escritorio\ETC\Programacion\BAXY DEFINITIVO\tests\Baxy.Integration.Tests\Baxy.Integration.Tests.csproj]
D:\Perfil\Escritorio\ETC\Programacion\BAXY DEFINITIVO\tests\Baxy.Integration.Tests\GpuSystemStatusHandlerTests.cs(152,66): error ENDOFLINE: Corrija el marcador de fin de línea. Reemplazar 2 caracteres por "\n". [D:\Perfil\Escritorio\ETC\Programacion\BAXY DEFINITIVO\tests\Baxy.Integration.Tests\Baxy.Integration.Tests.csproj]
D:\Perfil\Escritorio\ETC\Programacion\BAXY DEFINITIVO\tests\Baxy.Integration.Tests\GpuSystemStatusHandlerTests.cs(153,49): error ENDOFLINE: Corrija el marcador de fin de línea. Reemplazar 2 caracteres por "\n". [D:\Perfil\Escritorio\ETC\Programacion\BAXY DEFINITIVO\tests\Baxy.Integration.Tests\Baxy.Integration.Tests.csproj]
D:\Perfil\Escritorio\ETC\Programacion\BAXY DEFINITIVO\tests\Baxy.Integration.Tests\GpuSystemStatusHandlerTests.cs(154,25): error ENDOFLINE: Corrija el marcador de fin de línea. Reemplazar 2 caracteres por "\n". [D:\Perfil\Escritorio\ETC\Programacion\BAXY DEFINITIVO\tests\Baxy.Integration.Tests\Baxy.Integration.Tests.csproj]
D:\Perfil\Escritorio\ETC\Programacion\BAXY DEFINITIVO\tests\Baxy.Integration.Tests\GpuSystemStatusHandlerTests.cs(155,79): error ENDOFLINE: Corrija el marcador de fin de línea. Reemplazar 2 caracteres por "\n". [D:\Perfil\Escritorio\ETC\Programacion\BAXY DEFINITIVO\tests\Baxy.Integration.Tests\Baxy.Integration.Tests.csproj]
D:\Perfil\Escritorio\ETC\Programacion\BAXY DEFINITIVO\tests\Baxy.Integration.Tests\GpuSystemStatusHandlerTests.cs(156,49): error ENDOFLINE: Corrija el marcador de fin de línea. Reemplazar 2 caracteres por "\n". [D:\Perfil\Escritorio\ETC\Programacion\BAXY DEFINITIVO\tests\Baxy.Integration.Tests\Baxy.Integration.Tests.csproj]
D:\Perfil\Escritorio\ETC\Programacion\BAXY DEFINITIVO\tests\Baxy.Integration.Tests\GpuSystemStatusHandlerTests.cs(157,25): error ENDOFLINE: Corrija el marcador de fin de línea. Reemplazar 2 caracteres por "\n". [D:\Perfil\Escritorio\ETC\Programacion\BAXY DEFINITIVO\tests\Baxy.Integration.Tests\Baxy.Integration.Tests.csproj]
D:\Perfil\Escritorio\ETC\Programacion\BAXY DEFINITIVO\tests\Baxy.Integration.Tests\GpuSystemStatusHandlerTests.cs(158,76): error ENDOFLINE: Corrija el marcador de fin de línea. Reemplazar 2 caracteres por "\n". [D:\Perfil\Escritorio\ETC\Programacion\BAXY DEFINITIVO\tests\Baxy.Integration.Tests\Baxy.Integration.Tests.csproj]
D:\Perfil\Escritorio\ETC\Programacion\BAXY DEFINITIVO\tests\Baxy.Integration.Tests\GpuSystemStatusHandlerTests.cs(159,49): error ENDOFLINE: Corrija el marcador de fin de línea. Reemplazar 2 caracteres por "\n". [D:\Perfil\Escritorio\ETC\Programacion\BAXY DEFINITIVO\tests\Baxy.Integration.Tests\Baxy.Integration.Tests.csproj]
D:\Perfil\Escritorio\ETC\Programacion\BAXY DEFINITIVO\tests\Baxy.Integration.Tests\GpuSystemStatusHandlerTests.cs(160,92): error ENDOFLINE: Corrija el marcador de fin de línea. Reemplazar 2 caracteres por "\n". [D:\Perfil\Escritorio\ETC\Programacion\BAXY DEFINITIVO\tests\Baxy.Integration.Tests\Baxy.Integration.Tests.csproj]
D:\Perfil\Escritorio\ETC\Programacion\BAXY DEFINITIVO\tests\Baxy.Integration.Tests\GpuSystemStatusHandlerTests.cs(161,88): error ENDOFLINE: Corrija el marcador de fin de línea. Reemplazar 2 caracteres por "\n". [D:\Perfil\Escritorio\ETC\Programacion\BAXY DEFINITIVO\tests\Baxy.Integration.Tests\Baxy.Integration.Tests.csproj]
D:\Perfil\Escritorio\ETC\Programacion\BAXY DEFINITIVO\tests\Baxy.Integration.Tests\GpuSystemStatusHandlerTests.cs(162,98): error ENDOFLINE: Corrija el marcador de fin de línea. Reemplazar 2 caracteres por "\n". [D:\Perfil\Escritorio\ETC\Programacion\BAXY DEFINITIVO\tests\Baxy.Integration.Tests\Baxy.Integration.Tests.csproj]
D:\Perfil\Escritorio\ETC\Programacion\BAXY DEFINITIVO\tests\Baxy.Integration.Tests\GpuSystemStatusHandlerTests.cs(163,74): error ENDOFLINE: Corrija el marcador de fin de línea. Reemplazar 2 caracteres por "\n". [D:\Perfil\Escritorio\ETC\Programacion\BAXY DEFINITIVO\tests\Baxy.Integration.Tests\Baxy.Integration.Tests.csproj]
D:\Perfil\Escritorio\ETC\Programacion\BAXY DEFINITIVO\tests\Baxy.Integration.Tests\GpuSystemStatusHandlerTests.cs(164,96): error ENDOFLINE: Corrija el marcador de fin de línea. Reemplazar 2 caracteres por "\n". [D:\Perfil\Escritorio\ETC\Programacion\BAXY DEFINITIVO\tests\Baxy.Integration.Tests\Baxy.Integration.Tests.csproj]
D:\Perfil\Escritorio\ETC\Programacion\BAXY DEFINITIVO\tests\Baxy.Integration.Tests\GpuSystemStatusHandlerTests.cs(165,75): error ENDOFLINE: Corrija el marcador de fin de línea. Reemplazar 2 caracteres por "\n". [D:\Perfil\Escritorio\ETC\Programacion\BAXY DEFINITIVO\tests\Baxy.Integration.Tests\Baxy.Integration.Tests.csproj]
D:\Perfil\Escritorio\ETC\Programacion\BAXY DEFINITIVO\tests\Baxy.Integration.Tests\GpuSystemStatusHandlerTests.cs(166,12): error ENDOFLINE: Corrija el marcador de fin de línea. Reemplazar 2 caracteres por "\n". [D:\Perfil\Escritorio\ETC\Programacion\BAXY DEFINITIVO\tests\Baxy.Integration.Tests\Baxy.Integration.Tests.csproj]
D:\Perfil\Escritorio\ETC\Programacion\BAXY DEFINITIVO\tests\Baxy.Integration.Tests\GpuSystemStatusHandlerTests.cs(167,6): error ENDOFLINE: Corrija el marcador de fin de línea. Reemplazar 2 caracteres por "\n". [D:\Perfil\Escritorio\ETC\Programacion\BAXY DEFINITIVO\tests\Baxy.Integration.Tests\Baxy.Integration.Tests.csproj]
D:\Perfil\Escritorio\ETC\Programacion\BAXY DEFINITIVO\tests\Baxy.Integration.Tests\GpuSystemStatusHandlerTests.cs(168,1): error ENDOFLINE: Corrija el marcador de fin de línea. Reemplazar 2 caracteres por "\n". [D:\Perfil\Escritorio\ETC\Programacion\BAXY DEFINITIVO\tests\Baxy.Integration.Tests\Baxy.Integration.Tests.csproj]
D:\Perfil\Escritorio\ETC\Programacion\BAXY DEFINITIVO\tests\Baxy.Integration.Tests\GpuSystemStatusHandlerTests.cs(169,11): error ENDOFLINE: Corrija el marcador de fin de línea. Reemplazar 2 caracteres por "\n". [D:\Perfil\Escritorio\ETC\Programacion\BAXY DEFINITIVO\tests\Baxy.Integration.Tests\Baxy.Integration.Tests.csproj]
D:\Perfil\Escritorio\ETC\Programacion\BAXY DEFINITIVO\tests\Baxy.Integration.Tests\GpuSystemStatusHandlerTests.cs(170,74): error ENDOFLINE: Corrija el marcador de fin de línea. Reemplazar 2 caracteres por "\n". [D:\Perfil\Escritorio\ETC\Programacion\BAXY DEFINITIVO\tests\Baxy.Integration.Tests\Baxy.Integration.Tests.csproj]
D:\Perfil\Escritorio\ETC\Programacion\BAXY DEFINITIVO\tests\Baxy.Integration.Tests\GpuSystemStatusHandlerTests.cs(171,6): error ENDOFLINE: Corrija el marcador de fin de línea. Reemplazar 2 caracteres por "\n". [D:\Perfil\Escritorio\ETC\Programacion\BAXY DEFINITIVO\tests\Baxy.Integration.Tests\Baxy.Integration.Tests.csproj]
D:\Perfil\Escritorio\ETC\Programacion\BAXY DEFINITIVO\tests\Baxy.Integration.Tests\GpuSystemStatusHandlerTests.cs(172,42): error ENDOFLINE: Corrija el marcador de fin de línea. Reemplazar 2 caracteres por "\n". [D:\Perfil\Escritorio\ETC\Programacion\BAXY DEFINITIVO\tests\Baxy.Integration.Tests\Baxy.Integration.Tests.csproj]
D:\Perfil\Escritorio\ETC\Programacion\BAXY DEFINITIVO\tests\Baxy.Integration.Tests\GpuSystemStatusHandlerTests.cs(173,14): error ENDOFLINE: Corrija el marcador de fin de línea. Reemplazar 2 caracteres por "\n". [D:\Perfil\Escritorio\ETC\Programacion\BAXY DEFINITIVO\tests\Baxy.Integration.Tests\Baxy.Integration.Tests.csproj]
D:\Perfil\Escritorio\ETC\Programacion\BAXY DEFINITIVO\tests\Baxy.Integration.Tests\GpuSystemStatusHandlerTests.cs(174,56): error ENDOFLINE: Corrija el marcador de fin de línea. Reemplazar 2 caracteres por "\n". [D:\Perfil\Escritorio\ETC\Programacion\BAXY DEFINITIVO\tests\Baxy.Integration.Tests\Baxy.Integration.Tests.csproj]
D:\Perfil\Escritorio\ETC\Programacion\BAXY DEFINITIVO\tests\Baxy.Integration.Tests\GpuSystemStatusHandlerTests.cs(175,58): error ENDOFLINE: Corrija el marcador de fin de línea. Reemplazar 2 caracteres por "\n". [D:\Perfil\Escritorio\ETC\Programacion\BAXY DEFINITIVO\tests\Baxy.Integration.Tests\Baxy.Integration.Tests.csproj]
D:\Perfil\Escritorio\ETC\Programacion\BAXY DEFINITIVO\tests\Baxy.Integration.Tests\GpuSystemStatusHandlerTests.cs(176,15): error ENDOFLINE: Corrija el marcador de fin de línea. Reemplazar 2 caracteres por "\n". [D:\Perfil\Escritorio\ETC\Programacion\BAXY DEFINITIVO\tests\Baxy.Integration.Tests\Baxy.Integration.Tests.csproj]
D:\Perfil\Escritorio\ETC\Programacion\BAXY DEFINITIVO\tests\Baxy.Integration.Tests\GpuSystemStatusHandlerTests.cs(177,14): error ENDOFLINE: Corrija el marcador de fin de línea. Reemplazar 2 caracteres por "\n". [D:\Perfil\Escritorio\ETC\Programacion\BAXY DEFINITIVO\tests\Baxy.Integration.Tests\Baxy.Integration.Tests.csproj]
D:\Perfil\Escritorio\ETC\Programacion\BAXY DEFINITIVO\tests\Baxy.Integration.Tests\GpuSystemStatusHandlerTests.cs(178,38): error ENDOFLINE: Corrija el marcador de fin de línea. Reemplazar 2 caracteres por "\n". [D:\Perfil\Escritorio\ETC\Programacion\BAXY DEFINITIVO\tests\Baxy.Integration.Tests\Baxy.Integration.Tests.csproj]
D:\Perfil\Escritorio\ETC\Programacion\BAXY DEFINITIVO\tests\Baxy.Integration.Tests\GpuSystemStatusHandlerTests.cs(179,42): error ENDOFLINE: Corrija el marcador de fin de línea. Reemplazar 2 caracteres por "\n". [D:\Perfil\Escritorio\ETC\Programacion\BAXY DEFINITIVO\tests\Baxy.Integration.Tests\Baxy.Integration.Tests.csproj]
D:\Perfil\Escritorio\ETC\Programacion\BAXY DEFINITIVO\tests\Baxy.Integration.Tests\GpuSystemStatusHandlerTests.cs(180,57): error ENDOFLINE: Corrija el marcador de fin de línea. Reemplazar 2 caracteres por "\n". [D:\Perfil\Escritorio\ETC\Programacion\BAXY DEFINITIVO\tests\Baxy.Integration.Tests\Baxy.Integration.Tests.csproj]
D:\Perfil\Escritorio\ETC\Programacion\BAXY DEFINITIVO\tests\Baxy.Integration.Tests\GpuSystemStatusHandlerTests.cs(181,16): error ENDOFLINE: Corrija el marcador de fin de línea. Reemplazar 2 caracteres por "\n". [D:\Perfil\Escritorio\ETC\Programacion\BAXY DEFINITIVO\tests\Baxy.Integration.Tests\Baxy.Integration.Tests.csproj]
D:\Perfil\Escritorio\ETC\Programacion\BAXY DEFINITIVO\tests\Baxy.Integration.Tests\GpuSystemStatusHandlerTests.cs(182,68): error ENDOFLINE: Corrija el marcador de fin de línea. Reemplazar 2 caracteres por "\n". [D:\Perfil\Escritorio\ETC\Programacion\BAXY DEFINITIVO\tests\Baxy.Integration.Tests\Baxy.Integration.Tests.csproj]
D:\Perfil\Escritorio\ETC\Programacion\BAXY DEFINITIVO\tests\Baxy.Integration.Tests\GpuSystemStatusHandlerTests.cs(183,1): error ENDOFLINE: Corrija el marcador de fin de línea. Reemplazar 2 caracteres por "\n". [D:\Perfil\Escritorio\ETC\Programacion\BAXY DEFINITIVO\tests\Baxy.Integration.Tests\Baxy.Integration.Tests.csproj]
D:\Perfil\Escritorio\ETC\Programacion\BAXY DEFINITIVO\tests\Baxy.Integration.Tests\GpuSystemStatusHandlerTests.cs(184,63): error ENDOFLINE: Corrija el marcador de fin de línea. Reemplazar 2 caracteres por "\n". [D:\Perfil\Escritorio\ETC\Programacion\BAXY DEFINITIVO\tests\Baxy.Integration.Tests\Baxy.Integration.Tests.csproj]
D:\Perfil\Escritorio\ETC\Programacion\BAXY DEFINITIVO\tests\Baxy.Integration.Tests\GpuSystemStatusHandlerTests.cs(185,53): error ENDOFLINE: Corrija el marcador de fin de línea. Reemplazar 2 caracteres por "\n". [D:\Perfil\Escritorio\ETC\Programacion\BAXY DEFINITIVO\tests\Baxy.Integration.Tests\Baxy.Integration.Tests.csproj]
D:\Perfil\Escritorio\ETC\Programacion\BAXY DEFINITIVO\tests\Baxy.Integration.Tests\GpuSystemStatusHandlerTests.cs(186,37): error ENDOFLINE: Corrija el marcador de fin de línea. Reemplazar 2 caracteres por "\n". [D:\Perfil\Escritorio\ETC\Programacion\BAXY DEFINITIVO\tests\Baxy.Integration.Tests\Baxy.Integration.Tests.csproj]
D:\Perfil\Escritorio\ETC\Programacion\BAXY DEFINITIVO\tests\Baxy.Integration.Tests\GpuSystemStatusHandlerTests.cs(187,80): error ENDOFLINE: Corrija el marcador de fin de línea. Reemplazar 2 caracteres por "\n". [D:\Perfil\Escritorio\ETC\Programacion\BAXY DEFINITIVO\tests\Baxy.Integration.Tests\Baxy.Integration.Tests.csproj]
D:\Perfil\Escritorio\ETC\Programacion\BAXY DEFINITIVO\tests\Baxy.Integration.Tests\GpuSystemStatusHandlerTests.cs(188,1): error ENDOFLINE: Corrija el marcador de fin de línea. Reemplazar 2 caracteres por "\n". [D:\Perfil\Escritorio\ETC\Programacion\BAXY DEFINITIVO\tests\Baxy.Integration.Tests\Baxy.Integration.Tests.csproj]
D:\Perfil\Escritorio\ETC\Programacion\BAXY DEFINITIVO\tests\Baxy.Integration.Tests\GpuSystemStatusHandlerTests.cs(189,30): error ENDOFLINE: Corrija el marcador de fin de línea. Reemplazar 2 caracteres por "\n". [D:\Perfil\Escritorio\ETC\Programacion\BAXY DEFINITIVO\tests\Baxy.Integration.Tests\Baxy.Integration.Tests.csproj]
D:\Perfil\Escritorio\ETC\Programacion\BAXY DEFINITIVO\tests\Baxy.Integration.Tests\GpuSystemStatusHandlerTests.cs(190,10): error ENDOFLINE: Corrija el marcador de fin de línea. Reemplazar 2 caracteres por "\n". [D:\Perfil\Escritorio\ETC\Programacion\BAXY DEFINITIVO\tests\Baxy.Integration.Tests\Baxy.Integration.Tests.csproj]
D:\Perfil\Escritorio\ETC\Programacion\BAXY DEFINITIVO\tests\Baxy.Integration.Tests\GpuSystemStatusHandlerTests.cs(191,54): error ENDOFLINE: Corrija el marcador de fin de línea. Reemplazar 2 caracteres por "\n". [D:\Perfil\Escritorio\ETC\Programacion\BAXY DEFINITIVO\tests\Baxy.Integration.Tests\Baxy.Integration.Tests.csproj]
D:\Perfil\Escritorio\ETC\Programacion\BAXY DEFINITIVO\tests\Baxy.Integration.Tests\GpuSystemStatusHandlerTests.cs(192,53): error ENDOFLINE: Corrija el marcador de fin de línea. Reemplazar 2 caracteres por "\n". [D:\Perfil\Escritorio\ETC\Programacion\BAXY DEFINITIVO\tests\Baxy.Integration.Tests\Baxy.Integration.Tests.csproj]
D:\Perfil\Escritorio\ETC\Programacion\BAXY DEFINITIVO\tests\Baxy.Integration.Tests\GpuSystemStatusHandlerTests.cs(193,85): error ENDOFLINE: Corrija el marcador de fin de línea. Reemplazar 2 caracteres por "\n". [D:\Perfil\Escritorio\ETC\Programacion\BAXY DEFINITIVO\tests\Baxy.Integration.Tests\Baxy.Integration.Tests.csproj]
D:\Perfil\Escritorio\ETC\Programacion\BAXY DEFINITIVO\tests\Baxy.Integration.Tests\GpuSystemStatusHandlerTests.cs(194,92): error ENDOFLINE: Corrija el marcador de fin de línea. Reemplazar 2 caracteres por "\n". [D:\Perfil\Escritorio\ETC\Programacion\BAXY DEFINITIVO\tests\Baxy.Integration.Tests\Baxy.Integration.Tests.csproj]
D:\Perfil\Escritorio\ETC\Programacion\BAXY DEFINITIVO\tests\Baxy.Integration.Tests\GpuSystemStatusHandlerTests.cs(195,104): error ENDOFLINE: Corrija el marcador de fin de línea. Reemplazar 2 caracteres por "\n". [D:\Perfil\Escritorio\ETC\Programacion\BAXY DEFINITIVO\tests\Baxy.Integration.Tests\Baxy.Integration.Tests.csproj]
D:\Perfil\Escritorio\ETC\Programacion\BAXY DEFINITIVO\tests\Baxy.Integration.Tests\GpuSystemStatusHandlerTests.cs(196,66): error ENDOFLINE: Corrija el marcador de fin de línea. Reemplazar 2 caracteres por "\n". [D:\Perfil\Escritorio\ETC\Programacion\BAXY DEFINITIVO\tests\Baxy.Integration.Tests\Baxy.Integration.Tests.csproj]
D:\Perfil\Escritorio\ETC\Programacion\BAXY DEFINITIVO\tests\Baxy.Integration.Tests\GpuSystemStatusHandlerTests.cs(197,66): error ENDOFLINE: Corrija el marcador de fin de línea. Reemplazar 2 caracteres por "\n". [D:\Perfil\Escritorio\ETC\Programacion\BAXY DEFINITIVO\tests\Baxy.Integration.Tests\Baxy.Integration.Tests.csproj]
D:\Perfil\Escritorio\ETC\Programacion\BAXY DEFINITIVO\tests\Baxy.Integration.Tests\GpuSystemStatusHandlerTests.cs(198,96): error ENDOFLINE: Corrija el marcador de fin de línea. Reemplazar 2 caracteres por "\n". [D:\Perfil\Escritorio\ETC\Programacion\BAXY DEFINITIVO\tests\Baxy.Integration.Tests\Baxy.Integration.Tests.csproj]
D:\Perfil\Escritorio\ETC\Programacion\BAXY DEFINITIVO\tests\Baxy.Integration.Tests\GpuSystemStatusHandlerTests.cs(199,12): error ENDOFLINE: Corrija el marcador de fin de línea. Reemplazar 2 caracteres por "\n". [D:\Perfil\Escritorio\ETC\Programacion\BAXY DEFINITIVO\tests\Baxy.Integration.Tests\Baxy.Integration.Tests.csproj]
D:\Perfil\Escritorio\ETC\Programacion\BAXY DEFINITIVO\tests\Baxy.Integration.Tests\GpuSystemStatusHandlerTests.cs(200,6): error ENDOFLINE: Corrija el marcador de fin de línea. Reemplazar 2 caracteres por "\n". [D:\Perfil\Escritorio\ETC\Programacion\BAXY DEFINITIVO\tests\Baxy.Integration.Tests\Baxy.Integration.Tests.csproj]
D:\Perfil\Escritorio\ETC\Programacion\BAXY DEFINITIVO\tests\Baxy.Integration.Tests\GpuSystemStatusHandlerTests.cs(201,1): error ENDOFLINE: Corrija el marcador de fin de línea. Reemplazar 2 caracteres por "\n". [D:\Perfil\Escritorio\ETC\Programacion\BAXY DEFINITIVO\tests\Baxy.Integration.Tests\Baxy.Integration.Tests.csproj]
D:\Perfil\Escritorio\ETC\Programacion\BAXY DEFINITIVO\tests\Baxy.Integration.Tests\GpuSystemStatusHandlerTests.cs(202,11): error ENDOFLINE: Corrija el marcador de fin de línea. Reemplazar 2 caracteres por "\n". [D:\Perfil\Escritorio\ETC\Programacion\BAXY DEFINITIVO\tests\Baxy.Integration.Tests\Baxy.Integration.Tests.csproj]
D:\Perfil\Escritorio\ETC\Programacion\BAXY DEFINITIVO\tests\Baxy.Integration.Tests\GpuSystemStatusHandlerTests.cs(203,80): error ENDOFLINE: Corrija el marcador de fin de línea. Reemplazar 2 caracteres por "\n". [D:\Perfil\Escritorio\ETC\Programacion\BAXY DEFINITIVO\tests\Baxy.Integration.Tests\Baxy.Integration.Tests.csproj]
D:\Perfil\Escritorio\ETC\Programacion\BAXY DEFINITIVO\tests\Baxy.Integration.Tests\GpuSystemStatusHandlerTests.cs(204,6): error ENDOFLINE: Corrija el marcador de fin de línea. Reemplazar 2 caracteres por "\n". [D:\Perfil\Escritorio\ETC\Programacion\BAXY DEFINITIVO\tests\Baxy.Integration.Tests\Baxy.Integration.Tests.csproj]
D:\Perfil\Escritorio\ETC\Programacion\BAXY DEFINITIVO\tests\Baxy.Integration.Tests\GpuSystemStatusHandlerTests.cs(205,42): error ENDOFLINE: Corrija el marcador de fin de línea. Reemplazar 2 caracteres por "\n". [D:\Perfil\Escritorio\ETC\Programacion\BAXY DEFINITIVO\tests\Baxy.Integration.Tests\Baxy.Integration.Tests.csproj]
D:\Perfil\Escritorio\ETC\Programacion\BAXY DEFINITIVO\tests\Baxy.Integration.Tests\GpuSystemStatusHandlerTests.cs(206,16): error ENDOFLINE: Corrija el marcador de fin de línea. Reemplazar 2 caracteres por "\n". [D:\Perfil\Escritorio\ETC\Programacion\BAXY DEFINITIVO\tests\Baxy.Integration.Tests\Baxy.Integration.Tests.csproj]
D:\Perfil\Escritorio\ETC\Programacion\BAXY DEFINITIVO\tests\Baxy.Integration.Tests\GpuSystemStatusHandlerTests.cs(207,14): error ENDOFLINE: Corrija el marcador de fin de línea. Reemplazar 2 caracteres por "\n". [D:\Perfil\Escritorio\ETC\Programacion\BAXY DEFINITIVO\tests\Baxy.Integration.Tests\Baxy.Integration.Tests.csproj]
D:\Perfil\Escritorio\ETC\Programacion\BAXY DEFINITIVO\tests\Baxy.Integration.Tests\GpuSystemStatusHandlerTests.cs(208,38): error ENDOFLINE: Corrija el marcador de fin de línea. Reemplazar 2 caracteres por "\n". [D:\Perfil\Escritorio\ETC\Programacion\BAXY DEFINITIVO\tests\Baxy.Integration.Tests\Baxy.Integration.Tests.csproj]
D:\Perfil\Escritorio\ETC\Programacion\BAXY DEFINITIVO\tests\Baxy.Integration.Tests\GpuSystemStatusHandlerTests.cs(209,45): error ENDOFLINE: Corrija el marcador de fin de línea. Reemplazar 2 caracteres por "\n". [D:\Perfil\Escritorio\ETC\Programacion\BAXY DEFINITIVO\tests\Baxy.Integration.Tests\Baxy.Integration.Tests.csproj]
D:\Perfil\Escritorio\ETC\Programacion\BAXY DEFINITIVO\tests\Baxy.Integration.Tests\GpuSystemStatusHandlerTests.cs(210,63): error ENDOFLINE: Corrija el marcador de fin de línea. Reemplazar 2 caracteres por "\n". [D:\Perfil\Escritorio\ETC\Programacion\BAXY DEFINITIVO\tests\Baxy.Integration.Tests\Baxy.Integration.Tests.csproj]
D:\Perfil\Escritorio\ETC\Programacion\BAXY DEFINITIVO\tests\Baxy.Integration.Tests\GpuSystemStatusHandlerTests.cs(211,16): error ENDOFLINE: Corrija el marcador de fin de línea. Reemplazar 2 caracteres por "\n". [D:\Perfil\Escritorio\ETC\Programacion\BAXY DEFINITIVO\tests\Baxy.Integration.Tests\Baxy.Integration.Tests.csproj]
D:\Perfil\Escritorio\ETC\Programacion\BAXY DEFINITIVO\tests\Baxy.Integration.Tests\GpuSystemStatusHandlerTests.cs(212,68): error ENDOFLINE: Corrija el marcador de fin de línea. Reemplazar 2 caracteres por "\n". [D:\Perfil\Escritorio\ETC\Programacion\BAXY DEFINITIVO\tests\Baxy.Integration.Tests\Baxy.Integration.Tests.csproj]
D:\Perfil\Escritorio\ETC\Programacion\BAXY DEFINITIVO\tests\Baxy.Integration.Tests\GpuSystemStatusHandlerTests.cs(213,1): error ENDOFLINE: Corrija el marcador de fin de línea. Reemplazar 2 caracteres por "\n". [D:\Perfil\Escritorio\ETC\Programacion\BAXY DEFINITIVO\tests\Baxy.Integration.Tests\Baxy.Integration.Tests.csproj]
D:\Perfil\Escritorio\ETC\Programacion\BAXY DEFINITIVO\tests\Baxy.Integration.Tests\GpuSystemStatusHandlerTests.cs(214,63): error ENDOFLINE: Corrija el marcador de fin de línea. Reemplazar 2 caracteres por "\n". [D:\Perfil\Escritorio\ETC\Programacion\BAXY DEFINITIVO\tests\Baxy.Integration.Tests\Baxy.Integration.Tests.csproj]
D:\Perfil\Escritorio\ETC\Programacion\BAXY DEFINITIVO\tests\Baxy.Integration.Tests\GpuSystemStatusHandlerTests.cs(215,53): error ENDOFLINE: Corrija el marcador de fin de línea. Reemplazar 2 caracteres por "\n". [D:\Perfil\Escritorio\ETC\Programacion\BAXY DEFINITIVO\tests\Baxy.Integration.Tests\Baxy.Integration.Tests.csproj]
D:\Perfil\Escritorio\ETC\Programacion\BAXY DEFINITIVO\tests\Baxy.Integration.Tests\GpuSystemStatusHandlerTests.cs(216,37): error ENDOFLINE: Corrija el marcador de fin de línea. Reemplazar 2 caracteres por "\n". [D:\Perfil\Escritorio\ETC\Programacion\BAXY DEFINITIVO\tests\Baxy.Integration.Tests\Baxy.Integration.Tests.csproj]
D:\Perfil\Escritorio\ETC\Programacion\BAXY DEFINITIVO\tests\Baxy.Integration.Tests\GpuSystemStatusHandlerTests.cs(217,80): error ENDOFLINE: Corrija el marcador de fin de línea. Reemplazar 2 caracteres por "\n". [D:\Perfil\Escritorio\ETC\Programacion\BAXY DEFINITIVO\tests\Baxy.Integration.Tests\Baxy.Integration.Tests.csproj]
D:\Perfil\Escritorio\ETC\Programacion\BAXY DEFINITIVO\tests\Baxy.Integration.Tests\GpuSystemStatusHandlerTests.cs(218,1): error ENDOFLINE: Corrija el marcador de fin de línea. Reemplazar 2 caracteres por "\n". [D:\Perfil\Escritorio\ETC\Programacion\BAXY DEFINITIVO\tests\Baxy.Integration.Tests\Baxy.Integration.Tests.csproj]
D:\Perfil\Escritorio\ETC\Programacion\BAXY DEFINITIVO\tests\Baxy.Integration.Tests\GpuSystemStatusHandlerTests.cs(219,30): error ENDOFLINE: Corrija el marcador de fin de línea. Reemplazar 2 caracteres por "\n". [D:\Perfil\Escritorio\ETC\Programacion\BAXY DEFINITIVO\tests\Baxy.Integration.Tests\Baxy.Integration.Tests.csproj]
D:\Perfil\Escritorio\ETC\Programacion\BAXY DEFINITIVO\tests\Baxy.Integration.Tests\GpuSystemStatusHandlerTests.cs(220,10): error ENDOFLINE: Corrija el marcador de fin de línea. Reemplazar 2 caracteres por "\n". [D:\Perfil\Escritorio\ETC\Programacion\BAXY DEFINITIVO\tests\Baxy.Integration.Tests\Baxy.Integration.Tests.csproj]
D:\Perfil\Escritorio\ETC\Programacion\BAXY DEFINITIVO\tests\Baxy.Integration.Tests\GpuSystemStatusHandlerTests.cs(221,54): error ENDOFLINE: Corrija el marcador de fin de línea. Reemplazar 2 caracteres por "\n". [D:\Perfil\Escritorio\ETC\Programacion\BAXY DEFINITIVO\tests\Baxy.Integration.Tests\Baxy.Integration.Tests.csproj]
D:\Perfil\Escritorio\ETC\Programacion\BAXY DEFINITIVO\tests\Baxy.Integration.Tests\GpuSystemStatusHandlerTests.cs(222,85): error ENDOFLINE: Corrija el marcador de fin de línea. Reemplazar 2 caracteres por "\n". [D:\Perfil\Escritorio\ETC\Programacion\BAXY DEFINITIVO\tests\Baxy.Integration.Tests\Baxy.Integration.Tests.csproj]
D:\Perfil\Escritorio\ETC\Programacion\BAXY DEFINITIVO\tests\Baxy.Integration.Tests\GpuSystemStatusHandlerTests.cs(223,95): error ENDOFLINE: Corrija el marcador de fin de línea. Reemplazar 2 caracteres por "\n". [D:\Perfil\Escritorio\ETC\Programacion\BAXY DEFINITIVO\tests\Baxy.Integration.Tests\Baxy.Integration.Tests.csproj]
D:\Perfil\Escritorio\ETC\Programacion\BAXY DEFINITIVO\tests\Baxy.Integration.Tests\GpuSystemStatusHandlerTests.cs(224,96): error ENDOFLINE: Corrija el marcador de fin de línea. Reemplazar 2 caracteres por "\n". [D:\Perfil\Escritorio\ETC\Programacion\BAXY DEFINITIVO\tests\Baxy.Integration.Tests\Baxy.Integration.Tests.csproj]
D:\Perfil\Escritorio\ETC\Programacion\BAXY DEFINITIVO\tests\Baxy.Integration.Tests\GpuSystemStatusHandlerTests.cs(225,12): error ENDOFLINE: Corrija el marcador de fin de línea. Reemplazar 2 caracteres por "\n". [D:\Perfil\Escritorio\ETC\Programacion\BAXY DEFINITIVO\tests\Baxy.Integration.Tests\Baxy.Integration.Tests.csproj]
D:\Perfil\Escritorio\ETC\Programacion\BAXY DEFINITIVO\tests\Baxy.Integration.Tests\GpuSystemStatusHandlerTests.cs(226,6): error ENDOFLINE: Corrija el marcador de fin de línea. Reemplazar 2 caracteres por "\n". [D:\Perfil\Escritorio\ETC\Programacion\BAXY DEFINITIVO\tests\Baxy.Integration.Tests\Baxy.Integration.Tests.csproj]
D:\Perfil\Escritorio\ETC\Programacion\BAXY DEFINITIVO\tests\Baxy.Integration.Tests\GpuSystemStatusHandlerTests.cs(227,1): error ENDOFLINE: Corrija el marcador de fin de línea. Reemplazar 2 caracteres por "\n". [D:\Perfil\Escritorio\ETC\Programacion\BAXY DEFINITIVO\tests\Baxy.Integration.Tests\Baxy.Integration.Tests.csproj]
D:\Perfil\Escritorio\ETC\Programacion\BAXY DEFINITIVO\tests\Baxy.Integration.Tests\GpuSystemStatusHandlerTests.cs(228,39): error ENDOFLINE: Corrija el marcador de fin de línea. Reemplazar 2 caracteres por "\n". [D:\Perfil\Escritorio\ETC\Programacion\BAXY DEFINITIVO\tests\Baxy.Integration.Tests\Baxy.Integration.Tests.csproj]
D:\Perfil\Escritorio\ETC\Programacion\BAXY DEFINITIVO\tests\Baxy.Integration.Tests\GpuSystemStatusHandlerTests.cs(229,45): error ENDOFLINE: Corrija el marcador de fin de línea. Reemplazar 2 caracteres por "\n". [D:\Perfil\Escritorio\ETC\Programacion\BAXY DEFINITIVO\tests\Baxy.Integration.Tests\Baxy.Integration.Tests.csproj]
D:\Perfil\Escritorio\ETC\Programacion\BAXY DEFINITIVO\tests\Baxy.Integration.Tests\GpuSystemStatusHandlerTests.cs(230,38): error ENDOFLINE: Corrija el marcador de fin de línea. Reemplazar 2 caracteres por "\n". [D:\Perfil\Escritorio\ETC\Programacion\BAXY DEFINITIVO\tests\Baxy.Integration.Tests\Baxy.Integration.Tests.csproj]
D:\Perfil\Escritorio\ETC\Programacion\BAXY DEFINITIVO\tests\Baxy.Integration.Tests\GpuSystemStatusHandlerTests.cs(231,44): error ENDOFLINE: Corrija el marcador de fin de línea. Reemplazar 2 caracteres por "\n". [D:\Perfil\Escritorio\ETC\Programacion\BAXY DEFINITIVO\tests\Baxy.Integration.Tests\Baxy.Integration.Tests.csproj]
D:\Perfil\Escritorio\ETC\Programacion\BAXY DEFINITIVO\tests\Baxy.Integration.Tests\GpuSystemStatusHandlerTests.cs(232,42): error ENDOFLINE: Corrija el marcador de fin de línea. Reemplazar 2 caracteres por "\n". [D:\Perfil\Escritorio\ETC\Programacion\BAXY DEFINITIVO\tests\Baxy.Integration.Tests\Baxy.Integration.Tests.csproj]
D:\Perfil\Escritorio\ETC\Programacion\BAXY DEFINITIVO\tests\Baxy.Integration.Tests\GpuSystemStatusHandlerTests.cs(233,38): error ENDOFLINE: Corrija el marcador de fin de línea. Reemplazar 2 caracteres por "\n". [D:\Perfil\Escritorio\ETC\Programacion\BAXY DEFINITIVO\tests\Baxy.Integration.Tests\Baxy.Integration.Tests.csproj]
D:\Perfil\Escritorio\ETC\Programacion\BAXY DEFINITIVO\tests\Baxy.Integration.Tests\GpuSystemStatusHandlerTests.cs(234,41): error ENDOFLINE: Corrija el marcador de fin de línea. Reemplazar 2 caracteres por "\n". [D:\Perfil\Escritorio\ETC\Programacion\BAXY DEFINITIVO\tests\Baxy.Integration.Tests\Baxy.Integration.Tests.csproj]
D:\Perfil\Escritorio\ETC\Programacion\BAXY DEFINITIVO\tests\Baxy.Integration.Tests\GpuSystemStatusHandlerTests.cs(235,35): error ENDOFLINE: Corrija el marcador de fin de línea. Reemplazar 2 caracteres por "\n". [D:\Perfil\Escritorio\ETC\Programacion\BAXY DEFINITIVO\tests\Baxy.Integration.Tests\Baxy.Integration.Tests.csproj]
D:\Perfil\Escritorio\ETC\Programacion\BAXY DEFINITIVO\tests\Baxy.Integration.Tests\GpuSystemStatusHandlerTests.cs(236,49): error ENDOFLINE: Corrija el marcador de fin de línea. Reemplazar 2 caracteres por "\n". [D:\Perfil\Escritorio\ETC\Programacion\BAXY DEFINITIVO\tests\Baxy.Integration.Tests\Baxy.Integration.Tests.csproj]
D:\Perfil\Escritorio\ETC\Programacion\BAXY DEFINITIVO\tests\Baxy.Integration.Tests\GpuSystemStatusHandlerTests.cs(237,40): error ENDOFLINE: Corrija el marcador de fin de línea. Reemplazar 2 caracteres por "\n". [D:\Perfil\Escritorio\ETC\Programacion\BAXY DEFINITIVO\tests\Baxy.Integration.Tests\Baxy.Integration.Tests.csproj]
D:\Perfil\Escritorio\ETC\Programacion\BAXY DEFINITIVO\tests\Baxy.Integration.Tests\GpuSystemStatusHandlerTests.cs(238,80): error ENDOFLINE: Corrija el marcador de fin de línea. Reemplazar 2 caracteres por "\n". [D:\Perfil\Escritorio\ETC\Programacion\BAXY DEFINITIVO\tests\Baxy.Integration.Tests\Baxy.Integration.Tests.csproj]
D:\Perfil\Escritorio\ETC\Programacion\BAXY DEFINITIVO\tests\Baxy.Integration.Tests\GpuSystemStatusHandlerTests.cs(239,6): error ENDOFLINE: Corrija el marcador de fin de línea. Reemplazar 2 caracteres por "\n". [D:\Perfil\Escritorio\ETC\Programacion\BAXY DEFINITIVO\tests\Baxy.Integration.Tests\Baxy.Integration.Tests.csproj]
D:\Perfil\Escritorio\ETC\Programacion\BAXY DEFINITIVO\tests\Baxy.Integration.Tests\GpuSystemStatusHandlerTests.cs(240,91): error ENDOFLINE: Corrija el marcador de fin de línea. Reemplazar 2 caracteres por "\n". [D:\Perfil\Escritorio\ETC\Programacion\BAXY DEFINITIVO\tests\Baxy.Integration.Tests\Baxy.Integration.Tests.csproj]
D:\Perfil\Escritorio\ETC\Programacion\BAXY DEFINITIVO\tests\Baxy.Integration.Tests\GpuSystemStatusHandlerTests.cs(241,55): error ENDOFLINE: Corrija el marcador de fin de línea. Reemplazar 2 caracteres por "\n". [D:\Perfil\Escritorio\ETC\Programacion\BAXY DEFINITIVO\tests\Baxy.Integration.Tests\Baxy.Integration.Tests.csproj]
D:\Perfil\Escritorio\ETC\Programacion\BAXY DEFINITIVO\tests\Baxy.Integration.Tests\GpuSystemStatusHandlerTests.cs(242,36): error ENDOFLINE: Corrija el marcador de fin de línea. Reemplazar 2 caracteres por "\n". [D:\Perfil\Escritorio\ETC\Programacion\BAXY DEFINITIVO\tests\Baxy.Integration.Tests\Baxy.Integration.Tests.csproj]
D:\Perfil\Escritorio\ETC\Programacion\BAXY DEFINITIVO\tests\Baxy.Integration.Tests\GpuSystemStatusHandlerTests.cs(243,62): error ENDOFLINE: Corrija el marcador de fin de línea. Reemplazar 2 caracteres por "\n". [D:\Perfil\Escritorio\ETC\Programacion\BAXY DEFINITIVO\tests\Baxy.Integration.Tests\Baxy.Integration.Tests.csproj]
D:\Perfil\Escritorio\ETC\Programacion\BAXY DEFINITIVO\tests\Baxy.Integration.Tests\GpuSystemStatusHandlerTests.cs(244,29): error ENDOFLINE: Corrija el marcador de fin de línea. Reemplazar 2 caracteres por "\n". [D:\Perfil\Escritorio\ETC\Programacion\BAXY DEFINITIVO\tests\Baxy.Integration.Tests\Baxy.Integration.Tests.csproj]
D:\Perfil\Escritorio\ETC\Programacion\BAXY DEFINITIVO\tests\Baxy.Integration.Tests\GpuSystemStatusHandlerTests.cs(245,27): error ENDOFLINE: Corrija el marcador de fin de línea. Reemplazar 2 caracteres por "\n". [D:\Perfil\Escritorio\ETC\Programacion\BAXY DEFINITIVO\tests\Baxy.Integration.Tests\Baxy.Integration.Tests.csproj]
D:\Perfil\Escritorio\ETC\Programacion\BAXY DEFINITIVO\tests\Baxy.Integration.Tests\GpuSystemStatusHandlerTests.cs(246,1): error ENDOFLINE: Corrija el marcador de fin de línea. Reemplazar 2 caracteres por "\n". [D:\Perfil\Escritorio\ETC\Programacion\BAXY DEFINITIVO\tests\Baxy.Integration.Tests\Baxy.Integration.Tests.csproj]
D:\Perfil\Escritorio\ETC\Programacion\BAXY DEFINITIVO\tests\Baxy.Integration.Tests\GpuSystemStatusHandlerTests.cs(247,63): error ENDOFLINE: Corrija el marcador de fin de línea. Reemplazar 2 caracteres por "\n". [D:\Perfil\Escritorio\ETC\Programacion\BAXY DEFINITIVO\tests\Baxy.Integration.Tests\Baxy.Integration.Tests.csproj]
D:\Perfil\Escritorio\ETC\Programacion\BAXY DEFINITIVO\tests\Baxy.Integration.Tests\GpuSystemStatusHandlerTests.cs(248,60): error ENDOFLINE: Corrija el marcador de fin de línea. Reemplazar 2 caracteres por "\n". [D:\Perfil\Escritorio\ETC\Programacion\BAXY DEFINITIVO\tests\Baxy.Integration.Tests\Baxy.Integration.Tests.csproj]
D:\Perfil\Escritorio\ETC\Programacion\BAXY DEFINITIVO\tests\Baxy.Integration.Tests\GpuSystemStatusHandlerTests.cs(249,37): error ENDOFLINE: Corrija el marcador de fin de línea. Reemplazar 2 caracteres por "\n". [D:\Perfil\Escritorio\ETC\Programacion\BAXY DEFINITIVO\tests\Baxy.Integration.Tests\Baxy.Integration.Tests.csproj]
D:\Perfil\Escritorio\ETC\Programacion\BAXY DEFINITIVO\tests\Baxy.Integration.Tests\GpuSystemStatusHandlerTests.cs(250,1): error ENDOFLINE: Corrija el marcador de fin de línea. Reemplazar 2 caracteres por "\n". [D:\Perfil\Escritorio\ETC\Programacion\BAXY DEFINITIVO\tests\Baxy.Integration.Tests\Baxy.Integration.Tests.csproj]
D:\Perfil\Escritorio\ETC\Programacion\BAXY DEFINITIVO\tests\Baxy.Integration.Tests\GpuSystemStatusHandlerTests.cs(251,30): error ENDOFLINE: Corrija el marcador de fin de línea. Reemplazar 2 caracteres por "\n". [D:\Perfil\Escritorio\ETC\Programacion\BAXY DEFINITIVO\tests\Baxy.Integration.Tests\Baxy.Integration.Tests.csproj]
D:\Perfil\Escritorio\ETC\Programacion\BAXY DEFINITIVO\tests\Baxy.Integration.Tests\GpuSystemStatusHandlerTests.cs(252,10): error ENDOFLINE: Corrija el marcador de fin de línea. Reemplazar 2 caracteres por "\n". [D:\Perfil\Escritorio\ETC\Programacion\BAXY DEFINITIVO\tests\Baxy.Integration.Tests\Baxy.Integration.Tests.csproj]
D:\Perfil\Escritorio\ETC\Programacion\BAXY DEFINITIVO\tests\Baxy.Integration.Tests\GpuSystemStatusHandlerTests.cs(253,54): error ENDOFLINE: Corrija el marcador de fin de línea. Reemplazar 2 caracteres por "\n". [D:\Perfil\Escritorio\ETC\Programacion\BAXY DEFINITIVO\tests\Baxy.Integration.Tests\Baxy.Integration.Tests.csproj]
D:\Perfil\Escritorio\ETC\Programacion\BAXY DEFINITIVO\tests\Baxy.Integration.Tests\GpuSystemStatusHandlerTests.cs(254,79): error ENDOFLINE: Corrija el marcador de fin de línea. Reemplazar 2 caracteres por "\n". [D:\Perfil\Escritorio\ETC\Programacion\BAXY DEFINITIVO\tests\Baxy.Integration.Tests\Baxy.Integration.Tests.csproj]
D:\Perfil\Escritorio\ETC\Programacion\BAXY DEFINITIVO\tests\Baxy.Integration.Tests\GpuSystemStatusHandlerTests.cs(255,50): error ENDOFLINE: Corrija el marcador de fin de línea. Reemplazar 2 caracteres por "\n". [D:\Perfil\Escritorio\ETC\Programacion\BAXY DEFINITIVO\tests\Baxy.Integration.Tests\Baxy.Integration.Tests.csproj]
D:\Perfil\Escritorio\ETC\Programacion\BAXY DEFINITIVO\tests\Baxy.Integration.Tests\GpuSystemStatusHandlerTests.cs(256,55): error ENDOFLINE: Corrija el marcador de fin de línea. Reemplazar 2 caracteres por "\n". [D:\Perfil\Escritorio\ETC\Programacion\BAXY DEFINITIVO\tests\Baxy.Integration.Tests\Baxy.Integration.Tests.csproj]
D:\Perfil\Escritorio\ETC\Programacion\BAXY DEFINITIVO\tests\Baxy.Integration.Tests\GpuSystemStatusHandlerTests.cs(257,12): error ENDOFLINE: Corrija el marcador de fin de línea. Reemplazar 2 caracteres por "\n". [D:\Perfil\Escritorio\ETC\Programacion\BAXY DEFINITIVO\tests\Baxy.Integration.Tests\Baxy.Integration.Tests.csproj]
D:\Perfil\Escritorio\ETC\Programacion\BAXY DEFINITIVO\tests\Baxy.Integration.Tests\GpuSystemStatusHandlerTests.cs(258,6): error ENDOFLINE: Corrija el marcador de fin de línea. Reemplazar 2 caracteres por "\n". [D:\Perfil\Escritorio\ETC\Programacion\BAXY DEFINITIVO\tests\Baxy.Integration.Tests\Baxy.Integration.Tests.csproj]
D:\Perfil\Escritorio\ETC\Programacion\BAXY DEFINITIVO\tests\Baxy.Integration.Tests\GpuSystemStatusHandlerTests.cs(259,1): error ENDOFLINE: Corrija el marcador de fin de línea. Reemplazar 2 caracteres por "\n". [D:\Perfil\Escritorio\ETC\Programacion\BAXY DEFINITIVO\tests\Baxy.Integration.Tests\Baxy.Integration.Tests.csproj]
D:\Perfil\Escritorio\ETC\Programacion\BAXY DEFINITIVO\tests\Baxy.Integration.Tests\GpuSystemStatusHandlerTests.cs(260,39): error ENDOFLINE: Corrija el marcador de fin de línea. Reemplazar 2 caracteres por "\n". [D:\Perfil\Escritorio\ETC\Programacion\BAXY DEFINITIVO\tests\Baxy.Integration.Tests\Baxy.Integration.Tests.csproj]
D:\Perfil\Escritorio\ETC\Programacion\BAXY DEFINITIVO\tests\Baxy.Integration.Tests\GpuSystemStatusHandlerTests.cs(261,29): error ENDOFLINE: Corrija el marcador de fin de línea. Reemplazar 2 caracteres por "\n". [D:\Perfil\Escritorio\ETC\Programacion\BAXY DEFINITIVO\tests\Baxy.Integration.Tests\Baxy.Integration.Tests.csproj]
D:\Perfil\Escritorio\ETC\Programacion\BAXY DEFINITIVO\tests\Baxy.Integration.Tests\GpuSystemStatusHandlerTests.cs(262,42): error ENDOFLINE: Corrija el marcador de fin de línea. Reemplazar 2 caracteres por "\n". [D:\Perfil\Escritorio\ETC\Programacion\BAXY DEFINITIVO\tests\Baxy.Integration.Tests\Baxy.Integration.Tests.csproj]
D:\Perfil\Escritorio\ETC\Programacion\BAXY DEFINITIVO\tests\Baxy.Integration.Tests\GpuSystemStatusHandlerTests.cs(263,36): error ENDOFLINE: Corrija el marcador de fin de línea. Reemplazar 2 caracteres por "\n". [D:\Perfil\Escritorio\ETC\Programacion\BAXY DEFINITIVO\tests\Baxy.Integration.Tests\Baxy.Integration.Tests.csproj]
D:\Perfil\Escritorio\ETC\Programacion\BAXY DEFINITIVO\tests\Baxy.Integration.Tests\GpuSystemStatusHandlerTests.cs(264,45): error ENDOFLINE: Corrija el marcador de fin de línea. Reemplazar 2 caracteres por "\n". [D:\Perfil\Escritorio\ETC\Programacion\BAXY DEFINITIVO\tests\Baxy.Integration.Tests\Baxy.Integration.Tests.csproj]
D:\Perfil\Escritorio\ETC\Programacion\BAXY DEFINITIVO\tests\Baxy.Integration.Tests\GpuSystemStatusHandlerTests.cs(265,34): error ENDOFLINE: Corrija el marcador de fin de línea. Reemplazar 2 caracteres por "\n". [D:\Perfil\Escritorio\ETC\Programacion\BAXY DEFINITIVO\tests\Baxy.Integration.Tests\Baxy.Integration.Tests.csproj]
D:\Perfil\Escritorio\ETC\Programacion\BAXY DEFINITIVO\tests\Baxy.Integration.Tests\GpuSystemStatusHandlerTests.cs(266,32): error ENDOFLINE: Corrija el marcador de fin de línea. Reemplazar 2 caracteres por "\n". [D:\Perfil\Escritorio\ETC\Programacion\BAXY DEFINITIVO\tests\Baxy.Integration.Tests\Baxy.Integration.Tests.csproj]
D:\Perfil\Escritorio\ETC\Programacion\BAXY DEFINITIVO\tests\Baxy.Integration.Tests\GpuSystemStatusHandlerTests.cs(267,38): error ENDOFLINE: Corrija el marcador de fin de línea. Reemplazar 2 caracteres por "\n". [D:\Perfil\Escritorio\ETC\Programacion\BAXY DEFINITIVO\tests\Baxy.Integration.Tests\Baxy.Integration.Tests.csproj]
D:\Perfil\Escritorio\ETC\Programacion\BAXY DEFINITIVO\tests\Baxy.Integration.Tests\GpuSystemStatusHandlerTests.cs(268,39): error ENDOFLINE: Corrija el marcador de fin de línea. Reemplazar 2 caracteres por "\n". [D:\Perfil\Escritorio\ETC\Programacion\BAXY DEFINITIVO\tests\Baxy.Integration.Tests\Baxy.Integration.Tests.csproj]
D:\Perfil\Escritorio\ETC\Programacion\BAXY DEFINITIVO\tests\Baxy.Integration.Tests\GpuSystemStatusHandlerTests.cs(269,34): error ENDOFLINE: Corrija el marcador de fin de línea. Reemplazar 2 caracteres por "\n". [D:\Perfil\Escritorio\ETC\Programacion\BAXY DEFINITIVO\tests\Baxy.Integration.Tests\Baxy.Integration.Tests.csproj]
D:\Perfil\Escritorio\ETC\Programacion\BAXY DEFINITIVO\tests\Baxy.Integration.Tests\GpuSystemStatusHandlerTests.cs(270,36): error ENDOFLINE: Corrija el marcador de fin de línea. Reemplazar 2 caracteres por "\n". [D:\Perfil\Escritorio\ETC\Programacion\BAXY DEFINITIVO\tests\Baxy.Integration.Tests\Baxy.Integration.Tests.csproj]
D:\Perfil\Escritorio\ETC\Programacion\BAXY DEFINITIVO\tests\Baxy.Integration.Tests\GpuSystemStatusHandlerTests.cs(271,32): error ENDOFLINE: Corrija el marcador de fin de línea. Reemplazar 2 caracteres por "\n". [D:\Perfil\Escritorio\ETC\Programacion\BAXY DEFINITIVO\tests\Baxy.Integration.Tests\Baxy.Integration.Tests.csproj]
D:\Perfil\Escritorio\ETC\Programacion\BAXY DEFINITIVO\tests\Baxy.Integration.Tests\GpuSystemStatusHandlerTests.cs(272,32): error ENDOFLINE: Corrija el marcador de fin de línea. Reemplazar 2 caracteres por "\n". [D:\Perfil\Escritorio\ETC\Programacion\BAXY DEFINITIVO\tests\Baxy.Integration.Tests\Baxy.Integration.Tests.csproj]
D:\Perfil\Escritorio\ETC\Programacion\BAXY DEFINITIVO\tests\Baxy.Integration.Tests\GpuSystemStatusHandlerTests.cs(273,67): error ENDOFLINE: Corrija el marcador de fin de línea. Reemplazar 2 caracteres por "\n". [D:\Perfil\Escritorio\ETC\Programacion\BAXY DEFINITIVO\tests\Baxy.Integration.Tests\Baxy.Integration.Tests.csproj]
D:\Perfil\Escritorio\ETC\Programacion\BAXY DEFINITIVO\tests\Baxy.Integration.Tests\GpuSystemStatusHandlerTests.cs(274,6): error ENDOFLINE: Corrija el marcador de fin de línea. Reemplazar 2 caracteres por "\n". [D:\Perfil\Escritorio\ETC\Programacion\BAXY DEFINITIVO\tests\Baxy.Integration.Tests\Baxy.Integration.Tests.csproj]
D:\Perfil\Escritorio\ETC\Programacion\BAXY DEFINITIVO\tests\Baxy.Integration.Tests\GpuSystemStatusHandlerTests.cs(275,86): error ENDOFLINE: Corrija el marcador de fin de línea. Reemplazar 2 caracteres por "\n". [D:\Perfil\Escritorio\ETC\Programacion\BAXY DEFINITIVO\tests\Baxy.Integration.Tests\Baxy.Integration.Tests.csproj]
D:\Perfil\Escritorio\ETC\Programacion\BAXY DEFINITIVO\tests\Baxy.Integration.Tests\GpuSystemStatusHandlerTests.cs(276,68): error ENDOFLINE: Corrija el marcador de fin de línea. Reemplazar 2 caracteres por "\n". [D:\Perfil\Escritorio\ETC\Programacion\BAXY DEFINITIVO\tests\Baxy.Integration.Tests\Baxy.Integration.Tests.csproj]
D:\Perfil\Escritorio\ETC\Programacion\BAXY DEFINITIVO\tests\Baxy.Integration.Tests\GpuSystemStatusHandlerTests.cs(277,62): error ENDOFLINE: Corrija el marcador de fin de línea. Reemplazar 2 caracteres por "\n". [D:\Perfil\Escritorio\ETC\Programacion\BAXY DEFINITIVO\tests\Baxy.Integration.Tests\Baxy.Integration.Tests.csproj]
D:\Perfil\Escritorio\ETC\Programacion\BAXY DEFINITIVO\tests\Baxy.Integration.Tests\GpuSystemStatusHandlerTests.cs(278,29): error ENDOFLINE: Corrija el marcador de fin de línea. Reemplazar 2 caracteres por "\n". [D:\Perfil\Escritorio\ETC\Programacion\BAXY DEFINITIVO\tests\Baxy.Integration.Tests\Baxy.Integration.Tests.csproj]
D:\Perfil\Escritorio\ETC\Programacion\BAXY DEFINITIVO\tests\Baxy.Integration.Tests\GpuSystemStatusHandlerTests.cs(279,27): error ENDOFLINE: Corrija el marcador de fin de línea. Reemplazar 2 caracteres por "\n". [D:\Perfil\Escritorio\ETC\Programacion\BAXY DEFINITIVO\tests\Baxy.Integration.Tests\Baxy.Integration.Tests.csproj]
D:\Perfil\Escritorio\ETC\Programacion\BAXY DEFINITIVO\tests\Baxy.Integration.Tests\GpuSystemStatusHandlerTests.cs(280,1): error ENDOFLINE: Corrija el marcador de fin de línea. Reemplazar 2 caracteres por "\n". [D:\Perfil\Escritorio\ETC\Programacion\BAXY DEFINITIVO\tests\Baxy.Integration.Tests\Baxy.Integration.Tests.csproj]
D:\Perfil\Escritorio\ETC\Programacion\BAXY DEFINITIVO\tests\Baxy.Integration.Tests\GpuSystemStatusHandlerTests.cs(281,63): error ENDOFLINE: Corrija el marcador de fin de línea. Reemplazar 2 caracteres por "\n". [D:\Perfil\Escritorio\ETC\Programacion\BAXY DEFINITIVO\tests\Baxy.Integration.Tests\Baxy.Integration.Tests.csproj]
D:\Perfil\Escritorio\ETC\Programacion\BAXY DEFINITIVO\tests\Baxy.Integration.Tests\GpuSystemStatusHandlerTests.cs(282,60): error ENDOFLINE: Corrija el marcador de fin de línea. Reemplazar 2 caracteres por "\n". [D:\Perfil\Escritorio\ETC\Programacion\BAXY DEFINITIVO\tests\Baxy.Integration.Tests\Baxy.Integration.Tests.csproj]
D:\Perfil\Escritorio\ETC\Programacion\BAXY DEFINITIVO\tests\Baxy.Integration.Tests\GpuSystemStatusHandlerTests.cs(283,37): error ENDOFLINE: Corrija el marcador de fin de línea. Reemplazar 2 caracteres por "\n". [D:\Perfil\Escritorio\ETC\Programacion\BAXY DEFINITIVO\tests\Baxy.Integration.Tests\Baxy.Integration.Tests.csproj]
D:\Perfil\Escritorio\ETC\Programacion\BAXY DEFINITIVO\tests\Baxy.Integration.Tests\GpuSystemStatusHandlerTests.cs(284,1): error ENDOFLINE: Corrija el marcador de fin de línea. Reemplazar 2 caracteres por "\n". [D:\Perfil\Escritorio\ETC\Programacion\BAXY DEFINITIVO\tests\Baxy.Integration.Tests\Baxy.Integration.Tests.csproj]
D:\Perfil\Escritorio\ETC\Programacion\BAXY DEFINITIVO\tests\Baxy.Integration.Tests\GpuSystemStatusHandlerTests.cs(285,30): error ENDOFLINE: Corrija el marcador de fin de línea. Reemplazar 2 caracteres por "\n". [D:\Perfil\Escritorio\ETC\Programacion\BAXY DEFINITIVO\tests\Baxy.Integration.Tests\Baxy.Integration.Tests.csproj]
D:\Perfil\Escritorio\ETC\Programacion\BAXY DEFINITIVO\tests\Baxy.Integration.Tests\GpuSystemStatusHandlerTests.cs(286,10): error ENDOFLINE: Corrija el marcador de fin de línea. Reemplazar 2 caracteres por "\n". [D:\Perfil\Escritorio\ETC\Programacion\BAXY DEFINITIVO\tests\Baxy.Integration.Tests\Baxy.Integration.Tests.csproj]
D:\Perfil\Escritorio\ETC\Programacion\BAXY DEFINITIVO\tests\Baxy.Integration.Tests\GpuSystemStatusHandlerTests.cs(287,54): error ENDOFLINE: Corrija el marcador de fin de línea. Reemplazar 2 caracteres por "\n". [D:\Perfil\Escritorio\ETC\Programacion\BAXY DEFINITIVO\tests\Baxy.Integration.Tests\Baxy.Integration.Tests.csproj]
D:\Perfil\Escritorio\ETC\Programacion\BAXY DEFINITIVO\tests\Baxy.Integration.Tests\GpuSystemStatusHandlerTests.cs(288,79): error ENDOFLINE: Corrija el marcador de fin de línea. Reemplazar 2 caracteres por "\n". [D:\Perfil\Escritorio\ETC\Programacion\BAXY DEFINITIVO\tests\Baxy.Integration.Tests\Baxy.Integration.Tests.csproj]
D:\Perfil\Escritorio\ETC\Programacion\BAXY DEFINITIVO\tests\Baxy.Integration.Tests\GpuSystemStatusHandlerTests.cs(289,50): error ENDOFLINE: Corrija el marcador de fin de línea. Reemplazar 2 caracteres por "\n". [D:\Perfil\Escritorio\ETC\Programacion\BAXY DEFINITIVO\tests\Baxy.Integration.Tests\Baxy.Integration.Tests.csproj]
D:\Perfil\Escritorio\ETC\Programacion\BAXY DEFINITIVO\tests\Baxy.Integration.Tests\GpuSystemStatusHandlerTests.cs(290,12): error ENDOFLINE: Corrija el marcador de fin de línea. Reemplazar 2 caracteres por "\n". [D:\Perfil\Escritorio\ETC\Programacion\BAXY DEFINITIVO\tests\Baxy.Integration.Tests\Baxy.Integration.Tests.csproj]
D:\Perfil\Escritorio\ETC\Programacion\BAXY DEFINITIVO\tests\Baxy.Integration.Tests\GpuSystemStatusHandlerTests.cs(291,6): error ENDOFLINE: Corrija el marcador de fin de línea. Reemplazar 2 caracteres por "\n". [D:\Perfil\Escritorio\ETC\Programacion\BAXY DEFINITIVO\tests\Baxy.Integration.Tests\Baxy.Integration.Tests.csproj]
D:\Perfil\Escritorio\ETC\Programacion\BAXY DEFINITIVO\tests\Baxy.Integration.Tests\GpuSystemStatusHandlerTests.cs(292,1): error ENDOFLINE: Corrija el marcador de fin de línea. Reemplazar 2 caracteres por "\n". [D:\Perfil\Escritorio\ETC\Programacion\BAXY DEFINITIVO\tests\Baxy.Integration.Tests\Baxy.Integration.Tests.csproj]
D:\Perfil\Escritorio\ETC\Programacion\BAXY DEFINITIVO\tests\Baxy.Integration.Tests\GpuSystemStatusHandlerTests.cs(293,11): error ENDOFLINE: Corrija el marcador de fin de línea. Reemplazar 2 caracteres por "\n". [D:\Perfil\Escritorio\ETC\Programacion\BAXY DEFINITIVO\tests\Baxy.Integration.Tests\Baxy.Integration.Tests.csproj]
D:\Perfil\Escritorio\ETC\Programacion\BAXY DEFINITIVO\tests\Baxy.Integration.Tests\GpuSystemStatusHandlerTests.cs(294,51): error ENDOFLINE: Corrija el marcador de fin de línea. Reemplazar 2 caracteres por "\n". [D:\Perfil\Escritorio\ETC\Programacion\BAXY DEFINITIVO\tests\Baxy.Integration.Tests\Baxy.Integration.Tests.csproj]
D:\Perfil\Escritorio\ETC\Programacion\BAXY DEFINITIVO\tests\Baxy.Integration.Tests\GpuSystemStatusHandlerTests.cs(295,6): error ENDOFLINE: Corrija el marcador de fin de línea. Reemplazar 2 caracteres por "\n". [D:\Perfil\Escritorio\ETC\Programacion\BAXY DEFINITIVO\tests\Baxy.Integration.Tests\Baxy.Integration.Tests.csproj]
D:\Perfil\Escritorio\ETC\Programacion\BAXY DEFINITIVO\tests\Baxy.Integration.Tests\GpuSystemStatusHandlerTests.cs(296,67): error ENDOFLINE: Corrija el marcador de fin de línea. Reemplazar 2 caracteres por "\n". [D:\Perfil\Escritorio\ETC\Programacion\BAXY DEFINITIVO\tests\Baxy.Integration.Tests\Baxy.Integration.Tests.csproj]
D:\Perfil\Escritorio\ETC\Programacion\BAXY DEFINITIVO\tests\Baxy.Integration.Tests\GpuSystemStatusHandlerTests.cs(297,65): error ENDOFLINE: Corrija el marcador de fin de línea. Reemplazar 2 caracteres por "\n". [D:\Perfil\Escritorio\ETC\Programacion\BAXY DEFINITIVO\tests\Baxy.Integration.Tests\Baxy.Integration.Tests.csproj]
D:\Perfil\Escritorio\ETC\Programacion\BAXY DEFINITIVO\tests\Baxy.Integration.Tests\GpuSystemStatusHandlerTests.cs(298,1): error ENDOFLINE: Corrija el marcador de fin de línea. Reemplazar 2 caracteres por "\n". [D:\Perfil\Escritorio\ETC\Programacion\BAXY DEFINITIVO\tests\Baxy.Integration.Tests\Baxy.Integration.Tests.csproj]
D:\Perfil\Escritorio\ETC\Programacion\BAXY DEFINITIVO\tests\Baxy.Integration.Tests\GpuSystemStatusHandlerTests.cs(299,30): error ENDOFLINE: Corrija el marcador de fin de línea. Reemplazar 2 caracteres por "\n". [D:\Perfil\Escritorio\ETC\Programacion\BAXY DEFINITIVO\tests\Baxy.Integration.Tests\Baxy.Integration.Tests.csproj]
D:\Perfil\Escritorio\ETC\Programacion\BAXY DEFINITIVO\tests\Baxy.Integration.Tests\GpuSystemStatusHandlerTests.cs(300,10): error ENDOFLINE: Corrija el marcador de fin de línea. Reemplazar 2 caracteres por "\n". [D:\Perfil\Escritorio\ETC\Programacion\BAXY DEFINITIVO\tests\Baxy.Integration.Tests\Baxy.Integration.Tests.csproj]
D:\Perfil\Escritorio\ETC\Programacion\BAXY DEFINITIVO\tests\Baxy.Integration.Tests\GpuSystemStatusHandlerTests.cs(301,25): error ENDOFLINE: Corrija el marcador de fin de línea. Reemplazar 2 caracteres por "\n". [D:\Perfil\Escritorio\ETC\Programacion\BAXY DEFINITIVO\tests\Baxy.Integration.Tests\Baxy.Integration.Tests.csproj]
D:\Perfil\Escritorio\ETC\Programacion\BAXY DEFINITIVO\tests\Baxy.Integration.Tests\GpuSystemStatusHandlerTests.cs(302,59): error ENDOFLINE: Corrija el marcador de fin de línea. Reemplazar 2 caracteres por "\n". [D:\Perfil\Escritorio\ETC\Programacion\BAXY DEFINITIVO\tests\Baxy.Integration.Tests\Baxy.Integration.Tests.csproj]
D:\Perfil\Escritorio\ETC\Programacion\BAXY DEFINITIVO\tests\Baxy.Integration.Tests\GpuSystemStatusHandlerTests.cs(303,57): error ENDOFLINE: Corrija el marcador de fin de línea. Reemplazar 2 caracteres por "\n". [D:\Perfil\Escritorio\ETC\Programacion\BAXY DEFINITIVO\tests\Baxy.Integration.Tests\Baxy.Integration.Tests.csproj]
D:\Perfil\Escritorio\ETC\Programacion\BAXY DEFINITIVO\tests\Baxy.Integration.Tests\GpuSystemStatusHandlerTests.cs(304,25): error ENDOFLINE: Corrija el marcador de fin de línea. Reemplazar 2 caracteres por "\n". [D:\Perfil\Escritorio\ETC\Programacion\BAXY DEFINITIVO\tests\Baxy.Integration.Tests\Baxy.Integration.Tests.csproj]
D:\Perfil\Escritorio\ETC\Programacion\BAXY DEFINITIVO\tests\Baxy.Integration.Tests\GpuSystemStatusHandlerTests.cs(305,62): error ENDOFLINE: Corrija el marcador de fin de línea. Reemplazar 2 caracteres por "\n". [D:\Perfil\Escritorio\ETC\Programacion\BAXY DEFINITIVO\tests\Baxy.Integration.Tests\Baxy.Integration.Tests.csproj]
D:\Perfil\Escritorio\ETC\Programacion\BAXY DEFINITIVO\tests\Baxy.Integration.Tests\GpuSystemStatusHandlerTests.cs(306,57): error ENDOFLINE: Corrija el marcador de fin de línea. Reemplazar 2 caracteres por "\n". [D:\Perfil\Escritorio\ETC\Programacion\BAXY DEFINITIVO\tests\Baxy.Integration.Tests\Baxy.Integration.Tests.csproj]
D:\Perfil\Escritorio\ETC\Programacion\BAXY DEFINITIVO\tests\Baxy.Integration.Tests\GpuSystemStatusHandlerTests.cs(307,12): error ENDOFLINE: Corrija el marcador de fin de línea. Reemplazar 2 caracteres por "\n". [D:\Perfil\Escritorio\ETC\Programacion\BAXY DEFINITIVO\tests\Baxy.Integration.Tests\Baxy.Integration.Tests.csproj]
D:\Perfil\Escritorio\ETC\Programacion\BAXY DEFINITIVO\tests\Baxy.Integration.Tests\GpuSystemStatusHandlerTests.cs(308,6): error ENDOFLINE: Corrija el marcador de fin de línea. Reemplazar 2 caracteres por "\n". [D:\Perfil\Escritorio\ETC\Programacion\BAXY DEFINITIVO\tests\Baxy.Integration.Tests\Baxy.Integration.Tests.csproj]
D:\Perfil\Escritorio\ETC\Programacion\BAXY DEFINITIVO\tests\Baxy.Integration.Tests\GpuSystemStatusHandlerTests.cs(309,1): error ENDOFLINE: Corrija el marcador de fin de línea. Reemplazar 2 caracteres por "\n". [D:\Perfil\Escritorio\ETC\Programacion\BAXY DEFINITIVO\tests\Baxy.Integration.Tests\Baxy.Integration.Tests.csproj]
D:\Perfil\Escritorio\ETC\Programacion\BAXY DEFINITIVO\tests\Baxy.Integration.Tests\GpuSystemStatusHandlerTests.cs(310,92): error ENDOFLINE: Corrija el marcador de fin de línea. Reemplazar 2 caracteres por "\n". [D:\Perfil\Escritorio\ETC\Programacion\BAXY DEFINITIVO\tests\Baxy.Integration.Tests\Baxy.Integration.Tests.csproj]
D:\Perfil\Escritorio\ETC\Programacion\BAXY DEFINITIVO\tests\Baxy.Integration.Tests\GpuSystemStatusHandlerTests.cs(311,23): error ENDOFLINE: Corrija el marcador de fin de línea. Reemplazar 2 caracteres por "\n". [D:\Perfil\Escritorio\ETC\Programacion\BAXY DEFINITIVO\tests\Baxy.Integration.Tests\Baxy.Integration.Tests.csproj]
D:\Perfil\Escritorio\ETC\Programacion\BAXY DEFINITIVO\tests\Baxy.Integration.Tests\GpuSystemStatusHandlerTests.cs(312,6): error ENDOFLINE: Corrija el marcador de fin de línea. Reemplazar 2 caracteres por "\n". [D:\Perfil\Escritorio\ETC\Programacion\BAXY DEFINITIVO\tests\Baxy.Integration.Tests\Baxy.Integration.Tests.csproj]
D:\Perfil\Escritorio\ETC\Programacion\BAXY DEFINITIVO\tests\Baxy.Integration.Tests\GpuSystemStatusHandlerTests.cs(313,90): error ENDOFLINE: Corrija el marcador de fin de línea. Reemplazar 2 caracteres por "\n". [D:\Perfil\Escritorio\ETC\Programacion\BAXY DEFINITIVO\tests\Baxy.Integration.Tests\Baxy.Integration.Tests.csproj]
D:\Perfil\Escritorio\ETC\Programacion\BAXY DEFINITIVO\tests\Baxy.Integration.Tests\GpuSystemStatusHandlerTests.cs(314,78): error ENDOFLINE: Corrija el marcador de fin de línea. Reemplazar 2 caracteres por "\n". [D:\Perfil\Escritorio\ETC\Programacion\BAXY DEFINITIVO\tests\Baxy.Integration.Tests\Baxy.Integration.Tests.csproj]
D:\Perfil\Escritorio\ETC\Programacion\BAXY DEFINITIVO\tests\Baxy.Integration.Tests\GpuSystemStatusHandlerTests.cs(315,29): error ENDOFLINE: Corrija el marcador de fin de línea. Reemplazar 2 caracteres por "\n". [D:\Perfil\Escritorio\ETC\Programacion\BAXY DEFINITIVO\tests\Baxy.Integration.Tests\Baxy.Integration.Tests.csproj]
D:\Perfil\Escritorio\ETC\Programacion\BAXY DEFINITIVO\tests\Baxy.Integration.Tests\GpuSystemStatusHandlerTests.cs(316,10): error ENDOFLINE: Corrija el marcador de fin de línea. Reemplazar 2 caracteres por "\n". [D:\Perfil\Escritorio\ETC\Programacion\BAXY DEFINITIVO\tests\Baxy.Integration.Tests\Baxy.Integration.Tests.csproj]
D:\Perfil\Escritorio\ETC\Programacion\BAXY DEFINITIVO\tests\Baxy.Integration.Tests\GpuSystemStatusHandlerTests.cs(317,66): error ENDOFLINE: Corrija el marcador de fin de línea. Reemplazar 2 caracteres por "\n". [D:\Perfil\Escritorio\ETC\Programacion\BAXY DEFINITIVO\tests\Baxy.Integration.Tests\Baxy.Integration.Tests.csproj]
D:\Perfil\Escritorio\ETC\Programacion\BAXY DEFINITIVO\tests\Baxy.Integration.Tests\GpuSystemStatusHandlerTests.cs(318,28): error ENDOFLINE: Corrija el marcador de fin de línea. Reemplazar 2 caracteres por "\n". [D:\Perfil\Escritorio\ETC\Programacion\BAXY DEFINITIVO\tests\Baxy.Integration.Tests\Baxy.Integration.Tests.csproj]
D:\Perfil\Escritorio\ETC\Programacion\BAXY DEFINITIVO\tests\Baxy.Integration.Tests\GpuSystemStatusHandlerTests.cs(319,86): error ENDOFLINE: Corrija el marcador de fin de línea. Reemplazar 2 caracteres por "\n". [D:\Perfil\Escritorio\ETC\Programacion\BAXY DEFINITIVO\tests\Baxy.Integration.Tests\Baxy.Integration.Tests.csproj]
D:\Perfil\Escritorio\ETC\Programacion\BAXY DEFINITIVO\tests\Baxy.Integration.Tests\GpuSystemStatusHandlerTests.cs(320,91): error ENDOFLINE: Corrija el marcador de fin de línea. Reemplazar 2 caracteres por "\n". [D:\Perfil\Escritorio\ETC\Programacion\BAXY DEFINITIVO\tests\Baxy.Integration.Tests\Baxy.Integration.Tests.csproj]
D:\Perfil\Escritorio\ETC\Programacion\BAXY DEFINITIVO\tests\Baxy.Integration.Tests\GpuSystemStatusHandlerTests.cs(321,65): error ENDOFLINE: Corrija el marcador de fin de línea. Reemplazar 2 caracteres por "\n". [D:\Perfil\Escritorio\ETC\Programacion\BAXY DEFINITIVO\tests\Baxy.Integration.Tests\Baxy.Integration.Tests.csproj]
D:\Perfil\Escritorio\ETC\Programacion\BAXY DEFINITIVO\tests\Baxy.Integration.Tests\GpuSystemStatusHandlerTests.cs(322,40): error ENDOFLINE: Corrija el marcador de fin de línea. Reemplazar 2 caracteres por "\n". [D:\Perfil\Escritorio\ETC\Programacion\BAXY DEFINITIVO\tests\Baxy.Integration.Tests\Baxy.Integration.Tests.csproj]
D:\Perfil\Escritorio\ETC\Programacion\BAXY DEFINITIVO\tests\Baxy.Integration.Tests\GpuSystemStatusHandlerTests.cs(323,86): error ENDOFLINE: Corrija el marcador de fin de línea. Reemplazar 2 caracteres por "\n". [D:\Perfil\Escritorio\ETC\Programacion\BAXY DEFINITIVO\tests\Baxy.Integration.Tests\Baxy.Integration.Tests.csproj]
D:\Perfil\Escritorio\ETC\Programacion\BAXY DEFINITIVO\tests\Baxy.Integration.Tests\GpuSystemStatusHandlerTests.cs(324,71): error ENDOFLINE: Corrija el marcador de fin de línea. Reemplazar 2 caracteres por "\n". [D:\Perfil\Escritorio\ETC\Programacion\BAXY DEFINITIVO\tests\Baxy.Integration.Tests\Baxy.Integration.Tests.csproj]
D:\Perfil\Escritorio\ETC\Programacion\BAXY DEFINITIVO\tests\Baxy.Integration.Tests\GpuSystemStatusHandlerTests.cs(325,40): error ENDOFLINE: Corrija el marcador de fin de línea. Reemplazar 2 caracteres por "\n". [D:\Perfil\Escritorio\ETC\Programacion\BAXY DEFINITIVO\tests\Baxy.Integration.Tests\Baxy.Integration.Tests.csproj]
D:\Perfil\Escritorio\ETC\Programacion\BAXY DEFINITIVO\tests\Baxy.Integration.Tests\GpuSystemStatusHandlerTests.cs(326,18): error ENDOFLINE: Corrija el marcador de fin de línea. Reemplazar 2 caracteres por "\n". [D:\Perfil\Escritorio\ETC\Programacion\BAXY DEFINITIVO\tests\Baxy.Integration.Tests\Baxy.Integration.Tests.csproj]
D:\Perfil\Escritorio\ETC\Programacion\BAXY DEFINITIVO\tests\Baxy.Integration.Tests\GpuSystemStatusHandlerTests.cs(327,86): error ENDOFLINE: Corrija el marcador de fin de línea. Reemplazar 2 caracteres por "\n". [D:\Perfil\Escritorio\ETC\Programacion\BAXY DEFINITIVO\tests\Baxy.Integration.Tests\Baxy.Integration.Tests.csproj]
D:\Perfil\Escritorio\ETC\Programacion\BAXY DEFINITIVO\tests\Baxy.Integration.Tests\GpuSystemStatusHandlerTests.cs(328,86): error ENDOFLINE: Corrija el marcador de fin de línea. Reemplazar 2 caracteres por "\n". [D:\Perfil\Escritorio\ETC\Programacion\BAXY DEFINITIVO\tests\Baxy.Integration.Tests\Baxy.Integration.Tests.csproj]
D:\Perfil\Escritorio\ETC\Programacion\BAXY DEFINITIVO\tests\Baxy.Integration.Tests\GpuSystemStatusHandlerTests.cs(329,21): error ENDOFLINE: Corrija el marcador de fin de línea. Reemplazar 2 caracteres por "\n". [D:\Perfil\Escritorio\ETC\Programacion\BAXY DEFINITIVO\tests\Baxy.Integration.Tests\Baxy.Integration.Tests.csproj]
D:\Perfil\Escritorio\ETC\Programacion\BAXY DEFINITIVO\tests\Baxy.Integration.Tests\GpuSystemStatusHandlerTests.cs(330,69): error ENDOFLINE: Corrija el marcador de fin de línea. Reemplazar 2 caracteres por "\n". [D:\Perfil\Escritorio\ETC\Programacion\BAXY DEFINITIVO\tests\Baxy.Integration.Tests\Baxy.Integration.Tests.csproj]
D:\Perfil\Escritorio\ETC\Programacion\BAXY DEFINITIVO\tests\Baxy.Integration.Tests\GpuSystemStatusHandlerTests.cs(331,40): error ENDOFLINE: Corrija el marcador de fin de línea. Reemplazar 2 caracteres por "\n". [D:\Perfil\Escritorio\ETC\Programacion\BAXY DEFINITIVO\tests\Baxy.Integration.Tests\Baxy.Integration.Tests.csproj]
D:\Perfil\Escritorio\ETC\Programacion\BAXY DEFINITIVO\tests\Baxy.Integration.Tests\GpuSystemStatusHandlerTests.cs(332,92): error ENDOFLINE: Corrija el marcador de fin de línea. Reemplazar 2 caracteres por "\n". [D:\Perfil\Escritorio\ETC\Programacion\BAXY DEFINITIVO\tests\Baxy.Integration.Tests\Baxy.Integration.Tests.csproj]
D:\Perfil\Escritorio\ETC\Programacion\BAXY DEFINITIVO\tests\Baxy.Integration.Tests\GpuSystemStatusHandlerTests.cs(333,65): error ENDOFLINE: Corrija el marcador de fin de línea. Reemplazar 2 caracteres por "\n". [D:\Perfil\Escritorio\ETC\Programacion\BAXY DEFINITIVO\tests\Baxy.Integration.Tests\Baxy.Integration.Tests.csproj]
D:\Perfil\Escritorio\ETC\Programacion\BAXY DEFINITIVO\tests\Baxy.Integration.Tests\GpuSystemStatusHandlerTests.cs(334,40): error ENDOFLINE: Corrija el marcador de fin de línea. Reemplazar 2 caracteres por "\n". [D:\Perfil\Escritorio\ETC\Programacion\BAXY DEFINITIVO\tests\Baxy.Integration.Tests\Baxy.Integration.Tests.csproj]
D:\Perfil\Escritorio\ETC\Programacion\BAXY DEFINITIVO\tests\Baxy.Integration.Tests\GpuSystemStatusHandlerTests.cs(335,83): error ENDOFLINE: Corrija el marcador de fin de línea. Reemplazar 2 caracteres por "\n". [D:\Perfil\Escritorio\ETC\Programacion\BAXY DEFINITIVO\tests\Baxy.Integration.Tests\Baxy.Integration.Tests.csproj]
D:\Perfil\Escritorio\ETC\Programacion\BAXY DEFINITIVO\tests\Baxy.Integration.Tests\GpuSystemStatusHandlerTests.cs(336,68): error ENDOFLINE: Corrija el marcador de fin de línea. Reemplazar 2 caracteres por "\n". [D:\Perfil\Escritorio\ETC\Programacion\BAXY DEFINITIVO\tests\Baxy.Integration.Tests\Baxy.Integration.Tests.csproj]
D:\Perfil\Escritorio\ETC\Programacion\BAXY DEFINITIVO\tests\Baxy.Integration.Tests\GpuSystemStatusHandlerTests.cs(337,30): error ENDOFLINE: Corrija el marcador de fin de línea. Reemplazar 2 caracteres por "\n". [D:\Perfil\Escritorio\ETC\Programacion\BAXY DEFINITIVO\tests\Baxy.Integration.Tests\Baxy.Integration.Tests.csproj]
D:\Perfil\Escritorio\ETC\Programacion\BAXY DEFINITIVO\tests\Baxy.Integration.Tests\GpuSystemStatusHandlerTests.cs(338,86): error ENDOFLINE: Corrija el marcador de fin de línea. Reemplazar 2 caracteres por "\n". [D:\Perfil\Escritorio\ETC\Programacion\BAXY DEFINITIVO\tests\Baxy.Integration.Tests\Baxy.Integration.Tests.csproj]
D:\Perfil\Escritorio\ETC\Programacion\BAXY DEFINITIVO\tests\Baxy.Integration.Tests\GpuSystemStatusHandlerTests.cs(339,62): error ENDOFLINE: Corrija el marcador de fin de línea. Reemplazar 2 caracteres por "\n". [D:\Perfil\Escritorio\ETC\Programacion\BAXY DEFINITIVO\tests\Baxy.Integration.Tests\Baxy.Integration.Tests.csproj]
D:\Perfil\Escritorio\ETC\Programacion\BAXY DEFINITIVO\tests\Baxy.Integration.Tests\GpuSystemStatusHandlerTests.cs(340,30): error ENDOFLINE: Corrija el marcador de fin de línea. Reemplazar 2 caracteres por "\n". [D:\Perfil\Escritorio\ETC\Programacion\BAXY DEFINITIVO\tests\Baxy.Integration.Tests\Baxy.Integration.Tests.csproj]
D:\Perfil\Escritorio\ETC\Programacion\BAXY DEFINITIVO\tests\Baxy.Integration.Tests\GpuSystemStatusHandlerTests.cs(341,18): error ENDOFLINE: Corrija el marcador de fin de línea. Reemplazar 2 caracteres por "\n". [D:\Perfil\Escritorio\ETC\Programacion\BAXY DEFINITIVO\tests\Baxy.Integration.Tests\Baxy.Integration.Tests.csproj]
D:\Perfil\Escritorio\ETC\Programacion\BAXY DEFINITIVO\tests\Baxy.Integration.Tests\GpuSystemStatusHandlerTests.cs(342,83): error ENDOFLINE: Corrija el marcador de fin de línea. Reemplazar 2 caracteres por "\n". [D:\Perfil\Escritorio\ETC\Programacion\BAXY DEFINITIVO\tests\Baxy.Integration.Tests\Baxy.Integration.Tests.csproj]
D:\Perfil\Escritorio\ETC\Programacion\BAXY DEFINITIVO\tests\Baxy.Integration.Tests\GpuSystemStatusHandlerTests.cs(343,89): error ENDOFLINE: Corrija el marcador de fin de línea. Reemplazar 2 caracteres por "\n". [D:\Perfil\Escritorio\ETC\Programacion\BAXY DEFINITIVO\tests\Baxy.Integration.Tests\Baxy.Integration.Tests.csproj]
D:\Perfil\Escritorio\ETC\Programacion\BAXY DEFINITIVO\tests\Baxy.Integration.Tests\GpuSystemStatusHandlerTests.cs(344,21): error ENDOFLINE: Corrija el marcador de fin de línea. Reemplazar 2 caracteres por "\n". [D:\Perfil\Escritorio\ETC\Programacion\BAXY DEFINITIVO\tests\Baxy.Integration.Tests\Baxy.Integration.Tests.csproj]
D:\Perfil\Escritorio\ETC\Programacion\BAXY DEFINITIVO\tests\Baxy.Integration.Tests\GpuSystemStatusHandlerTests.cs(345,79): error ENDOFLINE: Corrija el marcador de fin de línea. Reemplazar 2 caracteres por "\n". [D:\Perfil\Escritorio\ETC\Programacion\BAXY DEFINITIVO\tests\Baxy.Integration.Tests\Baxy.Integration.Tests.csproj]
D:\Perfil\Escritorio\ETC\Programacion\BAXY DEFINITIVO\tests\Baxy.Integration.Tests\GpuSystemStatusHandlerTests.cs(346,30): error ENDOFLINE: Corrija el marcador de fin de línea. Reemplazar 2 caracteres por "\n". [D:\Perfil\Escritorio\ETC\Programacion\BAXY DEFINITIVO\tests\Baxy.Integration.Tests\Baxy.Integration.Tests.csproj]
D:\Perfil\Escritorio\ETC\Programacion\BAXY DEFINITIVO\tests\Baxy.Integration.Tests\GpuSystemStatusHandlerTests.cs(347,92): error ENDOFLINE: Corrija el marcador de fin de línea. Reemplazar 2 caracteres por "\n". [D:\Perfil\Escritorio\ETC\Programacion\BAXY DEFINITIVO\tests\Baxy.Integration.Tests\Baxy.Integration.Tests.csproj]
D:\Perfil\Escritorio\ETC\Programacion\BAXY DEFINITIVO\tests\Baxy.Integration.Tests\GpuSystemStatusHandlerTests.cs(348,79): error ENDOFLINE: Corrija el marcador de fin de línea. Reemplazar 2 caracteres por "\n". [D:\Perfil\Escritorio\ETC\Programacion\BAXY DEFINITIVO\tests\Baxy.Integration.Tests\Baxy.Integration.Tests.csproj]
D:\Perfil\Escritorio\ETC\Programacion\BAXY DEFINITIVO\tests\Baxy.Integration.Tests\GpuSystemStatusHandlerTests.cs(349,85): error ENDOFLINE: Corrija el marcador de fin de línea. Reemplazar 2 caracteres por "\n". [D:\Perfil\Escritorio\ETC\Programacion\BAXY DEFINITIVO\tests\Baxy.Integration.Tests\Baxy.Integration.Tests.csproj]
D:\Perfil\Escritorio\ETC\Programacion\BAXY DEFINITIVO\tests\Baxy.Integration.Tests\GpuSystemStatusHandlerTests.cs(350,11): error ENDOFLINE: Corrija el marcador de fin de línea. Reemplazar 2 caracteres por "\n". [D:\Perfil\Escritorio\ETC\Programacion\BAXY DEFINITIVO\tests\Baxy.Integration.Tests\Baxy.Integration.Tests.csproj]
D:\Perfil\Escritorio\ETC\Programacion\BAXY DEFINITIVO\tests\Baxy.Integration.Tests\GpuSystemStatusHandlerTests.cs(351,6): error ENDOFLINE: Corrija el marcador de fin de línea. Reemplazar 2 caracteres por "\n". [D:\Perfil\Escritorio\ETC\Programacion\BAXY DEFINITIVO\tests\Baxy.Integration.Tests\Baxy.Integration.Tests.csproj]
D:\Perfil\Escritorio\ETC\Programacion\BAXY DEFINITIVO\tests\Baxy.Integration.Tests\GpuSystemStatusHandlerTests.cs(352,1): error ENDOFLINE: Corrija el marcador de fin de línea. Reemplazar 2 caracteres por "\n". [D:\Perfil\Escritorio\ETC\Programacion\BAXY DEFINITIVO\tests\Baxy.Integration.Tests\Baxy.Integration.Tests.csproj]
D:\Perfil\Escritorio\ETC\Programacion\BAXY DEFINITIVO\tests\Baxy.Integration.Tests\GpuSystemStatusHandlerTests.cs(353,87): error ENDOFLINE: Corrija el marcador de fin de línea. Reemplazar 2 caracteres por "\n". [D:\Perfil\Escritorio\ETC\Programacion\BAXY DEFINITIVO\tests\Baxy.Integration.Tests\Baxy.Integration.Tests.csproj]
D:\Perfil\Escritorio\ETC\Programacion\BAXY DEFINITIVO\tests\Baxy.Integration.Tests\GpuSystemStatusHandlerTests.cs(354,23): error ENDOFLINE: Corrija el marcador de fin de línea. Reemplazar 2 caracteres por "\n". [D:\Perfil\Escritorio\ETC\Programacion\BAXY DEFINITIVO\tests\Baxy.Integration.Tests\Baxy.Integration.Tests.csproj]
D:\Perfil\Escritorio\ETC\Programacion\BAXY DEFINITIVO\tests\Baxy.Integration.Tests\GpuSystemStatusHandlerTests.cs(355,6): error ENDOFLINE: Corrija el marcador de fin de línea. Reemplazar 2 caracteres por "\n". [D:\Perfil\Escritorio\ETC\Programacion\BAXY DEFINITIVO\tests\Baxy.Integration.Tests\Baxy.Integration.Tests.csproj]
D:\Perfil\Escritorio\ETC\Programacion\BAXY DEFINITIVO\tests\Baxy.Integration.Tests\GpuSystemStatusHandlerTests.cs(356,90): error ENDOFLINE: Corrija el marcador de fin de línea. Reemplazar 2 caracteres por "\n". [D:\Perfil\Escritorio\ETC\Programacion\BAXY DEFINITIVO\tests\Baxy.Integration.Tests\Baxy.Integration.Tests.csproj]
D:\Perfil\Escritorio\ETC\Programacion\BAXY DEFINITIVO\tests\Baxy.Integration.Tests\GpuSystemStatusHandlerTests.cs(357,29): error ENDOFLINE: Corrija el marcador de fin de línea. Reemplazar 2 caracteres por "\n". [D:\Perfil\Escritorio\ETC\Programacion\BAXY DEFINITIVO\tests\Baxy.Integration.Tests\Baxy.Integration.Tests.csproj]
D:\Perfil\Escritorio\ETC\Programacion\BAXY DEFINITIVO\tests\Baxy.Integration.Tests\GpuSystemStatusHandlerTests.cs(358,10): error ENDOFLINE: Corrija el marcador de fin de línea. Reemplazar 2 caracteres por "\n". [D:\Perfil\Escritorio\ETC\Programacion\BAXY DEFINITIVO\tests\Baxy.Integration.Tests\Baxy.Integration.Tests.csproj]
D:\Perfil\Escritorio\ETC\Programacion\BAXY DEFINITIVO\tests\Baxy.Integration.Tests\GpuSystemStatusHandlerTests.cs(359,66): error ENDOFLINE: Corrija el marcador de fin de línea. Reemplazar 2 caracteres por "\n". [D:\Perfil\Escritorio\ETC\Programacion\BAXY DEFINITIVO\tests\Baxy.Integration.Tests\Baxy.Integration.Tests.csproj]
D:\Perfil\Escritorio\ETC\Programacion\BAXY DEFINITIVO\tests\Baxy.Integration.Tests\GpuSystemStatusHandlerTests.cs(360,70): error ENDOFLINE: Corrija el marcador de fin de línea. Reemplazar 2 caracteres por "\n". [D:\Perfil\Escritorio\ETC\Programacion\BAXY DEFINITIVO\tests\Baxy.Integration.Tests\Baxy.Integration.Tests.csproj]
D:\Perfil\Escritorio\ETC\Programacion\BAXY DEFINITIVO\tests\Baxy.Integration.Tests\GpuSystemStatusHandlerTests.cs(361,22): error ENDOFLINE: Corrija el marcador de fin de línea. Reemplazar 2 caracteres por "\n". [D:\Perfil\Escritorio\ETC\Programacion\BAXY DEFINITIVO\tests\Baxy.Integration.Tests\Baxy.Integration.Tests.csproj]
D:\Perfil\Escritorio\ETC\Programacion\BAXY DEFINITIVO\tests\Baxy.Integration.Tests\GpuSystemStatusHandlerTests.cs(362,56): error ENDOFLINE: Corrija el marcador de fin de línea. Reemplazar 2 caracteres por "\n". [D:\Perfil\Escritorio\ETC\Programacion\BAXY DEFINITIVO\tests\Baxy.Integration.Tests\Baxy.Integration.Tests.csproj]
D:\Perfil\Escritorio\ETC\Programacion\BAXY DEFINITIVO\tests\Baxy.Integration.Tests\GpuSystemStatusHandlerTests.cs(363,63): error ENDOFLINE: Corrija el marcador de fin de línea. Reemplazar 2 caracteres por "\n". [D:\Perfil\Escritorio\ETC\Programacion\BAXY DEFINITIVO\tests\Baxy.Integration.Tests\Baxy.Integration.Tests.csproj]
D:\Perfil\Escritorio\ETC\Programacion\BAXY DEFINITIVO\tests\Baxy.Integration.Tests\GpuSystemStatusHandlerTests.cs(364,22): error ENDOFLINE: Corrija el marcador de fin de línea. Reemplazar 2 caracteres por "\n". [D:\Perfil\Escritorio\ETC\Programacion\BAXY DEFINITIVO\tests\Baxy.Integration.Tests\Baxy.Integration.Tests.csproj]
D:\Perfil\Escritorio\ETC\Programacion\BAXY DEFINITIVO\tests\Baxy.Integration.Tests\GpuSystemStatusHandlerTests.cs(365,69): error ENDOFLINE: Corrija el marcador de fin de línea. Reemplazar 2 caracteres por "\n". [D:\Perfil\Escritorio\ETC\Programacion\BAXY DEFINITIVO\tests\Baxy.Integration.Tests\Baxy.Integration.Tests.csproj]
D:\Perfil\Escritorio\ETC\Programacion\BAXY DEFINITIVO\tests\Baxy.Integration.Tests\GpuSystemStatusHandlerTests.cs(366,73): error ENDOFLINE: Corrija el marcador de fin de línea. Reemplazar 2 caracteres por "\n". [D:\Perfil\Escritorio\ETC\Programacion\BAXY DEFINITIVO\tests\Baxy.Integration.Tests\Baxy.Integration.Tests.csproj]
D:\Perfil\Escritorio\ETC\Programacion\BAXY DEFINITIVO\tests\Baxy.Integration.Tests\GpuSystemStatusHandlerTests.cs(367,22): error ENDOFLINE: Corrija el marcador de fin de línea. Reemplazar 2 caracteres por "\n". [D:\Perfil\Escritorio\ETC\Programacion\BAXY DEFINITIVO\tests\Baxy.Integration.Tests\Baxy.Integration.Tests.csproj]
D:\Perfil\Escritorio\ETC\Programacion\BAXY DEFINITIVO\tests\Baxy.Integration.Tests\GpuSystemStatusHandlerTests.cs(368,63): error ENDOFLINE: Corrija el marcador de fin de línea. Reemplazar 2 caracteres por "\n". [D:\Perfil\Escritorio\ETC\Programacion\BAXY DEFINITIVO\tests\Baxy.Integration.Tests\Baxy.Integration.Tests.csproj]
D:\Perfil\Escritorio\ETC\Programacion\BAXY DEFINITIVO\tests\Baxy.Integration.Tests\GpuSystemStatusHandlerTests.cs(369,71): error ENDOFLINE: Corrija el marcador de fin de línea. Reemplazar 2 caracteres por "\n". [D:\Perfil\Escritorio\ETC\Programacion\BAXY DEFINITIVO\tests\Baxy.Integration.Tests\Baxy.Integration.Tests.csproj]
D:\Perfil\Escritorio\ETC\Programacion\BAXY DEFINITIVO\tests\Baxy.Integration.Tests\GpuSystemStatusHandlerTests.cs(370,22): error ENDOFLINE: Corrija el marcador de fin de línea. Reemplazar 2 caracteres por "\n". [D:\Perfil\Escritorio\ETC\Programacion\BAXY DEFINITIVO\tests\Baxy.Integration.Tests\Baxy.Integration.Tests.csproj]
D:\Perfil\Escritorio\ETC\Programacion\BAXY DEFINITIVO\tests\Baxy.Integration.Tests\GpuSystemStatusHandlerTests.cs(371,75): error ENDOFLINE: Corrija el marcador de fin de línea. Reemplazar 2 caracteres por "\n". [D:\Perfil\Escritorio\ETC\Programacion\BAXY DEFINITIVO\tests\Baxy.Integration.Tests\Baxy.Integration.Tests.csproj]
D:\Perfil\Escritorio\ETC\Programacion\BAXY DEFINITIVO\tests\Baxy.Integration.Tests\GpuSystemStatusHandlerTests.cs(372,58): error ENDOFLINE: Corrija el marcador de fin de línea. Reemplazar 2 caracteres por "\n". [D:\Perfil\Escritorio\ETC\Programacion\BAXY DEFINITIVO\tests\Baxy.Integration.Tests\Baxy.Integration.Tests.csproj]
D:\Perfil\Escritorio\ETC\Programacion\BAXY DEFINITIVO\tests\Baxy.Integration.Tests\GpuSystemStatusHandlerTests.cs(373,22): error ENDOFLINE: Corrija el marcador de fin de línea. Reemplazar 2 caracteres por "\n". [D:\Perfil\Escritorio\ETC\Programacion\BAXY DEFINITIVO\tests\Baxy.Integration.Tests\Baxy.Integration.Tests.csproj]
D:\Perfil\Escritorio\ETC\Programacion\BAXY DEFINITIVO\tests\Baxy.Integration.Tests\GpuSystemStatusHandlerTests.cs(374,64): error ENDOFLINE: Corrija el marcador de fin de línea. Reemplazar 2 caracteres por "\n". [D:\Perfil\Escritorio\ETC\Programacion\BAXY DEFINITIVO\tests\Baxy.Integration.Tests\Baxy.Integration.Tests.csproj]
D:\Perfil\Escritorio\ETC\Programacion\BAXY DEFINITIVO\tests\Baxy.Integration.Tests\GpuSystemStatusHandlerTests.cs(375,51): error ENDOFLINE: Corrija el marcador de fin de línea. Reemplazar 2 caracteres por "\n". [D:\Perfil\Escritorio\ETC\Programacion\BAXY DEFINITIVO\tests\Baxy.Integration.Tests\Baxy.Integration.Tests.csproj]
D:\Perfil\Escritorio\ETC\Programacion\BAXY DEFINITIVO\tests\Baxy.Integration.Tests\GpuSystemStatusHandlerTests.cs(376,22): error ENDOFLINE: Corrija el marcador de fin de línea. Reemplazar 2 caracteres por "\n". [D:\Perfil\Escritorio\ETC\Programacion\BAXY DEFINITIVO\tests\Baxy.Integration.Tests\Baxy.Integration.Tests.csproj]
D:\Perfil\Escritorio\ETC\Programacion\BAXY DEFINITIVO\tests\Baxy.Integration.Tests\GpuSystemStatusHandlerTests.cs(377,62): error ENDOFLINE: Corrija el marcador de fin de línea. Reemplazar 2 caracteres por "\n". [D:\Perfil\Escritorio\ETC\Programacion\BAXY DEFINITIVO\tests\Baxy.Integration.Tests\Baxy.Integration.Tests.csproj]
D:\Perfil\Escritorio\ETC\Programacion\BAXY DEFINITIVO\tests\Baxy.Integration.Tests\GpuSystemStatusHandlerTests.cs(378,62): error ENDOFLINE: Corrija el marcador de fin de línea. Reemplazar 2 caracteres por "\n". [D:\Perfil\Escritorio\ETC\Programacion\BAXY DEFINITIVO\tests\Baxy.Integration.Tests\Baxy.Integration.Tests.csproj]
D:\Perfil\Escritorio\ETC\Programacion\BAXY DEFINITIVO\tests\Baxy.Integration.Tests\GpuSystemStatusHandlerTests.cs(379,22): error ENDOFLINE: Corrija el marcador de fin de línea. Reemplazar 2 caracteres por "\n". [D:\Perfil\Escritorio\ETC\Programacion\BAXY DEFINITIVO\tests\Baxy.Integration.Tests\Baxy.Integration.Tests.csproj]
D:\Perfil\Escritorio\ETC\Programacion\BAXY DEFINITIVO\tests\Baxy.Integration.Tests\GpuSystemStatusHandlerTests.cs(380,68): error ENDOFLINE: Corrija el marcador de fin de línea. Reemplazar 2 caracteres por "\n". [D:\Perfil\Escritorio\ETC\Programacion\BAXY DEFINITIVO\tests\Baxy.Integration.Tests\Baxy.Integration.Tests.csproj]
D:\Perfil\Escritorio\ETC\Programacion\BAXY DEFINITIVO\tests\Baxy.Integration.Tests\GpuSystemStatusHandlerTests.cs(381,56): error ENDOFLINE: Corrija el marcador de fin de línea. Reemplazar 2 caracteres por "\n". [D:\Perfil\Escritorio\ETC\Programacion\BAXY DEFINITIVO\tests\Baxy.Integration.Tests\Baxy.Integration.Tests.csproj]
D:\Perfil\Escritorio\ETC\Programacion\BAXY DEFINITIVO\tests\Baxy.Integration.Tests\GpuSystemStatusHandlerTests.cs(382,22): error ENDOFLINE: Corrija el marcador de fin de línea. Reemplazar 2 caracteres por "\n". [D:\Perfil\Escritorio\ETC\Programacion\BAXY DEFINITIVO\tests\Baxy.Integration.Tests\Baxy.Integration.Tests.csproj]
D:\Perfil\Escritorio\ETC\Programacion\BAXY DEFINITIVO\tests\Baxy.Integration.Tests\GpuSystemStatusHandlerTests.cs(383,69): error ENDOFLINE: Corrija el marcador de fin de línea. Reemplazar 2 caracteres por "\n". [D:\Perfil\Escritorio\ETC\Programacion\BAXY DEFINITIVO\tests\Baxy.Integration.Tests\Baxy.Integration.Tests.csproj]
D:\Perfil\Escritorio\ETC\Programacion\BAXY DEFINITIVO\tests\Baxy.Integration.Tests\GpuSystemStatusHandlerTests.cs(384,50): error ENDOFLINE: Corrija el marcador de fin de línea. Reemplazar 2 caracteres por "\n". [D:\Perfil\Escritorio\ETC\Programacion\BAXY DEFINITIVO\tests\Baxy.Integration.Tests\Baxy.Integration.Tests.csproj]
D:\Perfil\Escritorio\ETC\Programacion\BAXY DEFINITIVO\tests\Baxy.Integration.Tests\GpuSystemStatusHandlerTests.cs(385,22): error ENDOFLINE: Corrija el marcador de fin de línea. Reemplazar 2 caracteres por "\n". [D:\Perfil\Escritorio\ETC\Programacion\BAXY DEFINITIVO\tests\Baxy.Integration.Tests\Baxy.Integration.Tests.csproj]
D:\Perfil\Escritorio\ETC\Programacion\BAXY DEFINITIVO\tests\Baxy.Integration.Tests\GpuSystemStatusHandlerTests.cs(386,64): error ENDOFLINE: Corrija el marcador de fin de línea. Reemplazar 2 caracteres por "\n". [D:\Perfil\Escritorio\ETC\Programacion\BAXY DEFINITIVO\tests\Baxy.Integration.Tests\Baxy.Integration.Tests.csproj]
D:\Perfil\Escritorio\ETC\Programacion\BAXY DEFINITIVO\tests\Baxy.Integration.Tests\GpuSystemStatusHandlerTests.cs(387,20): error ENDOFLINE: Corrija el marcador de fin de línea. Reemplazar 2 caracteres por "\n". [D:\Perfil\Escritorio\ETC\Programacion\BAXY DEFINITIVO\tests\Baxy.Integration.Tests\Baxy.Integration.Tests.csproj]
D:\Perfil\Escritorio\ETC\Programacion\BAXY DEFINITIVO\tests\Baxy.Integration.Tests\GpuSystemStatusHandlerTests.cs(388,61): error ENDOFLINE: Corrija el marcador de fin de línea. Reemplazar 2 caracteres por "\n". [D:\Perfil\Escritorio\ETC\Programacion\BAXY DEFINITIVO\tests\Baxy.Integration.Tests\Baxy.Integration.Tests.csproj]
D:\Perfil\Escritorio\ETC\Programacion\BAXY DEFINITIVO\tests\Baxy.Integration.Tests\GpuSystemStatusHandlerTests.cs(389,66): error ENDOFLINE: Corrija el marcador de fin de línea. Reemplazar 2 caracteres por "\n". [D:\Perfil\Escritorio\ETC\Programacion\BAXY DEFINITIVO\tests\Baxy.Integration.Tests\Baxy.Integration.Tests.csproj]
D:\Perfil\Escritorio\ETC\Programacion\BAXY DEFINITIVO\tests\Baxy.Integration.Tests\GpuSystemStatusHandlerTests.cs(390,40): error ENDOFLINE: Corrija el marcador de fin de línea. Reemplazar 2 caracteres por "\n". [D:\Perfil\Escritorio\ETC\Programacion\BAXY DEFINITIVO\tests\Baxy.Integration.Tests\Baxy.Integration.Tests.csproj]
D:\Perfil\Escritorio\ETC\Programacion\BAXY DEFINITIVO\tests\Baxy.Integration.Tests\GpuSystemStatusHandlerTests.cs(391,75): error ENDOFLINE: Corrija el marcador de fin de línea. Reemplazar 2 caracteres por "\n". [D:\Perfil\Escritorio\ETC\Programacion\BAXY DEFINITIVO\tests\Baxy.Integration.Tests\Baxy.Integration.Tests.csproj]
D:\Perfil\Escritorio\ETC\Programacion\BAXY DEFINITIVO\tests\Baxy.Integration.Tests\GpuSystemStatusHandlerTests.cs(392,32): error ENDOFLINE: Corrija el marcador de fin de línea. Reemplazar 2 caracteres por "\n". [D:\Perfil\Escritorio\ETC\Programacion\BAXY DEFINITIVO\tests\Baxy.Integration.Tests\Baxy.Integration.Tests.csproj]
D:\Perfil\Escritorio\ETC\Programacion\BAXY DEFINITIVO\tests\Baxy.Integration.Tests\GpuSystemStatusHandlerTests.cs(393,22): error ENDOFLINE: Corrija el marcador de fin de línea. Reemplazar 2 caracteres por "\n". [D:\Perfil\Escritorio\ETC\Programacion\BAXY DEFINITIVO\tests\Baxy.Integration.Tests\Baxy.Integration.Tests.csproj]
D:\Perfil\Escritorio\ETC\Programacion\BAXY DEFINITIVO\tests\Baxy.Integration.Tests\GpuSystemStatusHandlerTests.cs(394,74): error ENDOFLINE: Corrija el marcador de fin de línea. Reemplazar 2 caracteres por "\n". [D:\Perfil\Escritorio\ETC\Programacion\BAXY DEFINITIVO\tests\Baxy.Integration.Tests\Baxy.Integration.Tests.csproj]
D:\Perfil\Escritorio\ETC\Programacion\BAXY DEFINITIVO\tests\Baxy.Integration.Tests\GpuSystemStatusHandlerTests.cs(395,74): error ENDOFLINE: Corrija el marcador de fin de línea. Reemplazar 2 caracteres por "\n". [D:\Perfil\Escritorio\ETC\Programacion\BAXY DEFINITIVO\tests\Baxy.Integration.Tests\Baxy.Integration.Tests.csproj]
D:\Perfil\Escritorio\ETC\Programacion\BAXY DEFINITIVO\tests\Baxy.Integration.Tests\GpuSystemStatusHandlerTests.cs(396,85): error ENDOFLINE: Corrija el marcador de fin de línea. Reemplazar 2 caracteres por "\n". [D:\Perfil\Escritorio\ETC\Programacion\BAXY DEFINITIVO\tests\Baxy.Integration.Tests\Baxy.Integration.Tests.csproj]
D:\Perfil\Escritorio\ETC\Programacion\BAXY DEFINITIVO\tests\Baxy.Integration.Tests\GpuSystemStatusHandlerTests.cs(397,11): error ENDOFLINE: Corrija el marcador de fin de línea. Reemplazar 2 caracteres por "\n". [D:\Perfil\Escritorio\ETC\Programacion\BAXY DEFINITIVO\tests\Baxy.Integration.Tests\Baxy.Integration.Tests.csproj]
D:\Perfil\Escritorio\ETC\Programacion\BAXY DEFINITIVO\tests\Baxy.Integration.Tests\GpuSystemStatusHandlerTests.cs(398,6): error ENDOFLINE: Corrija el marcador de fin de línea. Reemplazar 2 caracteres por "\n". [D:\Perfil\Escritorio\ETC\Programacion\BAXY DEFINITIVO\tests\Baxy.Integration.Tests\Baxy.Integration.Tests.csproj]
D:\Perfil\Escritorio\ETC\Programacion\BAXY DEFINITIVO\tests\Baxy.Integration.Tests\GpuSystemStatusHandlerTests.cs(399,1): error ENDOFLINE: Corrija el marcador de fin de línea. Reemplazar 2 caracteres por "\n". [D:\Perfil\Escritorio\ETC\Programacion\BAXY DEFINITIVO\tests\Baxy.Integration.Tests\Baxy.Integration.Tests.csproj]
D:\Perfil\Escritorio\ETC\Programacion\BAXY DEFINITIVO\tests\Baxy.Integration.Tests\GpuSystemStatusHandlerTests.cs(400,87): error ENDOFLINE: Corrija el marcador de fin de línea. Reemplazar 2 caracteres por "\n". [D:\Perfil\Escritorio\ETC\Programacion\BAXY DEFINITIVO\tests\Baxy.Integration.Tests\Baxy.Integration.Tests.csproj]
D:\Perfil\Escritorio\ETC\Programacion\BAXY DEFINITIVO\tests\Baxy.Integration.Tests\GpuSystemStatusHandlerTests.cs(401,54): error ENDOFLINE: Corrija el marcador de fin de línea. Reemplazar 2 caracteres por "\n". [D:\Perfil\Escritorio\ETC\Programacion\BAXY DEFINITIVO\tests\Baxy.Integration.Tests\Baxy.Integration.Tests.csproj]
D:\Perfil\Escritorio\ETC\Programacion\BAXY DEFINITIVO\tests\Baxy.Integration.Tests\GpuSystemStatusHandlerTests.cs(402,22): error ENDOFLINE: Corrija el marcador de fin de línea. Reemplazar 2 caracteres por "\n". [D:\Perfil\Escritorio\ETC\Programacion\BAXY DEFINITIVO\tests\Baxy.Integration.Tests\Baxy.Integration.Tests.csproj]
D:\Perfil\Escritorio\ETC\Programacion\BAXY DEFINITIVO\tests\Baxy.Integration.Tests\GpuSystemStatusHandlerTests.cs(403,1): error ENDOFLINE: Corrija el marcador de fin de línea. Reemplazar 2 caracteres por "\n". [D:\Perfil\Escritorio\ETC\Programacion\BAXY DEFINITIVO\tests\Baxy.Integration.Tests\Baxy.Integration.Tests.csproj]
D:\Perfil\Escritorio\ETC\Programacion\BAXY DEFINITIVO\tests\Baxy.Integration.Tests\GpuSystemStatusHandlerTests.cs(404,64): error ENDOFLINE: Corrija el marcador de fin de línea. Reemplazar 2 caracteres por "\n". [D:\Perfil\Escritorio\ETC\Programacion\BAXY DEFINITIVO\tests\Baxy.Integration.Tests\Baxy.Integration.Tests.csproj]
D:\Perfil\Escritorio\ETC\Programacion\BAXY DEFINITIVO\tests\Baxy.Integration.Tests\GpuSystemStatusHandlerTests.cs(405,66): error ENDOFLINE: Corrija el marcador de fin de línea. Reemplazar 2 caracteres por "\n". [D:\Perfil\Escritorio\ETC\Programacion\BAXY DEFINITIVO\tests\Baxy.Integration.Tests\Baxy.Integration.Tests.csproj]
D:\Perfil\Escritorio\ETC\Programacion\BAXY DEFINITIVO\tests\Baxy.Integration.Tests\GpuSystemStatusHandlerTests.cs(406,13): error ENDOFLINE: Corrija el marcador de fin de línea. Reemplazar 2 caracteres por "\n". [D:\Perfil\Escritorio\ETC\Programacion\BAXY DEFINITIVO\tests\Baxy.Integration.Tests\Baxy.Integration.Tests.csproj]
D:\Perfil\Escritorio\ETC\Programacion\BAXY DEFINITIVO\tests\Baxy.Integration.Tests\GpuSystemStatusHandlerTests.cs(407,1): error ENDOFLINE: Corrija el marcador de fin de línea. Reemplazar 2 caracteres por "\n". [D:\Perfil\Escritorio\ETC\Programacion\BAXY DEFINITIVO\tests\Baxy.Integration.Tests\Baxy.Integration.Tests.csproj]
D:\Perfil\Escritorio\ETC\Programacion\BAXY DEFINITIVO\tests\Baxy.Integration.Tests\GpuSystemStatusHandlerTests.cs(408,69): error ENDOFLINE: Corrija el marcador de fin de línea. Reemplazar 2 caracteres por "\n". [D:\Perfil\Escritorio\ETC\Programacion\BAXY DEFINITIVO\tests\Baxy.Integration.Tests\Baxy.Integration.Tests.csproj]
D:\Perfil\Escritorio\ETC\Programacion\BAXY DEFINITIVO\tests\Baxy.Integration.Tests\GpuSystemStatusHandlerTests.cs(409,72): error ENDOFLINE: Corrija el marcador de fin de línea. Reemplazar 2 caracteres por "\n". [D:\Perfil\Escritorio\ETC\Programacion\BAXY DEFINITIVO\tests\Baxy.Integration.Tests\Baxy.Integration.Tests.csproj]
D:\Perfil\Escritorio\ETC\Programacion\BAXY DEFINITIVO\tests\Baxy.Integration.Tests\GpuSystemStatusHandlerTests.cs(410,13): error ENDOFLINE: Corrija el marcador de fin de línea. Reemplazar 2 caracteres por "\n". [D:\Perfil\Escritorio\ETC\Programacion\BAXY DEFINITIVO\tests\Baxy.Integration.Tests\Baxy.Integration.Tests.csproj]
D:\Perfil\Escritorio\ETC\Programacion\BAXY DEFINITIVO\tests\Baxy.Integration.Tests\GpuSystemStatusHandlerTests.cs(411,1): error ENDOFLINE: Corrija el marcador de fin de línea. Reemplazar 2 caracteres por "\n". [D:\Perfil\Escritorio\ETC\Programacion\BAXY DEFINITIVO\tests\Baxy.Integration.Tests\Baxy.Integration.Tests.csproj]
D:\Perfil\Escritorio\ETC\Programacion\BAXY DEFINITIVO\tests\Baxy.Integration.Tests\GpuSystemStatusHandlerTests.cs(412,45): error ENDOFLINE: Corrija el marcador de fin de línea. Reemplazar 2 caracteres por "\n". [D:\Perfil\Escritorio\ETC\Programacion\BAXY DEFINITIVO\tests\Baxy.Integration.Tests\Baxy.Integration.Tests.csproj]
D:\Perfil\Escritorio\ETC\Programacion\BAXY DEFINITIVO\tests\Baxy.Integration.Tests\GpuSystemStatusHandlerTests.cs(413,21): error ENDOFLINE: Corrija el marcador de fin de línea. Reemplazar 2 caracteres por "\n". [D:\Perfil\Escritorio\ETC\Programacion\BAXY DEFINITIVO\tests\Baxy.Integration.Tests\Baxy.Integration.Tests.csproj]
D:\Perfil\Escritorio\ETC\Programacion\BAXY DEFINITIVO\tests\Baxy.Integration.Tests\GpuSystemStatusHandlerTests.cs(414,30): error ENDOFLINE: Corrija el marcador de fin de línea. Reemplazar 2 caracteres por "\n". [D:\Perfil\Escritorio\ETC\Programacion\BAXY DEFINITIVO\tests\Baxy.Integration.Tests\Baxy.Integration.Tests.csproj]
D:\Perfil\Escritorio\ETC\Programacion\BAXY DEFINITIVO\tests\Baxy.Integration.Tests\GpuSystemStatusHandlerTests.cs(415,31): error ENDOFLINE: Corrija el marcador de fin de línea. Reemplazar 2 caracteres por "\n". [D:\Perfil\Escritorio\ETC\Programacion\BAXY DEFINITIVO\tests\Baxy.Integration.Tests\Baxy.Integration.Tests.csproj]
D:\Perfil\Escritorio\ETC\Programacion\BAXY DEFINITIVO\tests\Baxy.Integration.Tests\GpuSystemStatusHandlerTests.cs(416,22): error ENDOFLINE: Corrija el marcador de fin de línea. Reemplazar 2 caracteres por "\n". [D:\Perfil\Escritorio\ETC\Programacion\BAXY DEFINITIVO\tests\Baxy.Integration.Tests\Baxy.Integration.Tests.csproj]
D:\Perfil\Escritorio\ETC\Programacion\BAXY DEFINITIVO\tests\Baxy.Integration.Tests\GpuSystemStatusHandlerTests.cs(417,37): error ENDOFLINE: Corrija el marcador de fin de línea. Reemplazar 2 caracteres por "\n". [D:\Perfil\Escritorio\ETC\Programacion\BAXY DEFINITIVO\tests\Baxy.Integration.Tests\Baxy.Integration.Tests.csproj]
D:\Perfil\Escritorio\ETC\Programacion\BAXY DEFINITIVO\tests\Baxy.Integration.Tests\GpuSystemStatusHandlerTests.cs(418,38): error ENDOFLINE: Corrija el marcador de fin de línea. Reemplazar 2 caracteres por "\n". [D:\Perfil\Escritorio\ETC\Programacion\BAXY DEFINITIVO\tests\Baxy.Integration.Tests\Baxy.Integration.Tests.csproj]
D:\Perfil\Escritorio\ETC\Programacion\BAXY DEFINITIVO\tests\Baxy.Integration.Tests\GpuSystemStatusHandlerTests.cs(419,43): error ENDOFLINE: Corrija el marcador de fin de línea. Reemplazar 2 caracteres por "\n". [D:\Perfil\Escritorio\ETC\Programacion\BAXY DEFINITIVO\tests\Baxy.Integration.Tests\Baxy.Integration.Tests.csproj]
D:\Perfil\Escritorio\ETC\Programacion\BAXY DEFINITIVO\tests\Baxy.Integration.Tests\GpuSystemStatusHandlerTests.cs(420,18): error ENDOFLINE: Corrija el marcador de fin de línea. Reemplazar 2 caracteres por "\n". [D:\Perfil\Escritorio\ETC\Programacion\BAXY DEFINITIVO\tests\Baxy.Integration.Tests\Baxy.Integration.Tests.csproj]
D:\Perfil\Escritorio\ETC\Programacion\BAXY DEFINITIVO\tests\Baxy.Integration.Tests\GpuSystemStatusHandlerTests.cs(421,20): error ENDOFLINE: Corrija el marcador de fin de línea. Reemplazar 2 caracteres por "\n". [D:\Perfil\Escritorio\ETC\Programacion\BAXY DEFINITIVO\tests\Baxy.Integration.Tests\Baxy.Integration.Tests.csproj]
D:\Perfil\Escritorio\ETC\Programacion\BAXY DEFINITIVO\tests\Baxy.Integration.Tests\GpuSystemStatusHandlerTests.cs(422,20): error ENDOFLINE: Corrija el marcador de fin de línea. Reemplazar 2 caracteres por "\n". [D:\Perfil\Escritorio\ETC\Programacion\BAXY DEFINITIVO\tests\Baxy.Integration.Tests\Baxy.Integration.Tests.csproj]
D:\Perfil\Escritorio\ETC\Programacion\BAXY DEFINITIVO\tests\Baxy.Integration.Tests\GpuSystemStatusHandlerTests.cs(423,28): error ENDOFLINE: Corrija el marcador de fin de línea. Reemplazar 2 caracteres por "\n". [D:\Perfil\Escritorio\ETC\Programacion\BAXY DEFINITIVO\tests\Baxy.Integration.Tests\Baxy.Integration.Tests.csproj]
D:\Perfil\Escritorio\ETC\Programacion\BAXY DEFINITIVO\tests\Baxy.Integration.Tests\GpuSystemStatusHandlerTests.cs(424,29): error ENDOFLINE: Corrija el marcador de fin de línea. Reemplazar 2 caracteres por "\n". [D:\Perfil\Escritorio\ETC\Programacion\BAXY DEFINITIVO\tests\Baxy.Integration.Tests\Baxy.Integration.Tests.csproj]
D:\Perfil\Escritorio\ETC\Programacion\BAXY DEFINITIVO\tests\Baxy.Integration.Tests\GpuSystemStatusHandlerTests.cs(425,20): error ENDOFLINE: Corrija el marcador de fin de línea. Reemplazar 2 caracteres por "\n". [D:\Perfil\Escritorio\ETC\Programacion\BAXY DEFINITIVO\tests\Baxy.Integration.Tests\Baxy.Integration.Tests.csproj]
D:\Perfil\Escritorio\ETC\Programacion\BAXY DEFINITIVO\tests\Baxy.Integration.Tests\GpuSystemStatusHandlerTests.cs(426,26): error ENDOFLINE: Corrija el marcador de fin de línea. Reemplazar 2 caracteres por "\n". [D:\Perfil\Escritorio\ETC\Programacion\BAXY DEFINITIVO\tests\Baxy.Integration.Tests\Baxy.Integration.Tests.csproj]
D:\Perfil\Escritorio\ETC\Programacion\BAXY DEFINITIVO\tests\Baxy.Integration.Tests\GpuSystemStatusHandlerTests.cs(427,28): error ENDOFLINE: Corrija el marcador de fin de línea. Reemplazar 2 caracteres por "\n". [D:\Perfil\Escritorio\ETC\Programacion\BAXY DEFINITIVO\tests\Baxy.Integration.Tests\Baxy.Integration.Tests.csproj]
D:\Perfil\Escritorio\ETC\Programacion\BAXY DEFINITIVO\tests\Baxy.Integration.Tests\GpuSystemStatusHandlerTests.cs(428,26): error ENDOFLINE: Corrija el marcador de fin de línea. Reemplazar 2 caracteres por "\n". [D:\Perfil\Escritorio\ETC\Programacion\BAXY DEFINITIVO\tests\Baxy.Integration.Tests\Baxy.Integration.Tests.csproj]
D:\Perfil\Escritorio\ETC\Programacion\BAXY DEFINITIVO\tests\Baxy.Integration.Tests\GpuSystemStatusHandlerTests.cs(429,1): error ENDOFLINE: Corrija el marcador de fin de línea. Reemplazar 2 caracteres por "\n". [D:\Perfil\Escritorio\ETC\Programacion\BAXY DEFINITIVO\tests\Baxy.Integration.Tests\Baxy.Integration.Tests.csproj]
D:\Perfil\Escritorio\ETC\Programacion\BAXY DEFINITIVO\tests\Baxy.Integration.Tests\GpuSystemStatusHandlerTests.cs(430,88): error ENDOFLINE: Corrija el marcador de fin de línea. Reemplazar 2 caracteres por "\n". [D:\Perfil\Escritorio\ETC\Programacion\BAXY DEFINITIVO\tests\Baxy.Integration.Tests\Baxy.Integration.Tests.csproj]
D:\Perfil\Escritorio\ETC\Programacion\BAXY DEFINITIVO\tests\Baxy.Integration.Tests\GpuSystemStatusHandlerTests.cs(431,45): error ENDOFLINE: Corrija el marcador de fin de línea. Reemplazar 2 caracteres por "\n". [D:\Perfil\Escritorio\ETC\Programacion\BAXY DEFINITIVO\tests\Baxy.Integration.Tests\Baxy.Integration.Tests.csproj]
D:\Perfil\Escritorio\ETC\Programacion\BAXY DEFINITIVO\tests\Baxy.Integration.Tests\GpuSystemStatusHandlerTests.cs(432,54): error ENDOFLINE: Corrija el marcador de fin de línea. Reemplazar 2 caracteres por "\n". [D:\Perfil\Escritorio\ETC\Programacion\BAXY DEFINITIVO\tests\Baxy.Integration.Tests\Baxy.Integration.Tests.csproj]
D:\Perfil\Escritorio\ETC\Programacion\BAXY DEFINITIVO\tests\Baxy.Integration.Tests\GpuSystemStatusHandlerTests.cs(433,20): error ENDOFLINE: Corrija el marcador de fin de línea. Reemplazar 2 caracteres por "\n". [D:\Perfil\Escritorio\ETC\Programacion\BAXY DEFINITIVO\tests\Baxy.Integration.Tests\Baxy.Integration.Tests.csproj]
D:\Perfil\Escritorio\ETC\Programacion\BAXY DEFINITIVO\tests\Baxy.Integration.Tests\GpuSystemStatusHandlerTests.cs(434,48): error ENDOFLINE: Corrija el marcador de fin de línea. Reemplazar 2 caracteres por "\n". [D:\Perfil\Escritorio\ETC\Programacion\BAXY DEFINITIVO\tests\Baxy.Integration.Tests\Baxy.Integration.Tests.csproj]
D:\Perfil\Escritorio\ETC\Programacion\BAXY DEFINITIVO\tests\Baxy.Integration.Tests\GpuSystemStatusHandlerTests.cs(435,50): error ENDOFLINE: Corrija el marcador de fin de línea. Reemplazar 2 caracteres por "\n". [D:\Perfil\Escritorio\ETC\Programacion\BAXY DEFINITIVO\tests\Baxy.Integration.Tests\Baxy.Integration.Tests.csproj]
D:\Perfil\Escritorio\ETC\Programacion\BAXY DEFINITIVO\tests\Baxy.Integration.Tests\GpuSystemStatusHandlerTests.cs(436,20): error ENDOFLINE: Corrija el marcador de fin de línea. Reemplazar 2 caracteres por "\n". [D:\Perfil\Escritorio\ETC\Programacion\BAXY DEFINITIVO\tests\Baxy.Integration.Tests\Baxy.Integration.Tests.csproj]
D:\Perfil\Escritorio\ETC\Programacion\BAXY DEFINITIVO\tests\Baxy.Integration.Tests\GpuSystemStatusHandlerTests.cs(437,52): error ENDOFLINE: Corrija el marcador de fin de línea. Reemplazar 2 caracteres por "\n". [D:\Perfil\Escritorio\ETC\Programacion\BAXY DEFINITIVO\tests\Baxy.Integration.Tests\Baxy.Integration.Tests.csproj]
D:\Perfil\Escritorio\ETC\Programacion\BAXY DEFINITIVO\tests\Baxy.Integration.Tests\GpuSystemStatusHandlerTests.cs(438,69): error ENDOFLINE: Corrija el marcador de fin de línea. Reemplazar 2 caracteres por "\n". [D:\Perfil\Escritorio\ETC\Programacion\BAXY DEFINITIVO\tests\Baxy.Integration.Tests\Baxy.Integration.Tests.csproj]
D:\Perfil\Escritorio\ETC\Programacion\BAXY DEFINITIVO\tests\Baxy.Integration.Tests\GpuSystemStatusHandlerTests.cs(439,20): error ENDOFLINE: Corrija el marcador de fin de línea. Reemplazar 2 caracteres por "\n". [D:\Perfil\Escritorio\ETC\Programacion\BAXY DEFINITIVO\tests\Baxy.Integration.Tests\Baxy.Integration.Tests.csproj]
D:\Perfil\Escritorio\ETC\Programacion\BAXY DEFINITIVO\tests\Baxy.Integration.Tests\GpuSystemStatusHandlerTests.cs(440,49): error ENDOFLINE: Corrija el marcador de fin de línea. Reemplazar 2 caracteres por "\n". [D:\Perfil\Escritorio\ETC\Programacion\BAXY DEFINITIVO\tests\Baxy.Integration.Tests\Baxy.Integration.Tests.csproj]
D:\Perfil\Escritorio\ETC\Programacion\BAXY DEFINITIVO\tests\Baxy.Integration.Tests\GpuSystemStatusHandlerTests.cs(441,57): error ENDOFLINE: Corrija el marcador de fin de línea. Reemplazar 2 caracteres por "\n". [D:\Perfil\Escritorio\ETC\Programacion\BAXY DEFINITIVO\tests\Baxy.Integration.Tests\Baxy.Integration.Tests.csproj]
D:\Perfil\Escritorio\ETC\Programacion\BAXY DEFINITIVO\tests\Baxy.Integration.Tests\GpuSystemStatusHandlerTests.cs(442,20): error ENDOFLINE: Corrija el marcador de fin de línea. Reemplazar 2 caracteres por "\n". [D:\Perfil\Escritorio\ETC\Programacion\BAXY DEFINITIVO\tests\Baxy.Integration.Tests\Baxy.Integration.Tests.csproj]
D:\Perfil\Escritorio\ETC\Programacion\BAXY DEFINITIVO\tests\Baxy.Integration.Tests\GpuSystemStatusHandlerTests.cs(443,57): error ENDOFLINE: Corrija el marcador de fin de línea. Reemplazar 2 caracteres por "\n". [D:\Perfil\Escritorio\ETC\Programacion\BAXY DEFINITIVO\tests\Baxy.Integration.Tests\Baxy.Integration.Tests.csproj]
D:\Perfil\Escritorio\ETC\Programacion\BAXY DEFINITIVO\tests\Baxy.Integration.Tests\GpuSystemStatusHandlerTests.cs(444,95): error ENDOFLINE: Corrija el marcador de fin de línea. Reemplazar 2 caracteres por "\n". [D:\Perfil\Escritorio\ETC\Programacion\BAXY DEFINITIVO\tests\Baxy.Integration.Tests\Baxy.Integration.Tests.csproj]
D:\Perfil\Escritorio\ETC\Programacion\BAXY DEFINITIVO\tests\Baxy.Integration.Tests\GpuSystemStatusHandlerTests.cs(445,20): error ENDOFLINE: Corrija el marcador de fin de línea. Reemplazar 2 caracteres por "\n". [D:\Perfil\Escritorio\ETC\Programacion\BAXY DEFINITIVO\tests\Baxy.Integration.Tests\Baxy.Integration.Tests.csproj]
D:\Perfil\Escritorio\ETC\Programacion\BAXY DEFINITIVO\tests\Baxy.Integration.Tests\GpuSystemStatusHandlerTests.cs(446,61): error ENDOFLINE: Corrija el marcador de fin de línea. Reemplazar 2 caracteres por "\n". [D:\Perfil\Escritorio\ETC\Programacion\BAXY DEFINITIVO\tests\Baxy.Integration.Tests\Baxy.Integration.Tests.csproj]
D:\Perfil\Escritorio\ETC\Programacion\BAXY DEFINITIVO\tests\Baxy.Integration.Tests\GpuSystemStatusHandlerTests.cs(447,13): error ENDOFLINE: Corrija el marcador de fin de línea. Reemplazar 2 caracteres por "\n". [D:\Perfil\Escritorio\ETC\Programacion\BAXY DEFINITIVO\tests\Baxy.Integration.Tests\Baxy.Integration.Tests.csproj]
D:\Perfil\Escritorio\ETC\Programacion\BAXY DEFINITIVO\tests\Baxy.Integration.Tests\GpuSystemStatusHandlerTests.cs(448,1): error ENDOFLINE: Corrija el marcador de fin de línea. Reemplazar 2 caracteres por "\n". [D:\Perfil\Escritorio\ETC\Programacion\BAXY DEFINITIVO\tests\Baxy.Integration.Tests\Baxy.Integration.Tests.csproj]
D:\Perfil\Escritorio\ETC\Programacion\BAXY DEFINITIVO\tests\Baxy.Integration.Tests\GpuSystemStatusHandlerTests.cs(449,71): error ENDOFLINE: Corrija el marcador de fin de línea. Reemplazar 2 caracteres por "\n". [D:\Perfil\Escritorio\ETC\Programacion\BAXY DEFINITIVO\tests\Baxy.Integration.Tests\Baxy.Integration.Tests.csproj]
D:\Perfil\Escritorio\ETC\Programacion\BAXY DEFINITIVO\tests\Baxy.Integration.Tests\GpuSystemStatusHandlerTests.cs(450,17): error ENDOFLINE: Corrija el marcador de fin de línea. Reemplazar 2 caracteres por "\n". [D:\Perfil\Escritorio\ETC\Programacion\BAXY DEFINITIVO\tests\Baxy.Integration.Tests\Baxy.Integration.Tests.csproj]
D:\Perfil\Escritorio\ETC\Programacion\BAXY DEFINITIVO\tests\Baxy.Integration.Tests\GpuSystemStatusHandlerTests.cs(451,17): error ENDOFLINE: Corrija el marcador de fin de línea. Reemplazar 2 caracteres por "\n". [D:\Perfil\Escritorio\ETC\Programacion\BAXY DEFINITIVO\tests\Baxy.Integration.Tests\Baxy.Integration.Tests.csproj]
D:\Perfil\Escritorio\ETC\Programacion\BAXY DEFINITIVO\tests\Baxy.Integration.Tests\GpuSystemStatusHandlerTests.cs(452,17): error ENDOFLINE: Corrija el marcador de fin de línea. Reemplazar 2 caracteres por "\n". [D:\Perfil\Escritorio\ETC\Programacion\BAXY DEFINITIVO\tests\Baxy.Integration.Tests\Baxy.Integration.Tests.csproj]
D:\Perfil\Escritorio\ETC\Programacion\BAXY DEFINITIVO\tests\Baxy.Integration.Tests\GpuSystemStatusHandlerTests.cs(453,55): error ENDOFLINE: Corrija el marcador de fin de línea. Reemplazar 2 caracteres por "\n". [D:\Perfil\Escritorio\ETC\Programacion\BAXY DEFINITIVO\tests\Baxy.Integration.Tests\Baxy.Integration.Tests.csproj]
D:\Perfil\Escritorio\ETC\Programacion\BAXY DEFINITIVO\tests\Baxy.Integration.Tests\GpuSystemStatusHandlerTests.cs(454,1): error ENDOFLINE: Corrija el marcador de fin de línea. Reemplazar 2 caracteres por "\n". [D:\Perfil\Escritorio\ETC\Programacion\BAXY DEFINITIVO\tests\Baxy.Integration.Tests\Baxy.Integration.Tests.csproj]
D:\Perfil\Escritorio\ETC\Programacion\BAXY DEFINITIVO\tests\Baxy.Integration.Tests\GpuSystemStatusHandlerTests.cs(455,67): error ENDOFLINE: Corrija el marcador de fin de línea. Reemplazar 2 caracteres por "\n". [D:\Perfil\Escritorio\ETC\Programacion\BAXY DEFINITIVO\tests\Baxy.Integration.Tests\Baxy.Integration.Tests.csproj]
D:\Perfil\Escritorio\ETC\Programacion\BAXY DEFINITIVO\tests\Baxy.Integration.Tests\GpuSystemStatusHandlerTests.cs(456,1): error ENDOFLINE: Corrija el marcador de fin de línea. Reemplazar 2 caracteres por "\n". [D:\Perfil\Escritorio\ETC\Programacion\BAXY DEFINITIVO\tests\Baxy.Integration.Tests\Baxy.Integration.Tests.csproj]
D:\Perfil\Escritorio\ETC\Programacion\BAXY DEFINITIVO\tests\Baxy.Integration.Tests\GpuSystemStatusHandlerTests.cs(457,63): error ENDOFLINE: Corrija el marcador de fin de línea. Reemplazar 2 caracteres por "\n". [D:\Perfil\Escritorio\ETC\Programacion\BAXY DEFINITIVO\tests\Baxy.Integration.Tests\Baxy.Integration.Tests.csproj]
D:\Perfil\Escritorio\ETC\Programacion\BAXY DEFINITIVO\tests\Baxy.Integration.Tests\GpuSystemStatusHandlerTests.cs(458,65): error ENDOFLINE: Corrija el marcador de fin de línea. Reemplazar 2 caracteres por "\n". [D:\Perfil\Escritorio\ETC\Programacion\BAXY DEFINITIVO\tests\Baxy.Integration.Tests\Baxy.Integration.Tests.csproj]
D:\Perfil\Escritorio\ETC\Programacion\BAXY DEFINITIVO\tests\Baxy.Integration.Tests\GpuSystemStatusHandlerTests.cs(459,1): error ENDOFLINE: Corrija el marcador de fin de línea. Reemplazar 2 caracteres por "\n". [D:\Perfil\Escritorio\ETC\Programacion\BAXY DEFINITIVO\tests\Baxy.Integration.Tests\Baxy.Integration.Tests.csproj]
D:\Perfil\Escritorio\ETC\Programacion\BAXY DEFINITIVO\tests\Baxy.Integration.Tests\GpuSystemStatusHandlerTests.cs(460,65): error ENDOFLINE: Corrija el marcador de fin de línea. Reemplazar 2 caracteres por "\n". [D:\Perfil\Escritorio\ETC\Programacion\BAXY DEFINITIVO\tests\Baxy.Integration.Tests\Baxy.Integration.Tests.csproj]
D:\Perfil\Escritorio\ETC\Programacion\BAXY DEFINITIVO\tests\Baxy.Integration.Tests\GpuSystemStatusHandlerTests.cs(461,67): error ENDOFLINE: Corrija el marcador de fin de línea. Reemplazar 2 caracteres por "\n". [D:\Perfil\Escritorio\ETC\Programacion\BAXY DEFINITIVO\tests\Baxy.Integration.Tests\Baxy.Integration.Tests.csproj]
D:\Perfil\Escritorio\ETC\Programacion\BAXY DEFINITIVO\tests\Baxy.Integration.Tests\GpuSystemStatusHandlerTests.cs(462,1): error ENDOFLINE: Corrija el marcador de fin de línea. Reemplazar 2 caracteres por "\n". [D:\Perfil\Escritorio\ETC\Programacion\BAXY DEFINITIVO\tests\Baxy.Integration.Tests\Baxy.Integration.Tests.csproj]
D:\Perfil\Escritorio\ETC\Programacion\BAXY DEFINITIVO\tests\Baxy.Integration.Tests\GpuSystemStatusHandlerTests.cs(463,51): error ENDOFLINE: Corrija el marcador de fin de línea. Reemplazar 2 caracteres por "\n". [D:\Perfil\Escritorio\ETC\Programacion\BAXY DEFINITIVO\tests\Baxy.Integration.Tests\Baxy.Integration.Tests.csproj]
D:\Perfil\Escritorio\ETC\Programacion\BAXY DEFINITIVO\tests\Baxy.Integration.Tests\GpuSystemStatusHandlerTests.cs(464,86): error ENDOFLINE: Corrija el marcador de fin de línea. Reemplazar 2 caracteres por "\n". [D:\Perfil\Escritorio\ETC\Programacion\BAXY DEFINITIVO\tests\Baxy.Integration.Tests\Baxy.Integration.Tests.csproj]
D:\Perfil\Escritorio\ETC\Programacion\BAXY DEFINITIVO\tests\Baxy.Integration.Tests\GpuSystemStatusHandlerTests.cs(465,6): error ENDOFLINE: Corrija el marcador de fin de línea. Reemplazar 2 caracteres por "\n". [D:\Perfil\Escritorio\ETC\Programacion\BAXY DEFINITIVO\tests\Baxy.Integration.Tests\Baxy.Integration.Tests.csproj]
D:\Perfil\Escritorio\ETC\Programacion\BAXY DEFINITIVO\tests\Baxy.Integration.Tests\GpuSystemStatusHandlerTests.cs(466,51): error ENDOFLINE: Corrija el marcador de fin de línea. Reemplazar 2 caracteres por "\n". [D:\Perfil\Escritorio\ETC\Programacion\BAXY DEFINITIVO\tests\Baxy.Integration.Tests\Baxy.Integration.Tests.csproj]
D:\Perfil\Escritorio\ETC\Programacion\BAXY DEFINITIVO\tests\Baxy.Integration.Tests\GpuSystemStatusHandlerTests.cs(467,1): error ENDOFLINE: Corrija el marcador de fin de línea. Reemplazar 2 caracteres por "\n". [D:\Perfil\Escritorio\ETC\Programacion\BAXY DEFINITIVO\tests\Baxy.Integration.Tests\Baxy.Integration.Tests.csproj]
D:\Perfil\Escritorio\ETC\Programacion\BAXY DEFINITIVO\tests\Baxy.Integration.Tests\GpuSystemStatusHandlerTests.cs(468,66): error ENDOFLINE: Corrija el marcador de fin de línea. Reemplazar 2 caracteres por "\n". [D:\Perfil\Escritorio\ETC\Programacion\BAXY DEFINITIVO\tests\Baxy.Integration.Tests\Baxy.Integration.Tests.csproj]
D:\Perfil\Escritorio\ETC\Programacion\BAXY DEFINITIVO\tests\Baxy.Integration.Tests\GpuSystemStatusHandlerTests.cs(469,1): error ENDOFLINE: Corrija el marcador de fin de línea. Reemplazar 2 caracteres por "\n". [D:\Perfil\Escritorio\ETC\Programacion\BAXY DEFINITIVO\tests\Baxy.Integration.Tests\Baxy.Integration.Tests.csproj]
D:\Perfil\Escritorio\ETC\Programacion\BAXY DEFINITIVO\tests\Baxy.Integration.Tests\GpuSystemStatusHandlerTests.cs(470,63): error ENDOFLINE: Corrija el marcador de fin de línea. Reemplazar 2 caracteres por "\n". [D:\Perfil\Escritorio\ETC\Programacion\BAXY DEFINITIVO\tests\Baxy.Integration.Tests\Baxy.Integration.Tests.csproj]
D:\Perfil\Escritorio\ETC\Programacion\BAXY DEFINITIVO\tests\Baxy.Integration.Tests\GpuSystemStatusHandlerTests.cs(471,37): error ENDOFLINE: Corrija el marcador de fin de línea. Reemplazar 2 caracteres por "\n". [D:\Perfil\Escritorio\ETC\Programacion\BAXY DEFINITIVO\tests\Baxy.Integration.Tests\Baxy.Integration.Tests.csproj]
D:\Perfil\Escritorio\ETC\Programacion\BAXY DEFINITIVO\tests\Baxy.Integration.Tests\GpuSystemStatusHandlerTests.cs(472,49): error ENDOFLINE: Corrija el marcador de fin de línea. Reemplazar 2 caracteres por "\n". [D:\Perfil\Escritorio\ETC\Programacion\BAXY DEFINITIVO\tests\Baxy.Integration.Tests\Baxy.Integration.Tests.csproj]
D:\Perfil\Escritorio\ETC\Programacion\BAXY DEFINITIVO\tests\Baxy.Integration.Tests\GpuSystemStatusHandlerTests.cs(473,10): error ENDOFLINE: Corrija el marcador de fin de línea. Reemplazar 2 caracteres por "\n". [D:\Perfil\Escritorio\ETC\Programacion\BAXY DEFINITIVO\tests\Baxy.Integration.Tests\Baxy.Integration.Tests.csproj]
D:\Perfil\Escritorio\ETC\Programacion\BAXY DEFINITIVO\tests\Baxy.Integration.Tests\GpuSystemStatusHandlerTests.cs(474,62): error ENDOFLINE: Corrija el marcador de fin de línea. Reemplazar 2 caracteres por "\n". [D:\Perfil\Escritorio\ETC\Programacion\BAXY DEFINITIVO\tests\Baxy.Integration.Tests\Baxy.Integration.Tests.csproj]
D:\Perfil\Escritorio\ETC\Programacion\BAXY DEFINITIVO\tests\Baxy.Integration.Tests\GpuSystemStatusHandlerTests.cs(475,25): error ENDOFLINE: Corrija el marcador de fin de línea. Reemplazar 2 caracteres por "\n". [D:\Perfil\Escritorio\ETC\Programacion\BAXY DEFINITIVO\tests\Baxy.Integration.Tests\Baxy.Integration.Tests.csproj]
D:\Perfil\Escritorio\ETC\Programacion\BAXY DEFINITIVO\tests\Baxy.Integration.Tests\GpuSystemStatusHandlerTests.cs(476,31): error ENDOFLINE: Corrija el marcador de fin de línea. Reemplazar 2 caracteres por "\n". [D:\Perfil\Escritorio\ETC\Programacion\BAXY DEFINITIVO\tests\Baxy.Integration.Tests\Baxy.Integration.Tests.csproj]
D:\Perfil\Escritorio\ETC\Programacion\BAXY DEFINITIVO\tests\Baxy.Integration.Tests\GpuSystemStatusHandlerTests.cs(477,56): error ENDOFLINE: Corrija el marcador de fin de línea. Reemplazar 2 caracteres por "\n". [D:\Perfil\Escritorio\ETC\Programacion\BAXY DEFINITIVO\tests\Baxy.Integration.Tests\Baxy.Integration.Tests.csproj]
D:\Perfil\Escritorio\ETC\Programacion\BAXY DEFINITIVO\tests\Baxy.Integration.Tests\GpuSystemStatusHandlerTests.cs(478,10): error ENDOFLINE: Corrija el marcador de fin de línea. Reemplazar 2 caracteres por "\n". [D:\Perfil\Escritorio\ETC\Programacion\BAXY DEFINITIVO\tests\Baxy.Integration.Tests\Baxy.Integration.Tests.csproj]
D:\Perfil\Escritorio\ETC\Programacion\BAXY DEFINITIVO\tests\Baxy.Integration.Tests\GpuSystemStatusHandlerTests.cs(479,6): error ENDOFLINE: Corrija el marcador de fin de línea. Reemplazar 2 caracteres por "\n". [D:\Perfil\Escritorio\ETC\Programacion\BAXY DEFINITIVO\tests\Baxy.Integration.Tests\Baxy.Integration.Tests.csproj]
D:\Perfil\Escritorio\ETC\Programacion\BAXY DEFINITIVO\tests\Baxy.Integration.Tests\GpuSystemStatusHandlerTests.cs(480,1): error ENDOFLINE: Corrija el marcador de fin de línea. Reemplazar 2 caracteres por "\n". [D:\Perfil\Escritorio\ETC\Programacion\BAXY DEFINITIVO\tests\Baxy.Integration.Tests\Baxy.Integration.Tests.csproj]
D:\Perfil\Escritorio\ETC\Programacion\BAXY DEFINITIVO\tests\Baxy.Integration.Tests\GpuSystemStatusHandlerTests.cs(481,68): error ENDOFLINE: Corrija el marcador de fin de línea. Reemplazar 2 caracteres por "\n". [D:\Perfil\Escritorio\ETC\Programacion\BAXY DEFINITIVO\tests\Baxy.Integration.Tests\Baxy.Integration.Tests.csproj]
D:\Perfil\Escritorio\ETC\Programacion\BAXY DEFINITIVO\tests\Baxy.Integration.Tests\GpuSystemStatusHandlerTests.cs(482,6): error ENDOFLINE: Corrija el marcador de fin de línea. Reemplazar 2 caracteres por "\n". [D:\Perfil\Escritorio\ETC\Programacion\BAXY DEFINITIVO\tests\Baxy.Integration.Tests\Baxy.Integration.Tests.csproj]
D:\Perfil\Escritorio\ETC\Programacion\BAXY DEFINITIVO\tests\Baxy.Integration.Tests\GpuSystemStatusHandlerTests.cs(483,74): error ENDOFLINE: Corrija el marcador de fin de línea. Reemplazar 2 caracteres por "\n". [D:\Perfil\Escritorio\ETC\Programacion\BAXY DEFINITIVO\tests\Baxy.Integration.Tests\Baxy.Integration.Tests.csproj]
D:\Perfil\Escritorio\ETC\Programacion\BAXY DEFINITIVO\tests\Baxy.Integration.Tests\GpuSystemStatusHandlerTests.cs(484,1): error ENDOFLINE: Corrija el marcador de fin de línea. Reemplazar 2 caracteres por "\n". [D:\Perfil\Escritorio\ETC\Programacion\BAXY DEFINITIVO\tests\Baxy.Integration.Tests\Baxy.Integration.Tests.csproj]
D:\Perfil\Escritorio\ETC\Programacion\BAXY DEFINITIVO\tests\Baxy.Integration.Tests\GpuSystemStatusHandlerTests.cs(485,63): error ENDOFLINE: Corrija el marcador de fin de línea. Reemplazar 2 caracteres por "\n". [D:\Perfil\Escritorio\ETC\Programacion\BAXY DEFINITIVO\tests\Baxy.Integration.Tests\Baxy.Integration.Tests.csproj]
D:\Perfil\Escritorio\ETC\Programacion\BAXY DEFINITIVO\tests\Baxy.Integration.Tests\GpuSystemStatusHandlerTests.cs(486,32): error ENDOFLINE: Corrija el marcador de fin de línea. Reemplazar 2 caracteres por "\n". [D:\Perfil\Escritorio\ETC\Programacion\BAXY DEFINITIVO\tests\Baxy.Integration.Tests\Baxy.Integration.Tests.csproj]
D:\Perfil\Escritorio\ETC\Programacion\BAXY DEFINITIVO\tests\Baxy.Integration.Tests\GpuSystemStatusHandlerTests.cs(487,10): error ENDOFLINE: Corrija el marcador de fin de línea. Reemplazar 2 caracteres por "\n". [D:\Perfil\Escritorio\ETC\Programacion\BAXY DEFINITIVO\tests\Baxy.Integration.Tests\Baxy.Integration.Tests.csproj]
D:\Perfil\Escritorio\ETC\Programacion\BAXY DEFINITIVO\tests\Baxy.Integration.Tests\GpuSystemStatusHandlerTests.cs(488,10): error ENDOFLINE: Corrija el marcador de fin de línea. Reemplazar 2 caracteres por "\n". [D:\Perfil\Escritorio\ETC\Programacion\BAXY DEFINITIVO\tests\Baxy.Integration.Tests\Baxy.Integration.Tests.csproj]
D:\Perfil\Escritorio\ETC\Programacion\BAXY DEFINITIVO\tests\Baxy.Integration.Tests\GpuSystemStatusHandlerTests.cs(489,1): error ENDOFLINE: Corrija el marcador de fin de línea. Reemplazar 2 caracteres por "\n". [D:\Perfil\Escritorio\ETC\Programacion\BAXY DEFINITIVO\tests\Baxy.Integration.Tests\Baxy.Integration.Tests.csproj]
D:\Perfil\Escritorio\ETC\Programacion\BAXY DEFINITIVO\tests\Baxy.Integration.Tests\GpuSystemStatusHandlerTests.cs(490,85): error ENDOFLINE: Corrija el marcador de fin de línea. Reemplazar 2 caracteres por "\n". [D:\Perfil\Escritorio\ETC\Programacion\BAXY DEFINITIVO\tests\Baxy.Integration.Tests\Baxy.Integration.Tests.csproj]
D:\Perfil\Escritorio\ETC\Programacion\BAXY DEFINITIVO\tests\Baxy.Integration.Tests\GpuSystemStatusHandlerTests.cs(491,10): error ENDOFLINE: Corrija el marcador de fin de línea. Reemplazar 2 caracteres por "\n". [D:\Perfil\Escritorio\ETC\Programacion\BAXY DEFINITIVO\tests\Baxy.Integration.Tests\Baxy.Integration.Tests.csproj]
D:\Perfil\Escritorio\ETC\Programacion\BAXY DEFINITIVO\tests\Baxy.Integration.Tests\GpuSystemStatusHandlerTests.cs(492,30): error ENDOFLINE: Corrija el marcador de fin de línea. Reemplazar 2 caracteres por "\n". [D:\Perfil\Escritorio\ETC\Programacion\BAXY DEFINITIVO\tests\Baxy.Integration.Tests\Baxy.Integration.Tests.csproj]
D:\Perfil\Escritorio\ETC\Programacion\BAXY DEFINITIVO\tests\Baxy.Integration.Tests\GpuSystemStatusHandlerTests.cs(493,10): error ENDOFLINE: Corrija el marcador de fin de línea. Reemplazar 2 caracteres por "\n". [D:\Perfil\Escritorio\ETC\Programacion\BAXY DEFINITIVO\tests\Baxy.Integration.Tests\Baxy.Integration.Tests.csproj]
D:\Perfil\Escritorio\ETC\Programacion\BAXY DEFINITIVO\tests\Baxy.Integration.Tests\GpuSystemStatusHandlerTests.cs(494,1): error ENDOFLINE: Corrija el marcador de fin de línea. Reemplazar 2 caracteres por "\n". [D:\Perfil\Escritorio\ETC\Programacion\BAXY DEFINITIVO\tests\Baxy.Integration.Tests\Baxy.Integration.Tests.csproj]
D:\Perfil\Escritorio\ETC\Programacion\BAXY DEFINITIVO\tests\Baxy.Integration.Tests\GpuSystemStatusHandlerTests.cs(495,51): error ENDOFLINE: Corrija el marcador de fin de línea. Reemplazar 2 caracteres por "\n". [D:\Perfil\Escritorio\ETC\Programacion\BAXY DEFINITIVO\tests\Baxy.Integration.Tests\Baxy.Integration.Tests.csproj]
D:\Perfil\Escritorio\ETC\Programacion\BAXY DEFINITIVO\tests\Baxy.Integration.Tests\GpuSystemStatusHandlerTests.cs(496,1): error ENDOFLINE: Corrija el marcador de fin de línea. Reemplazar 2 caracteres por "\n". [D:\Perfil\Escritorio\ETC\Programacion\BAXY DEFINITIVO\tests\Baxy.Integration.Tests\Baxy.Integration.Tests.csproj]
D:\Perfil\Escritorio\ETC\Programacion\BAXY DEFINITIVO\tests\Baxy.Integration.Tests\GpuSystemStatusHandlerTests.cs(497,63): error ENDOFLINE: Corrija el marcador de fin de línea. Reemplazar 2 caracteres por "\n". [D:\Perfil\Escritorio\ETC\Programacion\BAXY DEFINITIVO\tests\Baxy.Integration.Tests\Baxy.Integration.Tests.csproj]
D:\Perfil\Escritorio\ETC\Programacion\BAXY DEFINITIVO\tests\Baxy.Integration.Tests\GpuSystemStatusHandlerTests.cs(498,1): error ENDOFLINE: Corrija el marcador de fin de línea. Reemplazar 2 caracteres por "\n". [D:\Perfil\Escritorio\ETC\Programacion\BAXY DEFINITIVO\tests\Baxy.Integration.Tests\Baxy.Integration.Tests.csproj]
D:\Perfil\Escritorio\ETC\Programacion\BAXY DEFINITIVO\tests\Baxy.Integration.Tests\GpuSystemStatusHandlerTests.cs(499,60): error ENDOFLINE: Corrija el marcador de fin de línea. Reemplazar 2 caracteres por "\n". [D:\Perfil\Escritorio\ETC\Programacion\BAXY DEFINITIVO\tests\Baxy.Integration.Tests\Baxy.Integration.Tests.csproj]
D:\Perfil\Escritorio\ETC\Programacion\BAXY DEFINITIVO\tests\Baxy.Integration.Tests\GpuSystemStatusHandlerTests.cs(500,34): error ENDOFLINE: Corrija el marcador de fin de línea. Reemplazar 2 caracteres por "\n". [D:\Perfil\Escritorio\ETC\Programacion\BAXY DEFINITIVO\tests\Baxy.Integration.Tests\Baxy.Integration.Tests.csproj]
D:\Perfil\Escritorio\ETC\Programacion\BAXY DEFINITIVO\tests\Baxy.Integration.Tests\GpuSystemStatusHandlerTests.cs(501,49): error ENDOFLINE: Corrija el marcador de fin de línea. Reemplazar 2 caracteres por "\n". [D:\Perfil\Escritorio\ETC\Programacion\BAXY DEFINITIVO\tests\Baxy.Integration.Tests\Baxy.Integration.Tests.csproj]
D:\Perfil\Escritorio\ETC\Programacion\BAXY DEFINITIVO\tests\Baxy.Integration.Tests\GpuSystemStatusHandlerTests.cs(502,10): error ENDOFLINE: Corrija el marcador de fin de línea. Reemplazar 2 caracteres por "\n". [D:\Perfil\Escritorio\ETC\Programacion\BAXY DEFINITIVO\tests\Baxy.Integration.Tests\Baxy.Integration.Tests.csproj]
D:\Perfil\Escritorio\ETC\Programacion\BAXY DEFINITIVO\tests\Baxy.Integration.Tests\GpuSystemStatusHandlerTests.cs(503,62): error ENDOFLINE: Corrija el marcador de fin de línea. Reemplazar 2 caracteres por "\n". [D:\Perfil\Escritorio\ETC\Programacion\BAXY DEFINITIVO\tests\Baxy.Integration.Tests\Baxy.Integration.Tests.csproj]
D:\Perfil\Escritorio\ETC\Programacion\BAXY DEFINITIVO\tests\Baxy.Integration.Tests\GpuSystemStatusHandlerTests.cs(504,25): error ENDOFLINE: Corrija el marcador de fin de línea. Reemplazar 2 caracteres por "\n". [D:\Perfil\Escritorio\ETC\Programacion\BAXY DEFINITIVO\tests\Baxy.Integration.Tests\Baxy.Integration.Tests.csproj]
D:\Perfil\Escritorio\ETC\Programacion\BAXY DEFINITIVO\tests\Baxy.Integration.Tests\GpuSystemStatusHandlerTests.cs(505,31): error ENDOFLINE: Corrija el marcador de fin de línea. Reemplazar 2 caracteres por "\n". [D:\Perfil\Escritorio\ETC\Programacion\BAXY DEFINITIVO\tests\Baxy.Integration.Tests\Baxy.Integration.Tests.csproj]
D:\Perfil\Escritorio\ETC\Programacion\BAXY DEFINITIVO\tests\Baxy.Integration.Tests\GpuSystemStatusHandlerTests.cs(506,57): error ENDOFLINE: Corrija el marcador de fin de línea. Reemplazar 2 caracteres por "\n". [D:\Perfil\Escritorio\ETC\Programacion\BAXY DEFINITIVO\tests\Baxy.Integration.Tests\Baxy.Integration.Tests.csproj]
D:\Perfil\Escritorio\ETC\Programacion\BAXY DEFINITIVO\tests\Baxy.Integration.Tests\GpuSystemStatusHandlerTests.cs(507,10): error ENDOFLINE: Corrija el marcador de fin de línea. Reemplazar 2 caracteres por "\n". [D:\Perfil\Escritorio\ETC\Programacion\BAXY DEFINITIVO\tests\Baxy.Integration.Tests\Baxy.Integration.Tests.csproj]
D:\Perfil\Escritorio\ETC\Programacion\BAXY DEFINITIVO\tests\Baxy.Integration.Tests\GpuSystemStatusHandlerTests.cs(508,6): error ENDOFLINE: Corrija el marcador de fin de línea. Reemplazar 2 caracteres por "\n". [D:\Perfil\Escritorio\ETC\Programacion\BAXY DEFINITIVO\tests\Baxy.Integration.Tests\Baxy.Integration.Tests.csproj]
D:\Perfil\Escritorio\ETC\Programacion\BAXY DEFINITIVO\tests\Baxy.Integration.Tests\GpuSystemStatusHandlerTests.cs(509,2): error ENDOFLINE: Corrija el marcador de fin de línea. Reemplazar 2 caracteres por "\n". [D:\Perfil\Escritorio\ETC\Programacion\BAXY DEFINITIVO\tests\Baxy.Integration.Tests\Baxy.Integration.Tests.csproj]
D:\Perfil\Escritorio\ETC\Programacion\BAXY DEFINITIVO\tests\Baxy.Integration.Tests\SystemStatusHandlerTests.cs(1,24): error ENDOFLINE: Corrija el marcador de fin de línea. Reemplazar 2 caracteres por "\n". [D:\Perfil\Escritorio\ETC\Programacion\BAXY DEFINITIVO\tests\Baxy.Integration.Tests\Baxy.Integration.Tests.csproj]
D:\Perfil\Escritorio\ETC\Programacion\BAXY DEFINITIVO\tests\Baxy.Integration.Tests\SystemStatusHandlerTests.cs(2,30): error ENDOFLINE: Corrija el marcador de fin de línea. Reemplazar 2 caracteres por "\n". [D:\Perfil\Escritorio\ETC\Programacion\BAXY DEFINITIVO\tests\Baxy.Integration.Tests\Baxy.Integration.Tests.csproj]
D:\Perfil\Escritorio\ETC\Programacion\BAXY DEFINITIVO\tests\Baxy.Integration.Tests\SystemStatusHandlerTests.cs(3,22): error ENDOFLINE: Corrija el marcador de fin de línea. Reemplazar 2 caracteres por "\n". [D:\Perfil\Escritorio\ETC\Programacion\BAXY DEFINITIVO\tests\Baxy.Integration.Tests\Baxy.Integration.Tests.csproj]
D:\Perfil\Escritorio\ETC\Programacion\BAXY DEFINITIVO\tests\Baxy.Integration.Tests\SystemStatusHandlerTests.cs(4,28): error ENDOFLINE: Corrija el marcador de fin de línea. Reemplazar 2 caracteres por "\n". [D:\Perfil\Escritorio\ETC\Programacion\BAXY DEFINITIVO\tests\Baxy.Integration.Tests\Baxy.Integration.Tests.csproj]
D:\Perfil\Escritorio\ETC\Programacion\BAXY DEFINITIVO\tests\Baxy.Integration.Tests\SystemStatusHandlerTests.cs(5,27): error ENDOFLINE: Corrija el marcador de fin de línea. Reemplazar 2 caracteres por "\n". [D:\Perfil\Escritorio\ETC\Programacion\BAXY DEFINITIVO\tests\Baxy.Integration.Tests\Baxy.Integration.Tests.csproj]
D:\Perfil\Escritorio\ETC\Programacion\BAXY DEFINITIVO\tests\Baxy.Integration.Tests\SystemStatusHandlerTests.cs(6,27): error ENDOFLINE: Corrija el marcador de fin de línea. Reemplazar 2 caracteres por "\n". [D:\Perfil\Escritorio\ETC\Programacion\BAXY DEFINITIVO\tests\Baxy.Integration.Tests\Baxy.Integration.Tests.csproj]
D:\Perfil\Escritorio\ETC\Programacion\BAXY DEFINITIVO\tests\Baxy.Integration.Tests\SystemStatusHandlerTests.cs(7,30): error ENDOFLINE: Corrija el marcador de fin de línea. Reemplazar 2 caracteres por "\n". [D:\Perfil\Escritorio\ETC\Programacion\BAXY DEFINITIVO\tests\Baxy.Integration.Tests\Baxy.Integration.Tests.csproj]
D:\Perfil\Escritorio\ETC\Programacion\BAXY DEFINITIVO\tests\Baxy.Integration.Tests\SystemStatusHandlerTests.cs(8,43): error ENDOFLINE: Corrija el marcador de fin de línea. Reemplazar 2 caracteres por "\n". [D:\Perfil\Escritorio\ETC\Programacion\BAXY DEFINITIVO\tests\Baxy.Integration.Tests\Baxy.Integration.Tests.csproj]
D:\Perfil\Escritorio\ETC\Programacion\BAXY DEFINITIVO\tests\Baxy.Integration.Tests\SystemStatusHandlerTests.cs(9,23): error ENDOFLINE: Corrija el marcador de fin de línea. Reemplazar 2 caracteres por "\n". [D:\Perfil\Escritorio\ETC\Programacion\BAXY DEFINITIVO\tests\Baxy.Integration.Tests\Baxy.Integration.Tests.csproj]
D:\Perfil\Escritorio\ETC\Programacion\BAXY DEFINITIVO\tests\Baxy.Integration.Tests\SystemStatusHandlerTests.cs(10,1): error ENDOFLINE: Corrija el marcador de fin de línea. Reemplazar 2 caracteres por "\n". [D:\Perfil\Escritorio\ETC\Programacion\BAXY DEFINITIVO\tests\Baxy.Integration.Tests\Baxy.Integration.Tests.csproj]
D:\Perfil\Escritorio\ETC\Programacion\BAXY DEFINITIVO\tests\Baxy.Integration.Tests\SystemStatusHandlerTests.cs(11,34): error ENDOFLINE: Corrija el marcador de fin de línea. Reemplazar 2 caracteres por "\n". [D:\Perfil\Escritorio\ETC\Programacion\BAXY DEFINITIVO\tests\Baxy.Integration.Tests\Baxy.Integration.Tests.csproj]
D:\Perfil\Escritorio\ETC\Programacion\BAXY DEFINITIVO\tests\Baxy.Integration.Tests\SystemStatusHandlerTests.cs(12,1): error ENDOFLINE: Corrija el marcador de fin de línea. Reemplazar 2 caracteres por "\n". [D:\Perfil\Escritorio\ETC\Programacion\BAXY DEFINITIVO\tests\Baxy.Integration.Tests\Baxy.Integration.Tests.csproj]
D:\Perfil\Escritorio\ETC\Programacion\BAXY DEFINITIVO\tests\Baxy.Integration.Tests\SystemStatusHandlerTests.cs(13,14): error ENDOFLINE: Corrija el marcador de fin de línea. Reemplazar 2 caracteres por "\n". [D:\Perfil\Escritorio\ETC\Programacion\BAXY DEFINITIVO\tests\Baxy.Integration.Tests\Baxy.Integration.Tests.csproj]
D:\Perfil\Escritorio\ETC\Programacion\BAXY DEFINITIVO\tests\Baxy.Integration.Tests\SystemStatusHandlerTests.cs(14,45): error ENDOFLINE: Corrija el marcador de fin de línea. Reemplazar 2 caracteres por "\n". [D:\Perfil\Escritorio\ETC\Programacion\BAXY DEFINITIVO\tests\Baxy.Integration.Tests\Baxy.Integration.Tests.csproj]
D:\Perfil\Escritorio\ETC\Programacion\BAXY DEFINITIVO\tests\Baxy.Integration.Tests\SystemStatusHandlerTests.cs(15,2): error ENDOFLINE: Corrija el marcador de fin de línea. Reemplazar 2 caracteres por "\n". [D:\Perfil\Escritorio\ETC\Programacion\BAXY DEFINITIVO\tests\Baxy.Integration.Tests\Baxy.Integration.Tests.csproj]
D:\Perfil\Escritorio\ETC\Programacion\BAXY DEFINITIVO\tests\Baxy.Integration.Tests\SystemStatusHandlerTests.cs(16,11): error ENDOFLINE: Corrija el marcador de fin de línea. Reemplazar 2 caracteres por "\n". [D:\Perfil\Escritorio\ETC\Programacion\BAXY DEFINITIVO\tests\Baxy.Integration.Tests\Baxy.Integration.Tests.csproj]
D:\Perfil\Escritorio\ETC\Programacion\BAXY DEFINITIVO\tests\Baxy.Integration.Tests\SystemStatusHandlerTests.cs(17,39): error ENDOFLINE: Corrija el marcador de fin de línea. Reemplazar 2 caracteres por "\n". [D:\Perfil\Escritorio\ETC\Programacion\BAXY DEFINITIVO\tests\Baxy.Integration.Tests\Baxy.Integration.Tests.csproj]
D:\Perfil\Escritorio\ETC\Programacion\BAXY DEFINITIVO\tests\Baxy.Integration.Tests\SystemStatusHandlerTests.cs(18,6): error ENDOFLINE: Corrija el marcador de fin de línea. Reemplazar 2 caracteres por "\n". [D:\Perfil\Escritorio\ETC\Programacion\BAXY DEFINITIVO\tests\Baxy.Integration.Tests\Baxy.Integration.Tests.csproj]
D:\Perfil\Escritorio\ETC\Programacion\BAXY DEFINITIVO\tests\Baxy.Integration.Tests\SystemStatusHandlerTests.cs(19,82): error ENDOFLINE: Corrija el marcador de fin de línea. Reemplazar 2 caracteres por "\n". [D:\Perfil\Escritorio\ETC\Programacion\BAXY DEFINITIVO\tests\Baxy.Integration.Tests\Baxy.Integration.Tests.csproj]
D:\Perfil\Escritorio\ETC\Programacion\BAXY DEFINITIVO\tests\Baxy.Integration.Tests\SystemStatusHandlerTests.cs(20,1): error ENDOFLINE: Corrija el marcador de fin de línea. Reemplazar 2 caracteres por "\n". [D:\Perfil\Escritorio\ETC\Programacion\BAXY DEFINITIVO\tests\Baxy.Integration.Tests\Baxy.Integration.Tests.csproj]
D:\Perfil\Escritorio\ETC\Programacion\BAXY DEFINITIVO\tests\Baxy.Integration.Tests\SystemStatusHandlerTests.cs(21,30): error ENDOFLINE: Corrija el marcador de fin de línea. Reemplazar 2 caracteres por "\n". [D:\Perfil\Escritorio\ETC\Programacion\BAXY DEFINITIVO\tests\Baxy.Integration.Tests\Baxy.Integration.Tests.csproj]
D:\Perfil\Escritorio\ETC\Programacion\BAXY DEFINITIVO\tests\Baxy.Integration.Tests\SystemStatusHandlerTests.cs(22,10): error ENDOFLINE: Corrija el marcador de fin de línea. Reemplazar 2 caracteres por "\n". [D:\Perfil\Escritorio\ETC\Programacion\BAXY DEFINITIVO\tests\Baxy.Integration.Tests\Baxy.Integration.Tests.csproj]
D:\Perfil\Escritorio\ETC\Programacion\BAXY DEFINITIVO\tests\Baxy.Integration.Tests\SystemStatusHandlerTests.cs(23,79): error ENDOFLINE: Corrija el marcador de fin de línea. Reemplazar 2 caracteres por "\n". [D:\Perfil\Escritorio\ETC\Programacion\BAXY DEFINITIVO\tests\Baxy.Integration.Tests\Baxy.Integration.Tests.csproj]
D:\Perfil\Escritorio\ETC\Programacion\BAXY DEFINITIVO\tests\Baxy.Integration.Tests\SystemStatusHandlerTests.cs(24,86): error ENDOFLINE: Corrija el marcador de fin de línea. Reemplazar 2 caracteres por "\n". [D:\Perfil\Escritorio\ETC\Programacion\BAXY DEFINITIVO\tests\Baxy.Integration.Tests\Baxy.Integration.Tests.csproj]
D:\Perfil\Escritorio\ETC\Programacion\BAXY DEFINITIVO\tests\Baxy.Integration.Tests\SystemStatusHandlerTests.cs(25,12): error ENDOFLINE: Corrija el marcador de fin de línea. Reemplazar 2 caracteres por "\n". [D:\Perfil\Escritorio\ETC\Programacion\BAXY DEFINITIVO\tests\Baxy.Integration.Tests\Baxy.Integration.Tests.csproj]
D:\Perfil\Escritorio\ETC\Programacion\BAXY DEFINITIVO\tests\Baxy.Integration.Tests\SystemStatusHandlerTests.cs(26,6): error ENDOFLINE: Corrija el marcador de fin de línea. Reemplazar 2 caracteres por "\n". [D:\Perfil\Escritorio\ETC\Programacion\BAXY DEFINITIVO\tests\Baxy.Integration.Tests\Baxy.Integration.Tests.csproj]
D:\Perfil\Escritorio\ETC\Programacion\BAXY DEFINITIVO\tests\Baxy.Integration.Tests\SystemStatusHandlerTests.cs(27,1): error ENDOFLINE: Corrija el marcador de fin de línea. Reemplazar 2 caracteres por "\n". [D:\Perfil\Escritorio\ETC\Programacion\BAXY DEFINITIVO\tests\Baxy.Integration.Tests\Baxy.Integration.Tests.csproj]
D:\Perfil\Escritorio\ETC\Programacion\BAXY DEFINITIVO\tests\Baxy.Integration.Tests\SystemStatusHandlerTests.cs(28,55): error ENDOFLINE: Corrija el marcador de fin de línea. Reemplazar 2 caracteres por "\n". [D:\Perfil\Escritorio\ETC\Programacion\BAXY DEFINITIVO\tests\Baxy.Integration.Tests\Baxy.Integration.Tests.csproj]
D:\Perfil\Escritorio\ETC\Programacion\BAXY DEFINITIVO\tests\Baxy.Integration.Tests\SystemStatusHandlerTests.cs(29,76): error ENDOFLINE: Corrija el marcador de fin de línea. Reemplazar 2 caracteres por "\n". [D:\Perfil\Escritorio\ETC\Programacion\BAXY DEFINITIVO\tests\Baxy.Integration.Tests\Baxy.Integration.Tests.csproj]
D:\Perfil\Escritorio\ETC\Programacion\BAXY DEFINITIVO\tests\Baxy.Integration.Tests\SystemStatusHandlerTests.cs(30,109): error ENDOFLINE: Corrija el marcador de fin de línea. Reemplazar 2 caracteres por "\n". [D:\Perfil\Escritorio\ETC\Programacion\BAXY DEFINITIVO\tests\Baxy.Integration.Tests\Baxy.Integration.Tests.csproj]
D:\Perfil\Escritorio\ETC\Programacion\BAXY DEFINITIVO\tests\Baxy.Integration.Tests\SystemStatusHandlerTests.cs(31,119): error ENDOFLINE: Corrija el marcador de fin de línea. Reemplazar 2 caracteres por "\n". [D:\Perfil\Escritorio\ETC\Programacion\BAXY DEFINITIVO\tests\Baxy.Integration.Tests\Baxy.Integration.Tests.csproj]
D:\Perfil\Escritorio\ETC\Programacion\BAXY DEFINITIVO\tests\Baxy.Integration.Tests\SystemStatusHandlerTests.cs(32,68): error ENDOFLINE: Corrija el marcador de fin de línea. Reemplazar 2 caracteres por "\n". [D:\Perfil\Escritorio\ETC\Programacion\BAXY DEFINITIVO\tests\Baxy.Integration.Tests\Baxy.Integration.Tests.csproj]
D:\Perfil\Escritorio\ETC\Programacion\BAXY DEFINITIVO\tests\Baxy.Integration.Tests\SystemStatusHandlerTests.cs(33,77): error ENDOFLINE: Corrija el marcador de fin de línea. Reemplazar 2 caracteres por "\n". [D:\Perfil\Escritorio\ETC\Programacion\BAXY DEFINITIVO\tests\Baxy.Integration.Tests\Baxy.Integration.Tests.csproj]
D:\Perfil\Escritorio\ETC\Programacion\BAXY DEFINITIVO\tests\Baxy.Integration.Tests\SystemStatusHandlerTests.cs(34,77): error ENDOFLINE: Corrija el marcador de fin de línea. Reemplazar 2 caracteres por "\n". [D:\Perfil\Escritorio\ETC\Programacion\BAXY DEFINITIVO\tests\Baxy.Integration.Tests\Baxy.Integration.Tests.csproj]
D:\Perfil\Escritorio\ETC\Programacion\BAXY DEFINITIVO\tests\Baxy.Integration.Tests\SystemStatusHandlerTests.cs(35,80): error ENDOFLINE: Corrija el marcador de fin de línea. Reemplazar 2 caracteres por "\n". [D:\Perfil\Escritorio\ETC\Programacion\BAXY DEFINITIVO\tests\Baxy.Integration.Tests\Baxy.Integration.Tests.csproj]
D:\Perfil\Escritorio\ETC\Programacion\BAXY DEFINITIVO\tests\Baxy.Integration.Tests\SystemStatusHandlerTests.cs(36,78): error ENDOFLINE: Corrija el marcador de fin de línea. Reemplazar 2 caracteres por "\n". [D:\Perfil\Escritorio\ETC\Programacion\BAXY DEFINITIVO\tests\Baxy.Integration.Tests\Baxy.Integration.Tests.csproj]
D:\Perfil\Escritorio\ETC\Programacion\BAXY DEFINITIVO\tests\Baxy.Integration.Tests\SystemStatusHandlerTests.cs(37,69): error ENDOFLINE: Corrija el marcador de fin de línea. Reemplazar 2 caracteres por "\n". [D:\Perfil\Escritorio\ETC\Programacion\BAXY DEFINITIVO\tests\Baxy.Integration.Tests\Baxy.Integration.Tests.csproj]
D:\Perfil\Escritorio\ETC\Programacion\BAXY DEFINITIVO\tests\Baxy.Integration.Tests\SystemStatusHandlerTests.cs(38,21): error ENDOFLINE: Corrija el marcador de fin de línea. Reemplazar 2 caracteres por "\n". [D:\Perfil\Escritorio\ETC\Programacion\BAXY DEFINITIVO\tests\Baxy.Integration.Tests\Baxy.Integration.Tests.csproj]
D:\Perfil\Escritorio\ETC\Programacion\BAXY DEFINITIVO\tests\Baxy.Integration.Tests\SystemStatusHandlerTests.cs(39,36): error ENDOFLINE: Corrija el marcador de fin de línea. Reemplazar 2 caracteres por "\n". [D:\Perfil\Escritorio\ETC\Programacion\BAXY DEFINITIVO\tests\Baxy.Integration.Tests\Baxy.Integration.Tests.csproj]
D:\Perfil\Escritorio\ETC\Programacion\BAXY DEFINITIVO\tests\Baxy.Integration.Tests\SystemStatusHandlerTests.cs(40,49): error ENDOFLINE: Corrija el marcador de fin de línea. Reemplazar 2 caracteres por "\n". [D:\Perfil\Escritorio\ETC\Programacion\BAXY DEFINITIVO\tests\Baxy.Integration.Tests\Baxy.Integration.Tests.csproj]
D:\Perfil\Escritorio\ETC\Programacion\BAXY DEFINITIVO\tests\Baxy.Integration.Tests\SystemStatusHandlerTests.cs(41,6): error ENDOFLINE: Corrija el marcador de fin de línea. Reemplazar 2 caracteres por "\n". [D:\Perfil\Escritorio\ETC\Programacion\BAXY DEFINITIVO\tests\Baxy.Integration.Tests\Baxy.Integration.Tests.csproj]
D:\Perfil\Escritorio\ETC\Programacion\BAXY DEFINITIVO\tests\Baxy.Integration.Tests\SystemStatusHandlerTests.cs(42,67): error ENDOFLINE: Corrija el marcador de fin de línea. Reemplazar 2 caracteres por "\n". [D:\Perfil\Escritorio\ETC\Programacion\BAXY DEFINITIVO\tests\Baxy.Integration.Tests\Baxy.Integration.Tests.csproj]
D:\Perfil\Escritorio\ETC\Programacion\BAXY DEFINITIVO\tests\Baxy.Integration.Tests\SystemStatusHandlerTests.cs(43,41): error ENDOFLINE: Corrija el marcador de fin de línea. Reemplazar 2 caracteres por "\n". [D:\Perfil\Escritorio\ETC\Programacion\BAXY DEFINITIVO\tests\Baxy.Integration.Tests\Baxy.Integration.Tests.csproj]
D:\Perfil\Escritorio\ETC\Programacion\BAXY DEFINITIVO\tests\Baxy.Integration.Tests\SystemStatusHandlerTests.cs(44,1): error ENDOFLINE: Corrija el marcador de fin de línea. Reemplazar 2 caracteres por "\n". [D:\Perfil\Escritorio\ETC\Programacion\BAXY DEFINITIVO\tests\Baxy.Integration.Tests\Baxy.Integration.Tests.csproj]
D:\Perfil\Escritorio\ETC\Programacion\BAXY DEFINITIVO\tests\Baxy.Integration.Tests\SystemStatusHandlerTests.cs(45,63): error ENDOFLINE: Corrija el marcador de fin de línea. Reemplazar 2 caracteres por "\n". [D:\Perfil\Escritorio\ETC\Programacion\BAXY DEFINITIVO\tests\Baxy.Integration.Tests\Baxy.Integration.Tests.csproj]
D:\Perfil\Escritorio\ETC\Programacion\BAXY DEFINITIVO\tests\Baxy.Integration.Tests\SystemStatusHandlerTests.cs(46,30): error ENDOFLINE: Corrija el marcador de fin de línea. Reemplazar 2 caracteres por "\n". [D:\Perfil\Escritorio\ETC\Programacion\BAXY DEFINITIVO\tests\Baxy.Integration.Tests\Baxy.Integration.Tests.csproj]
D:\Perfil\Escritorio\ETC\Programacion\BAXY DEFINITIVO\tests\Baxy.Integration.Tests\SystemStatusHandlerTests.cs(47,37): error ENDOFLINE: Corrija el marcador de fin de línea. Reemplazar 2 caracteres por "\n". [D:\Perfil\Escritorio\ETC\Programacion\BAXY DEFINITIVO\tests\Baxy.Integration.Tests\Baxy.Integration.Tests.csproj]
D:\Perfil\Escritorio\ETC\Programacion\BAXY DEFINITIVO\tests\Baxy.Integration.Tests\SystemStatusHandlerTests.cs(48,1): error ENDOFLINE: Corrija el marcador de fin de línea. Reemplazar 2 caracteres por "\n". [D:\Perfil\Escritorio\ETC\Programacion\BAXY DEFINITIVO\tests\Baxy.Integration.Tests\Baxy.Integration.Tests.csproj]
D:\Perfil\Escritorio\ETC\Programacion\BAXY DEFINITIVO\tests\Baxy.Integration.Tests\SystemStatusHandlerTests.cs(49,30): error ENDOFLINE: Corrija el marcador de fin de línea. Reemplazar 2 caracteres por "\n". [D:\Perfil\Escritorio\ETC\Programacion\BAXY DEFINITIVO\tests\Baxy.Integration.Tests\Baxy.Integration.Tests.csproj]
D:\Perfil\Escritorio\ETC\Programacion\BAXY DEFINITIVO\tests\Baxy.Integration.Tests\SystemStatusHandlerTests.cs(50,10): error ENDOFLINE: Corrija el marcador de fin de línea. Reemplazar 2 caracteres por "\n". [D:\Perfil\Escritorio\ETC\Programacion\BAXY DEFINITIVO\tests\Baxy.Integration.Tests\Baxy.Integration.Tests.csproj]
D:\Perfil\Escritorio\ETC\Programacion\BAXY DEFINITIVO\tests\Baxy.Integration.Tests\SystemStatusHandlerTests.cs(51,53): error ENDOFLINE: Corrija el marcador de fin de línea. Reemplazar 2 caracteres por "\n". [D:\Perfil\Escritorio\ETC\Programacion\BAXY DEFINITIVO\tests\Baxy.Integration.Tests\Baxy.Integration.Tests.csproj]
D:\Perfil\Escritorio\ETC\Programacion\BAXY DEFINITIVO\tests\Baxy.Integration.Tests\SystemStatusHandlerTests.cs(52,52): error ENDOFLINE: Corrija el marcador de fin de línea. Reemplazar 2 caracteres por "\n". [D:\Perfil\Escritorio\ETC\Programacion\BAXY DEFINITIVO\tests\Baxy.Integration.Tests\Baxy.Integration.Tests.csproj]
D:\Perfil\Escritorio\ETC\Programacion\BAXY DEFINITIVO\tests\Baxy.Integration.Tests\SystemStatusHandlerTests.cs(53,108): error ENDOFLINE: Corrija el marcador de fin de línea. Reemplazar 2 caracteres por "\n". [D:\Perfil\Escritorio\ETC\Programacion\BAXY DEFINITIVO\tests\Baxy.Integration.Tests\Baxy.Integration.Tests.csproj]
D:\Perfil\Escritorio\ETC\Programacion\BAXY DEFINITIVO\tests\Baxy.Integration.Tests\SystemStatusHandlerTests.cs(54,80): error ENDOFLINE: Corrija el marcador de fin de línea. Reemplazar 2 caracteres por "\n". [D:\Perfil\Escritorio\ETC\Programacion\BAXY DEFINITIVO\tests\Baxy.Integration.Tests\Baxy.Integration.Tests.csproj]
D:\Perfil\Escritorio\ETC\Programacion\BAXY DEFINITIVO\tests\Baxy.Integration.Tests\SystemStatusHandlerTests.cs(55,60): error ENDOFLINE: Corrija el marcador de fin de línea. Reemplazar 2 caracteres por "\n". [D:\Perfil\Escritorio\ETC\Programacion\BAXY DEFINITIVO\tests\Baxy.Integration.Tests\Baxy.Integration.Tests.csproj]
D:\Perfil\Escritorio\ETC\Programacion\BAXY DEFINITIVO\tests\Baxy.Integration.Tests\SystemStatusHandlerTests.cs(56,12): error ENDOFLINE: Corrija el marcador de fin de línea. Reemplazar 2 caracteres por "\n". [D:\Perfil\Escritorio\ETC\Programacion\BAXY DEFINITIVO\tests\Baxy.Integration.Tests\Baxy.Integration.Tests.csproj]
D:\Perfil\Escritorio\ETC\Programacion\BAXY DEFINITIVO\tests\Baxy.Integration.Tests\SystemStatusHandlerTests.cs(57,6): error ENDOFLINE: Corrija el marcador de fin de línea. Reemplazar 2 caracteres por "\n". [D:\Perfil\Escritorio\ETC\Programacion\BAXY DEFINITIVO\tests\Baxy.Integration.Tests\Baxy.Integration.Tests.csproj]
D:\Perfil\Escritorio\ETC\Programacion\BAXY DEFINITIVO\tests\Baxy.Integration.Tests\SystemStatusHandlerTests.cs(58,1): error ENDOFLINE: Corrija el marcador de fin de línea. Reemplazar 2 caracteres por "\n". [D:\Perfil\Escritorio\ETC\Programacion\BAXY DEFINITIVO\tests\Baxy.Integration.Tests\Baxy.Integration.Tests.csproj]
D:\Perfil\Escritorio\ETC\Programacion\BAXY DEFINITIVO\tests\Baxy.Integration.Tests\SystemStatusHandlerTests.cs(59,23): error ENDOFLINE: Corrija el marcador de fin de línea. Reemplazar 2 caracteres por "\n". [D:\Perfil\Escritorio\ETC\Programacion\BAXY DEFINITIVO\tests\Baxy.Integration.Tests\Baxy.Integration.Tests.csproj]
D:\Perfil\Escritorio\ETC\Programacion\BAXY DEFINITIVO\tests\Baxy.Integration.Tests\SystemStatusHandlerTests.cs(60,21): error ENDOFLINE: Corrija el marcador de fin de línea. Reemplazar 2 caracteres por "\n". [D:\Perfil\Escritorio\ETC\Programacion\BAXY DEFINITIVO\tests\Baxy.Integration.Tests\Baxy.Integration.Tests.csproj]
D:\Perfil\Escritorio\ETC\Programacion\BAXY DEFINITIVO\tests\Baxy.Integration.Tests\SystemStatusHandlerTests.cs(61,35): error ENDOFLINE: Corrija el marcador de fin de línea. Reemplazar 2 caracteres por "\n". [D:\Perfil\Escritorio\ETC\Programacion\BAXY DEFINITIVO\tests\Baxy.Integration.Tests\Baxy.Integration.Tests.csproj]
D:\Perfil\Escritorio\ETC\Programacion\BAXY DEFINITIVO\tests\Baxy.Integration.Tests\SystemStatusHandlerTests.cs(62,33): error ENDOFLINE: Corrija el marcador de fin de línea. Reemplazar 2 caracteres por "\n". [D:\Perfil\Escritorio\ETC\Programacion\BAXY DEFINITIVO\tests\Baxy.Integration.Tests\Baxy.Integration.Tests.csproj]
D:\Perfil\Escritorio\ETC\Programacion\BAXY DEFINITIVO\tests\Baxy.Integration.Tests\SystemStatusHandlerTests.cs(63,38): error ENDOFLINE: Corrija el marcador de fin de línea. Reemplazar 2 caracteres por "\n". [D:\Perfil\Escritorio\ETC\Programacion\BAXY DEFINITIVO\tests\Baxy.Integration.Tests\Baxy.Integration.Tests.csproj]
D:\Perfil\Escritorio\ETC\Programacion\BAXY DEFINITIVO\tests\Baxy.Integration.Tests\SystemStatusHandlerTests.cs(64,40): error ENDOFLINE: Corrija el marcador de fin de línea. Reemplazar 2 caracteres por "\n". [D:\Perfil\Escritorio\ETC\Programacion\BAXY DEFINITIVO\tests\Baxy.Integration.Tests\Baxy.Integration.Tests.csproj]
D:\Perfil\Escritorio\ETC\Programacion\BAXY DEFINITIVO\tests\Baxy.Integration.Tests\SystemStatusHandlerTests.cs(65,41): error ENDOFLINE: Corrija el marcador de fin de línea. Reemplazar 2 caracteres por "\n". [D:\Perfil\Escritorio\ETC\Programacion\BAXY DEFINITIVO\tests\Baxy.Integration.Tests\Baxy.Integration.Tests.csproj]
D:\Perfil\Escritorio\ETC\Programacion\BAXY DEFINITIVO\tests\Baxy.Integration.Tests\SystemStatusHandlerTests.cs(66,57): error ENDOFLINE: Corrija el marcador de fin de línea. Reemplazar 2 caracteres por "\n". [D:\Perfil\Escritorio\ETC\Programacion\BAXY DEFINITIVO\tests\Baxy.Integration.Tests\Baxy.Integration.Tests.csproj]
D:\Perfil\Escritorio\ETC\Programacion\BAXY DEFINITIVO\tests\Baxy.Integration.Tests\SystemStatusHandlerTests.cs(67,38): error ENDOFLINE: Corrija el marcador de fin de línea. Reemplazar 2 caracteres por "\n". [D:\Perfil\Escritorio\ETC\Programacion\BAXY DEFINITIVO\tests\Baxy.Integration.Tests\Baxy.Integration.Tests.csproj]
D:\Perfil\Escritorio\ETC\Programacion\BAXY DEFINITIVO\tests\Baxy.Integration.Tests\SystemStatusHandlerTests.cs(68,59): error ENDOFLINE: Corrija el marcador de fin de línea. Reemplazar 2 caracteres por "\n". [D:\Perfil\Escritorio\ETC\Programacion\BAXY DEFINITIVO\tests\Baxy.Integration.Tests\Baxy.Integration.Tests.csproj]
D:\Perfil\Escritorio\ETC\Programacion\BAXY DEFINITIVO\tests\Baxy.Integration.Tests\SystemStatusHandlerTests.cs(69,70): error ENDOFLINE: Corrija el marcador de fin de línea. Reemplazar 2 caracteres por "\n". [D:\Perfil\Escritorio\ETC\Programacion\BAXY DEFINITIVO\tests\Baxy.Integration.Tests\Baxy.Integration.Tests.csproj]
D:\Perfil\Escritorio\ETC\Programacion\BAXY DEFINITIVO\tests\Baxy.Integration.Tests\SystemStatusHandlerTests.cs(70,6): error ENDOFLINE: Corrija el marcador de fin de línea. Reemplazar 2 caracteres por "\n". [D:\Perfil\Escritorio\ETC\Programacion\BAXY DEFINITIVO\tests\Baxy.Integration.Tests\Baxy.Integration.Tests.csproj]
D:\Perfil\Escritorio\ETC\Programacion\BAXY DEFINITIVO\tests\Baxy.Integration.Tests\SystemStatusHandlerTests.cs(71,74): error ENDOFLINE: Corrija el marcador de fin de línea. Reemplazar 2 caracteres por "\n". [D:\Perfil\Escritorio\ETC\Programacion\BAXY DEFINITIVO\tests\Baxy.Integration.Tests\Baxy.Integration.Tests.csproj]
D:\Perfil\Escritorio\ETC\Programacion\BAXY DEFINITIVO\tests\Baxy.Integration.Tests\SystemStatusHandlerTests.cs(72,41): error ENDOFLINE: Corrija el marcador de fin de línea. Reemplazar 2 caracteres por "\n". [D:\Perfil\Escritorio\ETC\Programacion\BAXY DEFINITIVO\tests\Baxy.Integration.Tests\Baxy.Integration.Tests.csproj]
D:\Perfil\Escritorio\ETC\Programacion\BAXY DEFINITIVO\tests\Baxy.Integration.Tests\SystemStatusHandlerTests.cs(73,1): error ENDOFLINE: Corrija el marcador de fin de línea. Reemplazar 2 caracteres por "\n". [D:\Perfil\Escritorio\ETC\Programacion\BAXY DEFINITIVO\tests\Baxy.Integration.Tests\Baxy.Integration.Tests.csproj]
D:\Perfil\Escritorio\ETC\Programacion\BAXY DEFINITIVO\tests\Baxy.Integration.Tests\SystemStatusHandlerTests.cs(74,63): error ENDOFLINE: Corrija el marcador de fin de línea. Reemplazar 2 caracteres por "\n". [D:\Perfil\Escritorio\ETC\Programacion\BAXY DEFINITIVO\tests\Baxy.Integration.Tests\Baxy.Integration.Tests.csproj]
D:\Perfil\Escritorio\ETC\Programacion\BAXY DEFINITIVO\tests\Baxy.Integration.Tests\SystemStatusHandlerTests.cs(75,30): error ENDOFLINE: Corrija el marcador de fin de línea. Reemplazar 2 caracteres por "\n". [D:\Perfil\Escritorio\ETC\Programacion\BAXY DEFINITIVO\tests\Baxy.Integration.Tests\Baxy.Integration.Tests.csproj]
D:\Perfil\Escritorio\ETC\Programacion\BAXY DEFINITIVO\tests\Baxy.Integration.Tests\SystemStatusHandlerTests.cs(76,37): error ENDOFLINE: Corrija el marcador de fin de línea. Reemplazar 2 caracteres por "\n". [D:\Perfil\Escritorio\ETC\Programacion\BAXY DEFINITIVO\tests\Baxy.Integration.Tests\Baxy.Integration.Tests.csproj]
D:\Perfil\Escritorio\ETC\Programacion\BAXY DEFINITIVO\tests\Baxy.Integration.Tests\SystemStatusHandlerTests.cs(77,1): error ENDOFLINE: Corrija el marcador de fin de línea. Reemplazar 2 caracteres por "\n". [D:\Perfil\Escritorio\ETC\Programacion\BAXY DEFINITIVO\tests\Baxy.Integration.Tests\Baxy.Integration.Tests.csproj]
D:\Perfil\Escritorio\ETC\Programacion\BAXY DEFINITIVO\tests\Baxy.Integration.Tests\SystemStatusHandlerTests.cs(78,30): error ENDOFLINE: Corrija el marcador de fin de línea. Reemplazar 2 caracteres por "\n". [D:\Perfil\Escritorio\ETC\Programacion\BAXY DEFINITIVO\tests\Baxy.Integration.Tests\Baxy.Integration.Tests.csproj]
D:\Perfil\Escritorio\ETC\Programacion\BAXY DEFINITIVO\tests\Baxy.Integration.Tests\SystemStatusHandlerTests.cs(79,10): error ENDOFLINE: Corrija el marcador de fin de línea. Reemplazar 2 caracteres por "\n". [D:\Perfil\Escritorio\ETC\Programacion\BAXY DEFINITIVO\tests\Baxy.Integration.Tests\Baxy.Integration.Tests.csproj]
D:\Perfil\Escritorio\ETC\Programacion\BAXY DEFINITIVO\tests\Baxy.Integration.Tests\SystemStatusHandlerTests.cs(80,54): error ENDOFLINE: Corrija el marcador de fin de línea. Reemplazar 2 caracteres por "\n". [D:\Perfil\Escritorio\ETC\Programacion\BAXY DEFINITIVO\tests\Baxy.Integration.Tests\Baxy.Integration.Tests.csproj]
D:\Perfil\Escritorio\ETC\Programacion\BAXY DEFINITIVO\tests\Baxy.Integration.Tests\SystemStatusHandlerTests.cs(81,77): error ENDOFLINE: Corrija el marcador de fin de línea. Reemplazar 2 caracteres por "\n". [D:\Perfil\Escritorio\ETC\Programacion\BAXY DEFINITIVO\tests\Baxy.Integration.Tests\Baxy.Integration.Tests.csproj]
D:\Perfil\Escritorio\ETC\Programacion\BAXY DEFINITIVO\tests\Baxy.Integration.Tests\SystemStatusHandlerTests.cs(82,72): error ENDOFLINE: Corrija el marcador de fin de línea. Reemplazar 2 caracteres por "\n". [D:\Perfil\Escritorio\ETC\Programacion\BAXY DEFINITIVO\tests\Baxy.Integration.Tests\Baxy.Integration.Tests.csproj]
D:\Perfil\Escritorio\ETC\Programacion\BAXY DEFINITIVO\tests\Baxy.Integration.Tests\SystemStatusHandlerTests.cs(83,54): error ENDOFLINE: Corrija el marcador de fin de línea. Reemplazar 2 caracteres por "\n". [D:\Perfil\Escritorio\ETC\Programacion\BAXY DEFINITIVO\tests\Baxy.Integration.Tests\Baxy.Integration.Tests.csproj]
D:\Perfil\Escritorio\ETC\Programacion\BAXY DEFINITIVO\tests\Baxy.Integration.Tests\SystemStatusHandlerTests.cs(84,12): error ENDOFLINE: Corrija el marcador de fin de línea. Reemplazar 2 caracteres por "\n". [D:\Perfil\Escritorio\ETC\Programacion\BAXY DEFINITIVO\tests\Baxy.Integration.Tests\Baxy.Integration.Tests.csproj]
D:\Perfil\Escritorio\ETC\Programacion\BAXY DEFINITIVO\tests\Baxy.Integration.Tests\SystemStatusHandlerTests.cs(85,6): error ENDOFLINE: Corrija el marcador de fin de línea. Reemplazar 2 caracteres por "\n". [D:\Perfil\Escritorio\ETC\Programacion\BAXY DEFINITIVO\tests\Baxy.Integration.Tests\Baxy.Integration.Tests.csproj]
D:\Perfil\Escritorio\ETC\Programacion\BAXY DEFINITIVO\tests\Baxy.Integration.Tests\SystemStatusHandlerTests.cs(86,1): error ENDOFLINE: Corrija el marcador de fin de línea. Reemplazar 2 caracteres por "\n". [D:\Perfil\Escritorio\ETC\Programacion\BAXY DEFINITIVO\tests\Baxy.Integration.Tests\Baxy.Integration.Tests.csproj]
D:\Perfil\Escritorio\ETC\Programacion\BAXY DEFINITIVO\tests\Baxy.Integration.Tests\SystemStatusHandlerTests.cs(87,11): error ENDOFLINE: Corrija el marcador de fin de línea. Reemplazar 2 caracteres por "\n". [D:\Perfil\Escritorio\ETC\Programacion\BAXY DEFINITIVO\tests\Baxy.Integration.Tests\Baxy.Integration.Tests.csproj]
D:\Perfil\Escritorio\ETC\Programacion\BAXY DEFINITIVO\tests\Baxy.Integration.Tests\SystemStatusHandlerTests.cs(88,83): error ENDOFLINE: Corrija el marcador de fin de línea. Reemplazar 2 caracteres por "\n". [D:\Perfil\Escritorio\ETC\Programacion\BAXY DEFINITIVO\tests\Baxy.Integration.Tests\Baxy.Integration.Tests.csproj]
D:\Perfil\Escritorio\ETC\Programacion\BAXY DEFINITIVO\tests\Baxy.Integration.Tests\SystemStatusHandlerTests.cs(89,6): error ENDOFLINE: Corrija el marcador de fin de línea. Reemplazar 2 caracteres por "\n". [D:\Perfil\Escritorio\ETC\Programacion\BAXY DEFINITIVO\tests\Baxy.Integration.Tests\Baxy.Integration.Tests.csproj]
D:\Perfil\Escritorio\ETC\Programacion\BAXY DEFINITIVO\tests\Baxy.Integration.Tests\SystemStatusHandlerTests.cs(90,82): error ENDOFLINE: Corrija el marcador de fin de línea. Reemplazar 2 caracteres por "\n". [D:\Perfil\Escritorio\ETC\Programacion\BAXY DEFINITIVO\tests\Baxy.Integration.Tests\Baxy.Integration.Tests.csproj]
D:\Perfil\Escritorio\ETC\Programacion\BAXY DEFINITIVO\tests\Baxy.Integration.Tests\SystemStatusHandlerTests.cs(91,1): error ENDOFLINE: Corrija el marcador de fin de línea. Reemplazar 2 caracteres por "\n". [D:\Perfil\Escritorio\ETC\Programacion\BAXY DEFINITIVO\tests\Baxy.Integration.Tests\Baxy.Integration.Tests.csproj]
D:\Perfil\Escritorio\ETC\Programacion\BAXY DEFINITIVO\tests\Baxy.Integration.Tests\SystemStatusHandlerTests.cs(92,63): error ENDOFLINE: Corrija el marcador de fin de línea. Reemplazar 2 caracteres por "\n". [D:\Perfil\Escritorio\ETC\Programacion\BAXY DEFINITIVO\tests\Baxy.Integration.Tests\Baxy.Integration.Tests.csproj]
D:\Perfil\Escritorio\ETC\Programacion\BAXY DEFINITIVO\tests\Baxy.Integration.Tests\SystemStatusHandlerTests.cs(93,30): error ENDOFLINE: Corrija el marcador de fin de línea. Reemplazar 2 caracteres por "\n". [D:\Perfil\Escritorio\ETC\Programacion\BAXY DEFINITIVO\tests\Baxy.Integration.Tests\Baxy.Integration.Tests.csproj]
D:\Perfil\Escritorio\ETC\Programacion\BAXY DEFINITIVO\tests\Baxy.Integration.Tests\SystemStatusHandlerTests.cs(94,37): error ENDOFLINE: Corrija el marcador de fin de línea. Reemplazar 2 caracteres por "\n". [D:\Perfil\Escritorio\ETC\Programacion\BAXY DEFINITIVO\tests\Baxy.Integration.Tests\Baxy.Integration.Tests.csproj]
D:\Perfil\Escritorio\ETC\Programacion\BAXY DEFINITIVO\tests\Baxy.Integration.Tests\SystemStatusHandlerTests.cs(95,52): error ENDOFLINE: Corrija el marcador de fin de línea. Reemplazar 2 caracteres por "\n". [D:\Perfil\Escritorio\ETC\Programacion\BAXY DEFINITIVO\tests\Baxy.Integration.Tests\Baxy.Integration.Tests.csproj]
D:\Perfil\Escritorio\ETC\Programacion\BAXY DEFINITIVO\tests\Baxy.Integration.Tests\SystemStatusHandlerTests.cs(96,1): error ENDOFLINE: Corrija el marcador de fin de línea. Reemplazar 2 caracteres por "\n". [D:\Perfil\Escritorio\ETC\Programacion\BAXY DEFINITIVO\tests\Baxy.Integration.Tests\Baxy.Integration.Tests.csproj]
D:\Perfil\Escritorio\ETC\Programacion\BAXY DEFINITIVO\tests\Baxy.Integration.Tests\SystemStatusHandlerTests.cs(97,30): error ENDOFLINE: Corrija el marcador de fin de línea. Reemplazar 2 caracteres por "\n". [D:\Perfil\Escritorio\ETC\Programacion\BAXY DEFINITIVO\tests\Baxy.Integration.Tests\Baxy.Integration.Tests.csproj]
D:\Perfil\Escritorio\ETC\Programacion\BAXY DEFINITIVO\tests\Baxy.Integration.Tests\SystemStatusHandlerTests.cs(98,10): error ENDOFLINE: Corrija el marcador de fin de línea. Reemplazar 2 caracteres por "\n". [D:\Perfil\Escritorio\ETC\Programacion\BAXY DEFINITIVO\tests\Baxy.Integration.Tests\Baxy.Integration.Tests.csproj]
D:\Perfil\Escritorio\ETC\Programacion\BAXY DEFINITIVO\tests\Baxy.Integration.Tests\SystemStatusHandlerTests.cs(99,111): error ENDOFLINE: Corrija el marcador de fin de línea. Reemplazar 2 caracteres por "\n". [D:\Perfil\Escritorio\ETC\Programacion\BAXY DEFINITIVO\tests\Baxy.Integration.Tests\Baxy.Integration.Tests.csproj]
D:\Perfil\Escritorio\ETC\Programacion\BAXY DEFINITIVO\tests\Baxy.Integration.Tests\SystemStatusHandlerTests.cs(100,114): error ENDOFLINE: Corrija el marcador de fin de línea. Reemplazar 2 caracteres por "\n". [D:\Perfil\Escritorio\ETC\Programacion\BAXY DEFINITIVO\tests\Baxy.Integration.Tests\Baxy.Integration.Tests.csproj]
D:\Perfil\Escritorio\ETC\Programacion\BAXY DEFINITIVO\tests\Baxy.Integration.Tests\SystemStatusHandlerTests.cs(101,117): error ENDOFLINE: Corrija el marcador de fin de línea. Reemplazar 2 caracteres por "\n". [D:\Perfil\Escritorio\ETC\Programacion\BAXY DEFINITIVO\tests\Baxy.Integration.Tests\Baxy.Integration.Tests.csproj]
D:\Perfil\Escritorio\ETC\Programacion\BAXY DEFINITIVO\tests\Baxy.Integration.Tests\SystemStatusHandlerTests.cs(102,118): error ENDOFLINE: Corrija el marcador de fin de línea. Reemplazar 2 caracteres por "\n". [D:\Perfil\Escritorio\ETC\Programacion\BAXY DEFINITIVO\tests\Baxy.Integration.Tests\Baxy.Integration.Tests.csproj]
D:\Perfil\Escritorio\ETC\Programacion\BAXY DEFINITIVO\tests\Baxy.Integration.Tests\SystemStatusHandlerTests.cs(103,103): error ENDOFLINE: Corrija el marcador de fin de línea. Reemplazar 2 caracteres por "\n". [D:\Perfil\Escritorio\ETC\Programacion\BAXY DEFINITIVO\tests\Baxy.Integration.Tests\Baxy.Integration.Tests.csproj]
D:\Perfil\Escritorio\ETC\Programacion\BAXY DEFINITIVO\tests\Baxy.Integration.Tests\SystemStatusHandlerTests.cs(104,108): error ENDOFLINE: Corrija el marcador de fin de línea. Reemplazar 2 caracteres por "\n". [D:\Perfil\Escritorio\ETC\Programacion\BAXY DEFINITIVO\tests\Baxy.Integration.Tests\Baxy.Integration.Tests.csproj]
D:\Perfil\Escritorio\ETC\Programacion\BAXY DEFINITIVO\tests\Baxy.Integration.Tests\SystemStatusHandlerTests.cs(107,91): error ENDOFLINE: Corrija el marcador de fin de línea. Reemplazar 2 caracteres por "\n". [D:\Perfil\Escritorio\ETC\Programacion\BAXY DEFINITIVO\tests\Baxy.Integration.Tests\Baxy.Integration.Tests.csproj]
D:\Perfil\Escritorio\ETC\Programacion\BAXY DEFINITIVO\tests\Baxy.Integration.Tests\SystemStatusHandlerTests.cs(108,83): error ENDOFLINE: Corrija el marcador de fin de línea. Reemplazar 2 caracteres por "\n". [D:\Perfil\Escritorio\ETC\Programacion\BAXY DEFINITIVO\tests\Baxy.Integration.Tests\Baxy.Integration.Tests.csproj]
D:\Perfil\Escritorio\ETC\Programacion\BAXY DEFINITIVO\tests\Baxy.Integration.Tests\SystemStatusHandlerTests.cs(109,96): error ENDOFLINE: Corrija el marcador de fin de línea. Reemplazar 2 caracteres por "\n". [D:\Perfil\Escritorio\ETC\Programacion\BAXY DEFINITIVO\tests\Baxy.Integration.Tests\Baxy.Integration.Tests.csproj]
D:\Perfil\Escritorio\ETC\Programacion\BAXY DEFINITIVO\tests\Baxy.Integration.Tests\SystemStatusHandlerTests.cs(110,74): error ENDOFLINE: Corrija el marcador de fin de línea. Reemplazar 2 caracteres por "\n". [D:\Perfil\Escritorio\ETC\Programacion\BAXY DEFINITIVO\tests\Baxy.Integration.Tests\Baxy.Integration.Tests.csproj]
D:\Perfil\Escritorio\ETC\Programacion\BAXY DEFINITIVO\tests\Baxy.Integration.Tests\SystemStatusHandlerTests.cs(111,12): error ENDOFLINE: Corrija el marcador de fin de línea. Reemplazar 2 caracteres por "\n". [D:\Perfil\Escritorio\ETC\Programacion\BAXY DEFINITIVO\tests\Baxy.Integration.Tests\Baxy.Integration.Tests.csproj]
D:\Perfil\Escritorio\ETC\Programacion\BAXY DEFINITIVO\tests\Baxy.Integration.Tests\SystemStatusHandlerTests.cs(112,6): error ENDOFLINE: Corrija el marcador de fin de línea. Reemplazar 2 caracteres por "\n". [D:\Perfil\Escritorio\ETC\Programacion\BAXY DEFINITIVO\tests\Baxy.Integration.Tests\Baxy.Integration.Tests.csproj]
D:\Perfil\Escritorio\ETC\Programacion\BAXY DEFINITIVO\tests\Baxy.Integration.Tests\SystemStatusHandlerTests.cs(113,1): error ENDOFLINE: Corrija el marcador de fin de línea. Reemplazar 2 caracteres por "\n". [D:\Perfil\Escritorio\ETC\Programacion\BAXY DEFINITIVO\tests\Baxy.Integration.Tests\Baxy.Integration.Tests.csproj]
D:\Perfil\Escritorio\ETC\Programacion\BAXY DEFINITIVO\tests\Baxy.Integration.Tests\SystemStatusHandlerTests.cs(116,6): error ENDOFLINE: Corrija el marcador de fin de línea. Reemplazar 2 caracteres por "\n". [D:\Perfil\Escritorio\ETC\Programacion\BAXY DEFINITIVO\tests\Baxy.Integration.Tests\Baxy.Integration.Tests.csproj]
D:\Perfil\Escritorio\ETC\Programacion\BAXY DEFINITIVO\tests\Baxy.Integration.Tests\SystemStatusHandlerTests.cs(117,89): error ENDOFLINE: Corrija el marcador de fin de línea. Reemplazar 2 caracteres por "\n". [D:\Perfil\Escritorio\ETC\Programacion\BAXY DEFINITIVO\tests\Baxy.Integration.Tests\Baxy.Integration.Tests.csproj]
D:\Perfil\Escritorio\ETC\Programacion\BAXY DEFINITIVO\tests\Baxy.Integration.Tests\SystemStatusHandlerTests.cs(118,10): error ENDOFLINE: Corrija el marcador de fin de línea. Reemplazar 2 caracteres por "\n". [D:\Perfil\Escritorio\ETC\Programacion\BAXY DEFINITIVO\tests\Baxy.Integration.Tests\Baxy.Integration.Tests.csproj]
D:\Perfil\Escritorio\ETC\Programacion\BAXY DEFINITIVO\tests\Baxy.Integration.Tests\SystemStatusHandlerTests.cs(119,127): error ENDOFLINE: Corrija el marcador de fin de línea. Reemplazar 2 caracteres por "\n". [D:\Perfil\Escritorio\ETC\Programacion\BAXY DEFINITIVO\tests\Baxy.Integration.Tests\Baxy.Integration.Tests.csproj]
D:\Perfil\Escritorio\ETC\Programacion\BAXY DEFINITIVO\tests\Baxy.Integration.Tests\SystemStatusHandlerTests.cs(120,11): error ENDOFLINE: Corrija el marcador de fin de línea. Reemplazar 2 caracteres por "\n". [D:\Perfil\Escritorio\ETC\Programacion\BAXY DEFINITIVO\tests\Baxy.Integration.Tests\Baxy.Integration.Tests.csproj]
D:\Perfil\Escritorio\ETC\Programacion\BAXY DEFINITIVO\tests\Baxy.Integration.Tests\SystemStatusHandlerTests.cs(121,59): error ENDOFLINE: Corrija el marcador de fin de línea. Reemplazar 2 caracteres por "\n". [D:\Perfil\Escritorio\ETC\Programacion\BAXY DEFINITIVO\tests\Baxy.Integration.Tests\Baxy.Integration.Tests.csproj]
D:\Perfil\Escritorio\ETC\Programacion\BAXY DEFINITIVO\tests\Baxy.Integration.Tests\SystemStatusHandlerTests.cs(122,1): error ENDOFLINE: Corrija el marcador de fin de línea. Reemplazar 2 caracteres por "\n". [D:\Perfil\Escritorio\ETC\Programacion\BAXY DEFINITIVO\tests\Baxy.Integration.Tests\Baxy.Integration.Tests.csproj]
D:\Perfil\Escritorio\ETC\Programacion\BAXY DEFINITIVO\tests\Baxy.Integration.Tests\SystemStatusHandlerTests.cs(123,63): error ENDOFLINE: Corrija el marcador de fin de línea. Reemplazar 2 caracteres por "\n". [D:\Perfil\Escritorio\ETC\Programacion\BAXY DEFINITIVO\tests\Baxy.Integration.Tests\Baxy.Integration.Tests.csproj]
D:\Perfil\Escritorio\ETC\Programacion\BAXY DEFINITIVO\tests\Baxy.Integration.Tests\SystemStatusHandlerTests.cs(124,46): error ENDOFLINE: Corrija el marcador de fin de línea. Reemplazar 2 caracteres por "\n". [D:\Perfil\Escritorio\ETC\Programacion\BAXY DEFINITIVO\tests\Baxy.Integration.Tests\Baxy.Integration.Tests.csproj]
D:\Perfil\Escritorio\ETC\Programacion\BAXY DEFINITIVO\tests\Baxy.Integration.Tests\SystemStatusHandlerTests.cs(125,37): error ENDOFLINE: Corrija el marcador de fin de línea. Reemplazar 2 caracteres por "\n". [D:\Perfil\Escritorio\ETC\Programacion\BAXY DEFINITIVO\tests\Baxy.Integration.Tests\Baxy.Integration.Tests.csproj]
D:\Perfil\Escritorio\ETC\Programacion\BAXY DEFINITIVO\tests\Baxy.Integration.Tests\SystemStatusHandlerTests.cs(126,1): error ENDOFLINE: Corrija el marcador de fin de línea. Reemplazar 2 caracteres por "\n". [D:\Perfil\Escritorio\ETC\Programacion\BAXY DEFINITIVO\tests\Baxy.Integration.Tests\Baxy.Integration.Tests.csproj]
D:\Perfil\Escritorio\ETC\Programacion\BAXY DEFINITIVO\tests\Baxy.Integration.Tests\SystemStatusHandlerTests.cs(127,30): error ENDOFLINE: Corrija el marcador de fin de línea. Reemplazar 2 caracteres por "\n". [D:\Perfil\Escritorio\ETC\Programacion\BAXY DEFINITIVO\tests\Baxy.Integration.Tests\Baxy.Integration.Tests.csproj]
D:\Perfil\Escritorio\ETC\Programacion\BAXY DEFINITIVO\tests\Baxy.Integration.Tests\SystemStatusHandlerTests.cs(128,10): error ENDOFLINE: Corrija el marcador de fin de línea. Reemplazar 2 caracteres por "\n". [D:\Perfil\Escritorio\ETC\Programacion\BAXY DEFINITIVO\tests\Baxy.Integration.Tests\Baxy.Integration.Tests.csproj]
D:\Perfil\Escritorio\ETC\Programacion\BAXY DEFINITIVO\tests\Baxy.Integration.Tests\SystemStatusHandlerTests.cs(129,53): error ENDOFLINE: Corrija el marcador de fin de línea. Reemplazar 2 caracteres por "\n". [D:\Perfil\Escritorio\ETC\Programacion\BAXY DEFINITIVO\tests\Baxy.Integration.Tests\Baxy.Integration.Tests.csproj]
D:\Perfil\Escritorio\ETC\Programacion\BAXY DEFINITIVO\tests\Baxy.Integration.Tests\SystemStatusHandlerTests.cs(130,25): error ENDOFLINE: Corrija el marcador de fin de línea. Reemplazar 2 caracteres por "\n". [D:\Perfil\Escritorio\ETC\Programacion\BAXY DEFINITIVO\tests\Baxy.Integration.Tests\Baxy.Integration.Tests.csproj]
D:\Perfil\Escritorio\ETC\Programacion\BAXY DEFINITIVO\tests\Baxy.Integration.Tests\SystemStatusHandlerTests.cs(131,93): error ENDOFLINE: Corrija el marcador de fin de línea. Reemplazar 2 caracteres por "\n". [D:\Perfil\Escritorio\ETC\Programacion\BAXY DEFINITIVO\tests\Baxy.Integration.Tests\Baxy.Integration.Tests.csproj]
D:\Perfil\Escritorio\ETC\Programacion\BAXY DEFINITIVO\tests\Baxy.Integration.Tests\SystemStatusHandlerTests.cs(132,27): error ENDOFLINE: Corrija el marcador de fin de línea. Reemplazar 2 caracteres por "\n". [D:\Perfil\Escritorio\ETC\Programacion\BAXY DEFINITIVO\tests\Baxy.Integration.Tests\Baxy.Integration.Tests.csproj]
D:\Perfil\Escritorio\ETC\Programacion\BAXY DEFINITIVO\tests\Baxy.Integration.Tests\SystemStatusHandlerTests.cs(161,1): error ENDOFLINE: Corrija el marcador de fin de línea. Reemplazar 2 caracteres por "\n". [D:\Perfil\Escritorio\ETC\Programacion\BAXY DEFINITIVO\tests\Baxy.Integration.Tests\Baxy.Integration.Tests.csproj]
D:\Perfil\Escritorio\ETC\Programacion\BAXY DEFINITIVO\tests\Baxy.Integration.Tests\SystemStatusHandlerTests.cs(162,11): error ENDOFLINE: Corrija el marcador de fin de línea. Reemplazar 2 caracteres por "\n". [D:\Perfil\Escritorio\ETC\Programacion\BAXY DEFINITIVO\tests\Baxy.Integration.Tests\Baxy.Integration.Tests.csproj]
D:\Perfil\Escritorio\ETC\Programacion\BAXY DEFINITIVO\tests\Baxy.Integration.Tests\SystemStatusHandlerTests.cs(163,75): error ENDOFLINE: Corrija el marcador de fin de línea. Reemplazar 2 caracteres por "\n". [D:\Perfil\Escritorio\ETC\Programacion\BAXY DEFINITIVO\tests\Baxy.Integration.Tests\Baxy.Integration.Tests.csproj]
D:\Perfil\Escritorio\ETC\Programacion\BAXY DEFINITIVO\tests\Baxy.Integration.Tests\SystemStatusHandlerTests.cs(164,6): error ENDOFLINE: Corrija el marcador de fin de línea. Reemplazar 2 caracteres por "\n". [D:\Perfil\Escritorio\ETC\Programacion\BAXY DEFINITIVO\tests\Baxy.Integration.Tests\Baxy.Integration.Tests.csproj]
D:\Perfil\Escritorio\ETC\Programacion\BAXY DEFINITIVO\tests\Baxy.Integration.Tests\SystemStatusHandlerTests.cs(165,81): error ENDOFLINE: Corrija el marcador de fin de línea. Reemplazar 2 caracteres por "\n". [D:\Perfil\Escritorio\ETC\Programacion\BAXY DEFINITIVO\tests\Baxy.Integration.Tests\Baxy.Integration.Tests.csproj]
D:\Perfil\Escritorio\ETC\Programacion\BAXY DEFINITIVO\tests\Baxy.Integration.Tests\SystemStatusHandlerTests.cs(166,10): error ENDOFLINE: Corrija el marcador de fin de línea. Reemplazar 2 caracteres por "\n". [D:\Perfil\Escritorio\ETC\Programacion\BAXY DEFINITIVO\tests\Baxy.Integration.Tests\Baxy.Integration.Tests.csproj]
D:\Perfil\Escritorio\ETC\Programacion\BAXY DEFINITIVO\tests\Baxy.Integration.Tests\SystemStatusHandlerTests.cs(167,41): error ENDOFLINE: Corrija el marcador de fin de línea. Reemplazar 2 caracteres por "\n". [D:\Perfil\Escritorio\ETC\Programacion\BAXY DEFINITIVO\tests\Baxy.Integration.Tests\Baxy.Integration.Tests.csproj]
D:\Perfil\Escritorio\ETC\Programacion\BAXY DEFINITIVO\tests\Baxy.Integration.Tests\SystemStatusHandlerTests.cs(168,34): error ENDOFLINE: Corrija el marcador de fin de línea. Reemplazar 2 caracteres por "\n". [D:\Perfil\Escritorio\ETC\Programacion\BAXY DEFINITIVO\tests\Baxy.Integration.Tests\Baxy.Integration.Tests.csproj]
D:\Perfil\Escritorio\ETC\Programacion\BAXY DEFINITIVO\tests\Baxy.Integration.Tests\SystemStatusHandlerTests.cs(169,37): error ENDOFLINE: Corrija el marcador de fin de línea. Reemplazar 2 caracteres por "\n". [D:\Perfil\Escritorio\ETC\Programacion\BAXY DEFINITIVO\tests\Baxy.Integration.Tests\Baxy.Integration.Tests.csproj]
D:\Perfil\Escritorio\ETC\Programacion\BAXY DEFINITIVO\tests\Baxy.Integration.Tests\SystemStatusHandlerTests.cs(170,34): error ENDOFLINE: Corrija el marcador de fin de línea. Reemplazar 2 caracteres por "\n". [D:\Perfil\Escritorio\ETC\Programacion\BAXY DEFINITIVO\tests\Baxy.Integration.Tests\Baxy.Integration.Tests.csproj]
D:\Perfil\Escritorio\ETC\Programacion\BAXY DEFINITIVO\tests\Baxy.Integration.Tests\SystemStatusHandlerTests.cs(171,35): error ENDOFLINE: Corrija el marcador de fin de línea. Reemplazar 2 caracteres por "\n". [D:\Perfil\Escritorio\ETC\Programacion\BAXY DEFINITIVO\tests\Baxy.Integration.Tests\Baxy.Integration.Tests.csproj]
D:\Perfil\Escritorio\ETC\Programacion\BAXY DEFINITIVO\tests\Baxy.Integration.Tests\SystemStatusHandlerTests.cs(172,11): error ENDOFLINE: Corrija el marcador de fin de línea. Reemplazar 2 caracteres por "\n". [D:\Perfil\Escritorio\ETC\Programacion\BAXY DEFINITIVO\tests\Baxy.Integration.Tests\Baxy.Integration.Tests.csproj]
D:\Perfil\Escritorio\ETC\Programacion\BAXY DEFINITIVO\tests\Baxy.Integration.Tests\SystemStatusHandlerTests.cs(173,59): error ENDOFLINE: Corrija el marcador de fin de línea. Reemplazar 2 caracteres por "\n". [D:\Perfil\Escritorio\ETC\Programacion\BAXY DEFINITIVO\tests\Baxy.Integration.Tests\Baxy.Integration.Tests.csproj]
D:\Perfil\Escritorio\ETC\Programacion\BAXY DEFINITIVO\tests\Baxy.Integration.Tests\SystemStatusHandlerTests.cs(174,1): error ENDOFLINE: Corrija el marcador de fin de línea. Reemplazar 2 caracteres por "\n". [D:\Perfil\Escritorio\ETC\Programacion\BAXY DEFINITIVO\tests\Baxy.Integration.Tests\Baxy.Integration.Tests.csproj]
D:\Perfil\Escritorio\ETC\Programacion\BAXY DEFINITIVO\tests\Baxy.Integration.Tests\SystemStatusHandlerTests.cs(175,63): error ENDOFLINE: Corrija el marcador de fin de línea. Reemplazar 2 caracteres por "\n". [D:\Perfil\Escritorio\ETC\Programacion\BAXY DEFINITIVO\tests\Baxy.Integration.Tests\Baxy.Integration.Tests.csproj]
D:\Perfil\Escritorio\ETC\Programacion\BAXY DEFINITIVO\tests\Baxy.Integration.Tests\SystemStatusHandlerTests.cs(176,51): error ENDOFLINE: Corrija el marcador de fin de línea. Reemplazar 2 caracteres por "\n". [D:\Perfil\Escritorio\ETC\Programacion\BAXY DEFINITIVO\tests\Baxy.Integration.Tests\Baxy.Integration.Tests.csproj]
D:\Perfil\Escritorio\ETC\Programacion\BAXY DEFINITIVO\tests\Baxy.Integration.Tests\SystemStatusHandlerTests.cs(177,37): error ENDOFLINE: Corrija el marcador de fin de línea. Reemplazar 2 caracteres por "\n". [D:\Perfil\Escritorio\ETC\Programacion\BAXY DEFINITIVO\tests\Baxy.Integration.Tests\Baxy.Integration.Tests.csproj]
D:\Perfil\Escritorio\ETC\Programacion\BAXY DEFINITIVO\tests\Baxy.Integration.Tests\SystemStatusHandlerTests.cs(178,1): error ENDOFLINE: Corrija el marcador de fin de línea. Reemplazar 2 caracteres por "\n". [D:\Perfil\Escritorio\ETC\Programacion\BAXY DEFINITIVO\tests\Baxy.Integration.Tests\Baxy.Integration.Tests.csproj]
D:\Perfil\Escritorio\ETC\Programacion\BAXY DEFINITIVO\tests\Baxy.Integration.Tests\SystemStatusHandlerTests.cs(179,30): error ENDOFLINE: Corrija el marcador de fin de línea. Reemplazar 2 caracteres por "\n". [D:\Perfil\Escritorio\ETC\Programacion\BAXY DEFINITIVO\tests\Baxy.Integration.Tests\Baxy.Integration.Tests.csproj]
D:\Perfil\Escritorio\ETC\Programacion\BAXY DEFINITIVO\tests\Baxy.Integration.Tests\SystemStatusHandlerTests.cs(180,10): error ENDOFLINE: Corrija el marcador de fin de línea. Reemplazar 2 caracteres por "\n". [D:\Perfil\Escritorio\ETC\Programacion\BAXY DEFINITIVO\tests\Baxy.Integration.Tests\Baxy.Integration.Tests.csproj]
D:\Perfil\Escritorio\ETC\Programacion\BAXY DEFINITIVO\tests\Baxy.Integration.Tests\SystemStatusHandlerTests.cs(181,53): error ENDOFLINE: Corrija el marcador de fin de línea. Reemplazar 2 caracteres por "\n". [D:\Perfil\Escritorio\ETC\Programacion\BAXY DEFINITIVO\tests\Baxy.Integration.Tests\Baxy.Integration.Tests.csproj]
D:\Perfil\Escritorio\ETC\Programacion\BAXY DEFINITIVO\tests\Baxy.Integration.Tests\SystemStatusHandlerTests.cs(182,113): error ENDOFLINE: Corrija el marcador de fin de línea. Reemplazar 2 caracteres por "\n". [D:\Perfil\Escritorio\ETC\Programacion\BAXY DEFINITIVO\tests\Baxy.Integration.Tests\Baxy.Integration.Tests.csproj]
D:\Perfil\Escritorio\ETC\Programacion\BAXY DEFINITIVO\tests\Baxy.Integration.Tests\SystemStatusHandlerTests.cs(183,92): error ENDOFLINE: Corrija el marcador de fin de línea. Reemplazar 2 caracteres por "\n". [D:\Perfil\Escritorio\ETC\Programacion\BAXY DEFINITIVO\tests\Baxy.Integration.Tests\Baxy.Integration.Tests.csproj]
D:\Perfil\Escritorio\ETC\Programacion\BAXY DEFINITIVO\tests\Baxy.Integration.Tests\SystemStatusHandlerTests.cs(184,25): error ENDOFLINE: Corrija el marcador de fin de línea. Reemplazar 2 caracteres por "\n". [D:\Perfil\Escritorio\ETC\Programacion\BAXY DEFINITIVO\tests\Baxy.Integration.Tests\Baxy.Integration.Tests.csproj]
D:\Perfil\Escritorio\ETC\Programacion\BAXY DEFINITIVO\tests\Baxy.Integration.Tests\SystemStatusHandlerTests.cs(185,95): error ENDOFLINE: Corrija el marcador de fin de línea. Reemplazar 2 caracteres por "\n". [D:\Perfil\Escritorio\ETC\Programacion\BAXY DEFINITIVO\tests\Baxy.Integration.Tests\Baxy.Integration.Tests.csproj]
D:\Perfil\Escritorio\ETC\Programacion\BAXY DEFINITIVO\tests\Baxy.Integration.Tests\SystemStatusHandlerTests.cs(186,26): error ENDOFLINE: Corrija el marcador de fin de línea. Reemplazar 2 caracteres por "\n". [D:\Perfil\Escritorio\ETC\Programacion\BAXY DEFINITIVO\tests\Baxy.Integration.Tests\Baxy.Integration.Tests.csproj]
D:\Perfil\Escritorio\ETC\Programacion\BAXY DEFINITIVO\tests\Baxy.Integration.Tests\SystemStatusHandlerTests.cs(187,12): error ENDOFLINE: Corrija el marcador de fin de línea. Reemplazar 2 caracteres por "\n". [D:\Perfil\Escritorio\ETC\Programacion\BAXY DEFINITIVO\tests\Baxy.Integration.Tests\Baxy.Integration.Tests.csproj]
D:\Perfil\Escritorio\ETC\Programacion\BAXY DEFINITIVO\tests\Baxy.Integration.Tests\SystemStatusHandlerTests.cs(188,6): error ENDOFLINE: Corrija el marcador de fin de línea. Reemplazar 2 caracteres por "\n". [D:\Perfil\Escritorio\ETC\Programacion\BAXY DEFINITIVO\tests\Baxy.Integration.Tests\Baxy.Integration.Tests.csproj]
D:\Perfil\Escritorio\ETC\Programacion\BAXY DEFINITIVO\tests\Baxy.Integration.Tests\SystemStatusHandlerTests.cs(189,1): error ENDOFLINE: Corrija el marcador de fin de línea. Reemplazar 2 caracteres por "\n". [D:\Perfil\Escritorio\ETC\Programacion\BAXY DEFINITIVO\tests\Baxy.Integration.Tests\Baxy.Integration.Tests.csproj]
D:\Perfil\Escritorio\ETC\Programacion\BAXY DEFINITIVO\tests\Baxy.Integration.Tests\SystemStatusHandlerTests.cs(190,11): error ENDOFLINE: Corrija el marcador de fin de línea. Reemplazar 2 caracteres por "\n". [D:\Perfil\Escritorio\ETC\Programacion\BAXY DEFINITIVO\tests\Baxy.Integration.Tests\Baxy.Integration.Tests.csproj]
D:\Perfil\Escritorio\ETC\Programacion\BAXY DEFINITIVO\tests\Baxy.Integration.Tests\SystemStatusHandlerTests.cs(191,79): error ENDOFLINE: Corrija el marcador de fin de línea. Reemplazar 2 caracteres por "\n". [D:\Perfil\Escritorio\ETC\Programacion\BAXY DEFINITIVO\tests\Baxy.Integration.Tests\Baxy.Integration.Tests.csproj]
D:\Perfil\Escritorio\ETC\Programacion\BAXY DEFINITIVO\tests\Baxy.Integration.Tests\SystemStatusHandlerTests.cs(192,6): error ENDOFLINE: Corrija el marcador de fin de línea. Reemplazar 2 caracteres por "\n". [D:\Perfil\Escritorio\ETC\Programacion\BAXY DEFINITIVO\tests\Baxy.Integration.Tests\Baxy.Integration.Tests.csproj]
D:\Perfil\Escritorio\ETC\Programacion\BAXY DEFINITIVO\tests\Baxy.Integration.Tests\SystemStatusHandlerTests.cs(193,81): error ENDOFLINE: Corrija el marcador de fin de línea. Reemplazar 2 caracteres por "\n". [D:\Perfil\Escritorio\ETC\Programacion\BAXY DEFINITIVO\tests\Baxy.Integration.Tests\Baxy.Integration.Tests.csproj]
D:\Perfil\Escritorio\ETC\Programacion\BAXY DEFINITIVO\tests\Baxy.Integration.Tests\SystemStatusHandlerTests.cs(194,10): error ENDOFLINE: Corrija el marcador de fin de línea. Reemplazar 2 caracteres por "\n". [D:\Perfil\Escritorio\ETC\Programacion\BAXY DEFINITIVO\tests\Baxy.Integration.Tests\Baxy.Integration.Tests.csproj]
D:\Perfil\Escritorio\ETC\Programacion\BAXY DEFINITIVO\tests\Baxy.Integration.Tests\SystemStatusHandlerTests.cs(195,41): error ENDOFLINE: Corrija el marcador de fin de línea. Reemplazar 2 caracteres por "\n". [D:\Perfil\Escritorio\ETC\Programacion\BAXY DEFINITIVO\tests\Baxy.Integration.Tests\Baxy.Integration.Tests.csproj]
D:\Perfil\Escritorio\ETC\Programacion\BAXY DEFINITIVO\tests\Baxy.Integration.Tests\SystemStatusHandlerTests.cs(196,33): error ENDOFLINE: Corrija el marcador de fin de línea. Reemplazar 2 caracteres por "\n". [D:\Perfil\Escritorio\ETC\Programacion\BAXY DEFINITIVO\tests\Baxy.Integration.Tests\Baxy.Integration.Tests.csproj]
D:\Perfil\Escritorio\ETC\Programacion\BAXY DEFINITIVO\tests\Baxy.Integration.Tests\SystemStatusHandlerTests.cs(197,37): error ENDOFLINE: Corrija el marcador de fin de línea. Reemplazar 2 caracteres por "\n". [D:\Perfil\Escritorio\ETC\Programacion\BAXY DEFINITIVO\tests\Baxy.Integration.Tests\Baxy.Integration.Tests.csproj]
D:\Perfil\Escritorio\ETC\Programacion\BAXY DEFINITIVO\tests\Baxy.Integration.Tests\SystemStatusHandlerTests.cs(198,34): error ENDOFLINE: Corrija el marcador de fin de línea. Reemplazar 2 caracteres por "\n". [D:\Perfil\Escritorio\ETC\Programacion\BAXY DEFINITIVO\tests\Baxy.Integration.Tests\Baxy.Integration.Tests.csproj]
D:\Perfil\Escritorio\ETC\Programacion\BAXY DEFINITIVO\tests\Baxy.Integration.Tests\SystemStatusHandlerTests.cs(199,35): error ENDOFLINE: Corrija el marcador de fin de línea. Reemplazar 2 caracteres por "\n". [D:\Perfil\Escritorio\ETC\Programacion\BAXY DEFINITIVO\tests\Baxy.Integration.Tests\Baxy.Integration.Tests.csproj]
D:\Perfil\Escritorio\ETC\Programacion\BAXY DEFINITIVO\tests\Baxy.Integration.Tests\SystemStatusHandlerTests.cs(200,11): error ENDOFLINE: Corrija el marcador de fin de línea. Reemplazar 2 caracteres por "\n". [D:\Perfil\Escritorio\ETC\Programacion\BAXY DEFINITIVO\tests\Baxy.Integration.Tests\Baxy.Integration.Tests.csproj]
D:\Perfil\Escritorio\ETC\Programacion\BAXY DEFINITIVO\tests\Baxy.Integration.Tests\SystemStatusHandlerTests.cs(201,59): error ENDOFLINE: Corrija el marcador de fin de línea. Reemplazar 2 caracteres por "\n". [D:\Perfil\Escritorio\ETC\Programacion\BAXY DEFINITIVO\tests\Baxy.Integration.Tests\Baxy.Integration.Tests.csproj]
D:\Perfil\Escritorio\ETC\Programacion\BAXY DEFINITIVO\tests\Baxy.Integration.Tests\SystemStatusHandlerTests.cs(202,1): error ENDOFLINE: Corrija el marcador de fin de línea. Reemplazar 2 caracteres por "\n". [D:\Perfil\Escritorio\ETC\Programacion\BAXY DEFINITIVO\tests\Baxy.Integration.Tests\Baxy.Integration.Tests.csproj]
D:\Perfil\Escritorio\ETC\Programacion\BAXY DEFINITIVO\tests\Baxy.Integration.Tests\SystemStatusHandlerTests.cs(203,63): error ENDOFLINE: Corrija el marcador de fin de línea. Reemplazar 2 caracteres por "\n". [D:\Perfil\Escritorio\ETC\Programacion\BAXY DEFINITIVO\tests\Baxy.Integration.Tests\Baxy.Integration.Tests.csproj]
D:\Perfil\Escritorio\ETC\Programacion\BAXY DEFINITIVO\tests\Baxy.Integration.Tests\SystemStatusHandlerTests.cs(204,51): error ENDOFLINE: Corrija el marcador de fin de línea. Reemplazar 2 caracteres por "\n". [D:\Perfil\Escritorio\ETC\Programacion\BAXY DEFINITIVO\tests\Baxy.Integration.Tests\Baxy.Integration.Tests.csproj]
D:\Perfil\Escritorio\ETC\Programacion\BAXY DEFINITIVO\tests\Baxy.Integration.Tests\SystemStatusHandlerTests.cs(205,37): error ENDOFLINE: Corrija el marcador de fin de línea. Reemplazar 2 caracteres por "\n". [D:\Perfil\Escritorio\ETC\Programacion\BAXY DEFINITIVO\tests\Baxy.Integration.Tests\Baxy.Integration.Tests.csproj]
D:\Perfil\Escritorio\ETC\Programacion\BAXY DEFINITIVO\tests\Baxy.Integration.Tests\SystemStatusHandlerTests.cs(206,1): error ENDOFLINE: Corrija el marcador de fin de línea. Reemplazar 2 caracteres por "\n". [D:\Perfil\Escritorio\ETC\Programacion\BAXY DEFINITIVO\tests\Baxy.Integration.Tests\Baxy.Integration.Tests.csproj]
D:\Perfil\Escritorio\ETC\Programacion\BAXY DEFINITIVO\tests\Baxy.Integration.Tests\SystemStatusHandlerTests.cs(207,30): error ENDOFLINE: Corrija el marcador de fin de línea. Reemplazar 2 caracteres por "\n". [D:\Perfil\Escritorio\ETC\Programacion\BAXY DEFINITIVO\tests\Baxy.Integration.Tests\Baxy.Integration.Tests.csproj]
D:\Perfil\Escritorio\ETC\Programacion\BAXY DEFINITIVO\tests\Baxy.Integration.Tests\SystemStatusHandlerTests.cs(208,10): error ENDOFLINE: Corrija el marcador de fin de línea. Reemplazar 2 caracteres por "\n". [D:\Perfil\Escritorio\ETC\Programacion\BAXY DEFINITIVO\tests\Baxy.Integration.Tests\Baxy.Integration.Tests.csproj]
D:\Perfil\Escritorio\ETC\Programacion\BAXY DEFINITIVO\tests\Baxy.Integration.Tests\SystemStatusHandlerTests.cs(209,53): error ENDOFLINE: Corrija el marcador de fin de línea. Reemplazar 2 caracteres por "\n". [D:\Perfil\Escritorio\ETC\Programacion\BAXY DEFINITIVO\tests\Baxy.Integration.Tests\Baxy.Integration.Tests.csproj]
D:\Perfil\Escritorio\ETC\Programacion\BAXY DEFINITIVO\tests\Baxy.Integration.Tests\SystemStatusHandlerTests.cs(210,25): error ENDOFLINE: Corrija el marcador de fin de línea. Reemplazar 2 caracteres por "\n". [D:\Perfil\Escritorio\ETC\Programacion\BAXY DEFINITIVO\tests\Baxy.Integration.Tests\Baxy.Integration.Tests.csproj]
D:\Perfil\Escritorio\ETC\Programacion\BAXY DEFINITIVO\tests\Baxy.Integration.Tests\SystemStatusHandlerTests.cs(211,108): error ENDOFLINE: Corrija el marcador de fin de línea. Reemplazar 2 caracteres por "\n". [D:\Perfil\Escritorio\ETC\Programacion\BAXY DEFINITIVO\tests\Baxy.Integration.Tests\Baxy.Integration.Tests.csproj]
D:\Perfil\Escritorio\ETC\Programacion\BAXY DEFINITIVO\tests\Baxy.Integration.Tests\SystemStatusHandlerTests.cs(212,32): error ENDOFLINE: Corrija el marcador de fin de línea. Reemplazar 2 caracteres por "\n". [D:\Perfil\Escritorio\ETC\Programacion\BAXY DEFINITIVO\tests\Baxy.Integration.Tests\Baxy.Integration.Tests.csproj]
D:\Perfil\Escritorio\ETC\Programacion\BAXY DEFINITIVO\tests\Baxy.Integration.Tests\SystemStatusHandlerTests.cs(213,60): error ENDOFLINE: Corrija el marcador de fin de línea. Reemplazar 2 caracteres por "\n". [D:\Perfil\Escritorio\ETC\Programacion\BAXY DEFINITIVO\tests\Baxy.Integration.Tests\Baxy.Integration.Tests.csproj]
D:\Perfil\Escritorio\ETC\Programacion\BAXY DEFINITIVO\tests\Baxy.Integration.Tests\SystemStatusHandlerTests.cs(214,26): error ENDOFLINE: Corrija el marcador de fin de línea. Reemplazar 2 caracteres por "\n". [D:\Perfil\Escritorio\ETC\Programacion\BAXY DEFINITIVO\tests\Baxy.Integration.Tests\Baxy.Integration.Tests.csproj]
D:\Perfil\Escritorio\ETC\Programacion\BAXY DEFINITIVO\tests\Baxy.Integration.Tests\SystemStatusHandlerTests.cs(215,96): error ENDOFLINE: Corrija el marcador de fin de línea. Reemplazar 2 caracteres por "\n". [D:\Perfil\Escritorio\ETC\Programacion\BAXY DEFINITIVO\tests\Baxy.Integration.Tests\Baxy.Integration.Tests.csproj]
D:\Perfil\Escritorio\ETC\Programacion\BAXY DEFINITIVO\tests\Baxy.Integration.Tests\SystemStatusHandlerTests.cs(216,12): error ENDOFLINE: Corrija el marcador de fin de línea. Reemplazar 2 caracteres por "\n". [D:\Perfil\Escritorio\ETC\Programacion\BAXY DEFINITIVO\tests\Baxy.Integration.Tests\Baxy.Integration.Tests.csproj]
D:\Perfil\Escritorio\ETC\Programacion\BAXY DEFINITIVO\tests\Baxy.Integration.Tests\SystemStatusHandlerTests.cs(217,6): error ENDOFLINE: Corrija el marcador de fin de línea. Reemplazar 2 caracteres por "\n". [D:\Perfil\Escritorio\ETC\Programacion\BAXY DEFINITIVO\tests\Baxy.Integration.Tests\Baxy.Integration.Tests.csproj]
D:\Perfil\Escritorio\ETC\Programacion\BAXY DEFINITIVO\tests\Baxy.Integration.Tests\SystemStatusHandlerTests.cs(218,1): error ENDOFLINE: Corrija el marcador de fin de línea. Reemplazar 2 caracteres por "\n". [D:\Perfil\Escritorio\ETC\Programacion\BAXY DEFINITIVO\tests\Baxy.Integration.Tests\Baxy.Integration.Tests.csproj]
D:\Perfil\Escritorio\ETC\Programacion\BAXY DEFINITIVO\tests\Baxy.Integration.Tests\SystemStatusHandlerTests.cs(219,11): error ENDOFLINE: Corrija el marcador de fin de línea. Reemplazar 2 caracteres por "\n". [D:\Perfil\Escritorio\ETC\Programacion\BAXY DEFINITIVO\tests\Baxy.Integration.Tests\Baxy.Integration.Tests.csproj]
D:\Perfil\Escritorio\ETC\Programacion\BAXY DEFINITIVO\tests\Baxy.Integration.Tests\SystemStatusHandlerTests.cs(220,80): error ENDOFLINE: Corrija el marcador de fin de línea. Reemplazar 2 caracteres por "\n". [D:\Perfil\Escritorio\ETC\Programacion\BAXY DEFINITIVO\tests\Baxy.Integration.Tests\Baxy.Integration.Tests.csproj]
D:\Perfil\Escritorio\ETC\Programacion\BAXY DEFINITIVO\tests\Baxy.Integration.Tests\SystemStatusHandlerTests.cs(221,6): error ENDOFLINE: Corrija el marcador de fin de línea. Reemplazar 2 caracteres por "\n". [D:\Perfil\Escritorio\ETC\Programacion\BAXY DEFINITIVO\tests\Baxy.Integration.Tests\Baxy.Integration.Tests.csproj]
D:\Perfil\Escritorio\ETC\Programacion\BAXY DEFINITIVO\tests\Baxy.Integration.Tests\SystemStatusHandlerTests.cs(222,77): error ENDOFLINE: Corrija el marcador de fin de línea. Reemplazar 2 caracteres por "\n". [D:\Perfil\Escritorio\ETC\Programacion\BAXY DEFINITIVO\tests\Baxy.Integration.Tests\Baxy.Integration.Tests.csproj]
D:\Perfil\Escritorio\ETC\Programacion\BAXY DEFINITIVO\tests\Baxy.Integration.Tests\SystemStatusHandlerTests.cs(223,10): error ENDOFLINE: Corrija el marcador de fin de línea. Reemplazar 2 caracteres por "\n". [D:\Perfil\Escritorio\ETC\Programacion\BAXY DEFINITIVO\tests\Baxy.Integration.Tests\Baxy.Integration.Tests.csproj]
D:\Perfil\Escritorio\ETC\Programacion\BAXY DEFINITIVO\tests\Baxy.Integration.Tests\SystemStatusHandlerTests.cs(224,28): error ENDOFLINE: Corrija el marcador de fin de línea. Reemplazar 2 caracteres por "\n". [D:\Perfil\Escritorio\ETC\Programacion\BAXY DEFINITIVO\tests\Baxy.Integration.Tests\Baxy.Integration.Tests.csproj]
D:\Perfil\Escritorio\ETC\Programacion\BAXY DEFINITIVO\tests\Baxy.Integration.Tests\SystemStatusHandlerTests.cs(225,23): error ENDOFLINE: Corrija el marcador de fin de línea. Reemplazar 2 caracteres por "\n". [D:\Perfil\Escritorio\ETC\Programacion\BAXY DEFINITIVO\tests\Baxy.Integration.Tests\Baxy.Integration.Tests.csproj]
D:\Perfil\Escritorio\ETC\Programacion\BAXY DEFINITIVO\tests\Baxy.Integration.Tests\SystemStatusHandlerTests.cs(226,14): error ENDOFLINE: Corrija el marcador de fin de línea. Reemplazar 2 caracteres por "\n". [D:\Perfil\Escritorio\ETC\Programacion\BAXY DEFINITIVO\tests\Baxy.Integration.Tests\Baxy.Integration.Tests.csproj]
D:\Perfil\Escritorio\ETC\Programacion\BAXY DEFINITIVO\tests\Baxy.Integration.Tests\SystemStatusHandlerTests.cs(227,41): error ENDOFLINE: Corrija el marcador de fin de línea. Reemplazar 2 caracteres por "\n". [D:\Perfil\Escritorio\ETC\Programacion\BAXY DEFINITIVO\tests\Baxy.Integration.Tests\Baxy.Integration.Tests.csproj]
D:\Perfil\Escritorio\ETC\Programacion\BAXY DEFINITIVO\tests\Baxy.Integration.Tests\SystemStatusHandlerTests.cs(228,47): error ENDOFLINE: Corrija el marcador de fin de línea. Reemplazar 2 caracteres por "\n". [D:\Perfil\Escritorio\ETC\Programacion\BAXY DEFINITIVO\tests\Baxy.Integration.Tests\Baxy.Integration.Tests.csproj]
D:\Perfil\Escritorio\ETC\Programacion\BAXY DEFINITIVO\tests\Baxy.Integration.Tests\SystemStatusHandlerTests.cs(229,57): error ENDOFLINE: Corrija el marcador de fin de línea. Reemplazar 2 caracteres por "\n". [D:\Perfil\Escritorio\ETC\Programacion\BAXY DEFINITIVO\tests\Baxy.Integration.Tests\Baxy.Integration.Tests.csproj]
D:\Perfil\Escritorio\ETC\Programacion\BAXY DEFINITIVO\tests\Baxy.Integration.Tests\SystemStatusHandlerTests.cs(230,15): error ENDOFLINE: Corrija el marcador de fin de línea. Reemplazar 2 caracteres por "\n". [D:\Perfil\Escritorio\ETC\Programacion\BAXY DEFINITIVO\tests\Baxy.Integration.Tests\Baxy.Integration.Tests.csproj]
D:\Perfil\Escritorio\ETC\Programacion\BAXY DEFINITIVO\tests\Baxy.Integration.Tests\SystemStatusHandlerTests.cs(231,11): error ENDOFLINE: Corrija el marcador de fin de línea. Reemplazar 2 caracteres por "\n". [D:\Perfil\Escritorio\ETC\Programacion\BAXY DEFINITIVO\tests\Baxy.Integration.Tests\Baxy.Integration.Tests.csproj]
D:\Perfil\Escritorio\ETC\Programacion\BAXY DEFINITIVO\tests\Baxy.Integration.Tests\SystemStatusHandlerTests.cs(232,59): error ENDOFLINE: Corrija el marcador de fin de línea. Reemplazar 2 caracteres por "\n". [D:\Perfil\Escritorio\ETC\Programacion\BAXY DEFINITIVO\tests\Baxy.Integration.Tests\Baxy.Integration.Tests.csproj]
D:\Perfil\Escritorio\ETC\Programacion\BAXY DEFINITIVO\tests\Baxy.Integration.Tests\SystemStatusHandlerTests.cs(233,1): error ENDOFLINE: Corrija el marcador de fin de línea. Reemplazar 2 caracteres por "\n". [D:\Perfil\Escritorio\ETC\Programacion\BAXY DEFINITIVO\tests\Baxy.Integration.Tests\Baxy.Integration.Tests.csproj]
D:\Perfil\Escritorio\ETC\Programacion\BAXY DEFINITIVO\tests\Baxy.Integration.Tests\SystemStatusHandlerTests.cs(234,63): error ENDOFLINE: Corrija el marcador de fin de línea. Reemplazar 2 caracteres por "\n". [D:\Perfil\Escritorio\ETC\Programacion\BAXY DEFINITIVO\tests\Baxy.Integration.Tests\Baxy.Integration.Tests.csproj]
D:\Perfil\Escritorio\ETC\Programacion\BAXY DEFINITIVO\tests\Baxy.Integration.Tests\SystemStatusHandlerTests.cs(235,51): error ENDOFLINE: Corrija el marcador de fin de línea. Reemplazar 2 caracteres por "\n". [D:\Perfil\Escritorio\ETC\Programacion\BAXY DEFINITIVO\tests\Baxy.Integration.Tests\Baxy.Integration.Tests.csproj]
D:\Perfil\Escritorio\ETC\Programacion\BAXY DEFINITIVO\tests\Baxy.Integration.Tests\SystemStatusHandlerTests.cs(236,37): error ENDOFLINE: Corrija el marcador de fin de línea. Reemplazar 2 caracteres por "\n". [D:\Perfil\Escritorio\ETC\Programacion\BAXY DEFINITIVO\tests\Baxy.Integration.Tests\Baxy.Integration.Tests.csproj]
D:\Perfil\Escritorio\ETC\Programacion\BAXY DEFINITIVO\tests\Baxy.Integration.Tests\SystemStatusHandlerTests.cs(237,52): error ENDOFLINE: Corrija el marcador de fin de línea. Reemplazar 2 caracteres por "\n". [D:\Perfil\Escritorio\ETC\Programacion\BAXY DEFINITIVO\tests\Baxy.Integration.Tests\Baxy.Integration.Tests.csproj]
D:\Perfil\Escritorio\ETC\Programacion\BAXY DEFINITIVO\tests\Baxy.Integration.Tests\SystemStatusHandlerTests.cs(238,65): error ENDOFLINE: Corrija el marcador de fin de línea. Reemplazar 2 caracteres por "\n". [D:\Perfil\Escritorio\ETC\Programacion\BAXY DEFINITIVO\tests\Baxy.Integration.Tests\Baxy.Integration.Tests.csproj]
D:\Perfil\Escritorio\ETC\Programacion\BAXY DEFINITIVO\tests\Baxy.Integration.Tests\SystemStatusHandlerTests.cs(239,1): error ENDOFLINE: Corrija el marcador de fin de línea. Reemplazar 2 caracteres por "\n". [D:\Perfil\Escritorio\ETC\Programacion\BAXY DEFINITIVO\tests\Baxy.Integration.Tests\Baxy.Integration.Tests.csproj]
D:\Perfil\Escritorio\ETC\Programacion\BAXY DEFINITIVO\tests\Baxy.Integration.Tests\SystemStatusHandlerTests.cs(240,30): error ENDOFLINE: Corrija el marcador de fin de línea. Reemplazar 2 caracteres por "\n". [D:\Perfil\Escritorio\ETC\Programacion\BAXY DEFINITIVO\tests\Baxy.Integration.Tests\Baxy.Integration.Tests.csproj]
D:\Perfil\Escritorio\ETC\Programacion\BAXY DEFINITIVO\tests\Baxy.Integration.Tests\SystemStatusHandlerTests.cs(241,10): error ENDOFLINE: Corrija el marcador de fin de línea. Reemplazar 2 caracteres por "\n". [D:\Perfil\Escritorio\ETC\Programacion\BAXY DEFINITIVO\tests\Baxy.Integration.Tests\Baxy.Integration.Tests.csproj]
D:\Perfil\Escritorio\ETC\Programacion\BAXY DEFINITIVO\tests\Baxy.Integration.Tests\SystemStatusHandlerTests.cs(242,53): error ENDOFLINE: Corrija el marcador de fin de línea. Reemplazar 2 caracteres por "\n". [D:\Perfil\Escritorio\ETC\Programacion\BAXY DEFINITIVO\tests\Baxy.Integration.Tests\Baxy.Integration.Tests.csproj]
D:\Perfil\Escritorio\ETC\Programacion\BAXY DEFINITIVO\tests\Baxy.Integration.Tests\SystemStatusHandlerTests.cs(243,98): error ENDOFLINE: Corrija el marcador de fin de línea. Reemplazar 2 caracteres por "\n". [D:\Perfil\Escritorio\ETC\Programacion\BAXY DEFINITIVO\tests\Baxy.Integration.Tests\Baxy.Integration.Tests.csproj]
D:\Perfil\Escritorio\ETC\Programacion\BAXY DEFINITIVO\tests\Baxy.Integration.Tests\SystemStatusHandlerTests.cs(244,90): error ENDOFLINE: Corrija el marcador de fin de línea. Reemplazar 2 caracteres por "\n". [D:\Perfil\Escritorio\ETC\Programacion\BAXY DEFINITIVO\tests\Baxy.Integration.Tests\Baxy.Integration.Tests.csproj]
D:\Perfil\Escritorio\ETC\Programacion\BAXY DEFINITIVO\tests\Baxy.Integration.Tests\SystemStatusHandlerTests.cs(245,98): error ENDOFLINE: Corrija el marcador de fin de línea. Reemplazar 2 caracteres por "\n". [D:\Perfil\Escritorio\ETC\Programacion\BAXY DEFINITIVO\tests\Baxy.Integration.Tests\Baxy.Integration.Tests.csproj]
D:\Perfil\Escritorio\ETC\Programacion\BAXY DEFINITIVO\tests\Baxy.Integration.Tests\SystemStatusHandlerTests.cs(246,96): error ENDOFLINE: Corrija el marcador de fin de línea. Reemplazar 2 caracteres por "\n". [D:\Perfil\Escritorio\ETC\Programacion\BAXY DEFINITIVO\tests\Baxy.Integration.Tests\Baxy.Integration.Tests.csproj]
D:\Perfil\Escritorio\ETC\Programacion\BAXY DEFINITIVO\tests\Baxy.Integration.Tests\SystemStatusHandlerTests.cs(247,12): error ENDOFLINE: Corrija el marcador de fin de línea. Reemplazar 2 caracteres por "\n". [D:\Perfil\Escritorio\ETC\Programacion\BAXY DEFINITIVO\tests\Baxy.Integration.Tests\Baxy.Integration.Tests.csproj]
D:\Perfil\Escritorio\ETC\Programacion\BAXY DEFINITIVO\tests\Baxy.Integration.Tests\SystemStatusHandlerTests.cs(248,6): error ENDOFLINE: Corrija el marcador de fin de línea. Reemplazar 2 caracteres por "\n". [D:\Perfil\Escritorio\ETC\Programacion\BAXY DEFINITIVO\tests\Baxy.Integration.Tests\Baxy.Integration.Tests.csproj]
D:\Perfil\Escritorio\ETC\Programacion\BAXY DEFINITIVO\tests\Baxy.Integration.Tests\SystemStatusHandlerTests.cs(249,1): error ENDOFLINE: Corrija el marcador de fin de línea. Reemplazar 2 caracteres por "\n". [D:\Perfil\Escritorio\ETC\Programacion\BAXY DEFINITIVO\tests\Baxy.Integration.Tests\Baxy.Integration.Tests.csproj]
D:\Perfil\Escritorio\ETC\Programacion\BAXY DEFINITIVO\tests\Baxy.Integration.Tests\SystemStatusHandlerTests.cs(250,11): error ENDOFLINE: Corrija el marcador de fin de línea. Reemplazar 2 caracteres por "\n". [D:\Perfil\Escritorio\ETC\Programacion\BAXY DEFINITIVO\tests\Baxy.Integration.Tests\Baxy.Integration.Tests.csproj]
D:\Perfil\Escritorio\ETC\Programacion\BAXY DEFINITIVO\tests\Baxy.Integration.Tests\SystemStatusHandlerTests.cs(251,83): error ENDOFLINE: Corrija el marcador de fin de línea. Reemplazar 2 caracteres por "\n". [D:\Perfil\Escritorio\ETC\Programacion\BAXY DEFINITIVO\tests\Baxy.Integration.Tests\Baxy.Integration.Tests.csproj]
D:\Perfil\Escritorio\ETC\Programacion\BAXY DEFINITIVO\tests\Baxy.Integration.Tests\SystemStatusHandlerTests.cs(252,6): error ENDOFLINE: Corrija el marcador de fin de línea. Reemplazar 2 caracteres por "\n". [D:\Perfil\Escritorio\ETC\Programacion\BAXY DEFINITIVO\tests\Baxy.Integration.Tests\Baxy.Integration.Tests.csproj]
D:\Perfil\Escritorio\ETC\Programacion\BAXY DEFINITIVO\tests\Baxy.Integration.Tests\SystemStatusHandlerTests.cs(253,53): error ENDOFLINE: Corrija el marcador de fin de línea. Reemplazar 2 caracteres por "\n". [D:\Perfil\Escritorio\ETC\Programacion\BAXY DEFINITIVO\tests\Baxy.Integration.Tests\Baxy.Integration.Tests.csproj]
D:\Perfil\Escritorio\ETC\Programacion\BAXY DEFINITIVO\tests\Baxy.Integration.Tests\SystemStatusHandlerTests.cs(254,39): error ENDOFLINE: Corrija el marcador de fin de línea. Reemplazar 2 caracteres por "\n". [D:\Perfil\Escritorio\ETC\Programacion\BAXY DEFINITIVO\tests\Baxy.Integration.Tests\Baxy.Integration.Tests.csproj]
D:\Perfil\Escritorio\ETC\Programacion\BAXY DEFINITIVO\tests\Baxy.Integration.Tests\SystemStatusHandlerTests.cs(255,50): error ENDOFLINE: Corrija el marcador de fin de línea. Reemplazar 2 caracteres por "\n". [D:\Perfil\Escritorio\ETC\Programacion\BAXY DEFINITIVO\tests\Baxy.Integration.Tests\Baxy.Integration.Tests.csproj]
D:\Perfil\Escritorio\ETC\Programacion\BAXY DEFINITIVO\tests\Baxy.Integration.Tests\SystemStatusHandlerTests.cs(256,41): error ENDOFLINE: Corrija el marcador de fin de línea. Reemplazar 2 caracteres por "\n". [D:\Perfil\Escritorio\ETC\Programacion\BAXY DEFINITIVO\tests\Baxy.Integration.Tests\Baxy.Integration.Tests.csproj]
D:\Perfil\Escritorio\ETC\Programacion\BAXY DEFINITIVO\tests\Baxy.Integration.Tests\SystemStatusHandlerTests.cs(257,1): error ENDOFLINE: Corrija el marcador de fin de línea. Reemplazar 2 caracteres por "\n". [D:\Perfil\Escritorio\ETC\Programacion\BAXY DEFINITIVO\tests\Baxy.Integration.Tests\Baxy.Integration.Tests.csproj]
D:\Perfil\Escritorio\ETC\Programacion\BAXY DEFINITIVO\tests\Baxy.Integration.Tests\SystemStatusHandlerTests.cs(258,63): error ENDOFLINE: Corrija el marcador de fin de línea. Reemplazar 2 caracteres por "\n". [D:\Perfil\Escritorio\ETC\Programacion\BAXY DEFINITIVO\tests\Baxy.Integration.Tests\Baxy.Integration.Tests.csproj]
D:\Perfil\Escritorio\ETC\Programacion\BAXY DEFINITIVO\tests\Baxy.Integration.Tests\SystemStatusHandlerTests.cs(259,51): error ENDOFLINE: Corrija el marcador de fin de línea. Reemplazar 2 caracteres por "\n". [D:\Perfil\Escritorio\ETC\Programacion\BAXY DEFINITIVO\tests\Baxy.Integration.Tests\Baxy.Integration.Tests.csproj]
D:\Perfil\Escritorio\ETC\Programacion\BAXY DEFINITIVO\tests\Baxy.Integration.Tests\SystemStatusHandlerTests.cs(260,37): error ENDOFLINE: Corrija el marcador de fin de línea. Reemplazar 2 caracteres por "\n". [D:\Perfil\Escritorio\ETC\Programacion\BAXY DEFINITIVO\tests\Baxy.Integration.Tests\Baxy.Integration.Tests.csproj]
D:\Perfil\Escritorio\ETC\Programacion\BAXY DEFINITIVO\tests\Baxy.Integration.Tests\SystemStatusHandlerTests.cs(261,1): error ENDOFLINE: Corrija el marcador de fin de línea. Reemplazar 2 caracteres por "\n". [D:\Perfil\Escritorio\ETC\Programacion\BAXY DEFINITIVO\tests\Baxy.Integration.Tests\Baxy.Integration.Tests.csproj]
D:\Perfil\Escritorio\ETC\Programacion\BAXY DEFINITIVO\tests\Baxy.Integration.Tests\SystemStatusHandlerTests.cs(262,30): error ENDOFLINE: Corrija el marcador de fin de línea. Reemplazar 2 caracteres por "\n". [D:\Perfil\Escritorio\ETC\Programacion\BAXY DEFINITIVO\tests\Baxy.Integration.Tests\Baxy.Integration.Tests.csproj]
D:\Perfil\Escritorio\ETC\Programacion\BAXY DEFINITIVO\tests\Baxy.Integration.Tests\SystemStatusHandlerTests.cs(263,10): error ENDOFLINE: Corrija el marcador de fin de línea. Reemplazar 2 caracteres por "\n". [D:\Perfil\Escritorio\ETC\Programacion\BAXY DEFINITIVO\tests\Baxy.Integration.Tests\Baxy.Integration.Tests.csproj]
D:\Perfil\Escritorio\ETC\Programacion\BAXY DEFINITIVO\tests\Baxy.Integration.Tests\SystemStatusHandlerTests.cs(264,54): error ENDOFLINE: Corrija el marcador de fin de línea. Reemplazar 2 caracteres por "\n". [D:\Perfil\Escritorio\ETC\Programacion\BAXY DEFINITIVO\tests\Baxy.Integration.Tests\Baxy.Integration.Tests.csproj]
D:\Perfil\Escritorio\ETC\Programacion\BAXY DEFINITIVO\tests\Baxy.Integration.Tests\SystemStatusHandlerTests.cs(265,53): error ENDOFLINE: Corrija el marcador de fin de línea. Reemplazar 2 caracteres por "\n". [D:\Perfil\Escritorio\ETC\Programacion\BAXY DEFINITIVO\tests\Baxy.Integration.Tests\Baxy.Integration.Tests.csproj]
D:\Perfil\Escritorio\ETC\Programacion\BAXY DEFINITIVO\tests\Baxy.Integration.Tests\SystemStatusHandlerTests.cs(266,85): error ENDOFLINE: Corrija el marcador de fin de línea. Reemplazar 2 caracteres por "\n". [D:\Perfil\Escritorio\ETC\Programacion\BAXY DEFINITIVO\tests\Baxy.Integration.Tests\Baxy.Integration.Tests.csproj]
D:\Perfil\Escritorio\ETC\Programacion\BAXY DEFINITIVO\tests\Baxy.Integration.Tests\SystemStatusHandlerTests.cs(267,98): error ENDOFLINE: Corrija el marcador de fin de línea. Reemplazar 2 caracteres por "\n". [D:\Perfil\Escritorio\ETC\Programacion\BAXY DEFINITIVO\tests\Baxy.Integration.Tests\Baxy.Integration.Tests.csproj]
D:\Perfil\Escritorio\ETC\Programacion\BAXY DEFINITIVO\tests\Baxy.Integration.Tests\SystemStatusHandlerTests.cs(268,105): error ENDOFLINE: Corrija el marcador de fin de línea. Reemplazar 2 caracteres por "\n". [D:\Perfil\Escritorio\ETC\Programacion\BAXY DEFINITIVO\tests\Baxy.Integration.Tests\Baxy.Integration.Tests.csproj]
D:\Perfil\Escritorio\ETC\Programacion\BAXY DEFINITIVO\tests\Baxy.Integration.Tests\SystemStatusHandlerTests.cs(269,44): error ENDOFLINE: Corrija el marcador de fin de línea. Reemplazar 2 caracteres por "\n". [D:\Perfil\Escritorio\ETC\Programacion\BAXY DEFINITIVO\tests\Baxy.Integration.Tests\Baxy.Integration.Tests.csproj]
D:\Perfil\Escritorio\ETC\Programacion\BAXY DEFINITIVO\tests\Baxy.Integration.Tests\SystemStatusHandlerTests.cs(270,96): error ENDOFLINE: Corrija el marcador de fin de línea. Reemplazar 2 caracteres por "\n". [D:\Perfil\Escritorio\ETC\Programacion\BAXY DEFINITIVO\tests\Baxy.Integration.Tests\Baxy.Integration.Tests.csproj]
D:\Perfil\Escritorio\ETC\Programacion\BAXY DEFINITIVO\tests\Baxy.Integration.Tests\SystemStatusHandlerTests.cs(271,72): error ENDOFLINE: Corrija el marcador de fin de línea. Reemplazar 2 caracteres por "\n". [D:\Perfil\Escritorio\ETC\Programacion\BAXY DEFINITIVO\tests\Baxy.Integration.Tests\Baxy.Integration.Tests.csproj]
D:\Perfil\Escritorio\ETC\Programacion\BAXY DEFINITIVO\tests\Baxy.Integration.Tests\SystemStatusHandlerTests.cs(272,12): error ENDOFLINE: Corrija el marcador de fin de línea. Reemplazar 2 caracteres por "\n". [D:\Perfil\Escritorio\ETC\Programacion\BAXY DEFINITIVO\tests\Baxy.Integration.Tests\Baxy.Integration.Tests.csproj]
D:\Perfil\Escritorio\ETC\Programacion\BAXY DEFINITIVO\tests\Baxy.Integration.Tests\SystemStatusHandlerTests.cs(273,6): error ENDOFLINE: Corrija el marcador de fin de línea. Reemplazar 2 caracteres por "\n". [D:\Perfil\Escritorio\ETC\Programacion\BAXY DEFINITIVO\tests\Baxy.Integration.Tests\Baxy.Integration.Tests.csproj]
D:\Perfil\Escritorio\ETC\Programacion\BAXY DEFINITIVO\tests\Baxy.Integration.Tests\SystemStatusHandlerTests.cs(274,1): error ENDOFLINE: Corrija el marcador de fin de línea. Reemplazar 2 caracteres por "\n". [D:\Perfil\Escritorio\ETC\Programacion\BAXY DEFINITIVO\tests\Baxy.Integration.Tests\Baxy.Integration.Tests.csproj]
D:\Perfil\Escritorio\ETC\Programacion\BAXY DEFINITIVO\tests\Baxy.Integration.Tests\SystemStatusHandlerTests.cs(275,11): error ENDOFLINE: Corrija el marcador de fin de línea. Reemplazar 2 caracteres por "\n". [D:\Perfil\Escritorio\ETC\Programacion\BAXY DEFINITIVO\tests\Baxy.Integration.Tests\Baxy.Integration.Tests.csproj]
D:\Perfil\Escritorio\ETC\Programacion\BAXY DEFINITIVO\tests\Baxy.Integration.Tests\SystemStatusHandlerTests.cs(276,87): error ENDOFLINE: Corrija el marcador de fin de línea. Reemplazar 2 caracteres por "\n". [D:\Perfil\Escritorio\ETC\Programacion\BAXY DEFINITIVO\tests\Baxy.Integration.Tests\Baxy.Integration.Tests.csproj]
D:\Perfil\Escritorio\ETC\Programacion\BAXY DEFINITIVO\tests\Baxy.Integration.Tests\SystemStatusHandlerTests.cs(277,6): error ENDOFLINE: Corrija el marcador de fin de línea. Reemplazar 2 caracteres por "\n". [D:\Perfil\Escritorio\ETC\Programacion\BAXY DEFINITIVO\tests\Baxy.Integration.Tests\Baxy.Integration.Tests.csproj]
D:\Perfil\Escritorio\ETC\Programacion\BAXY DEFINITIVO\tests\Baxy.Integration.Tests\SystemStatusHandlerTests.cs(278,53): error ENDOFLINE: Corrija el marcador de fin de línea. Reemplazar 2 caracteres por "\n". [D:\Perfil\Escritorio\ETC\Programacion\BAXY DEFINITIVO\tests\Baxy.Integration.Tests\Baxy.Integration.Tests.csproj]
D:\Perfil\Escritorio\ETC\Programacion\BAXY DEFINITIVO\tests\Baxy.Integration.Tests\SystemStatusHandlerTests.cs(279,39): error ENDOFLINE: Corrija el marcador de fin de línea. Reemplazar 2 caracteres por "\n". [D:\Perfil\Escritorio\ETC\Programacion\BAXY DEFINITIVO\tests\Baxy.Integration.Tests\Baxy.Integration.Tests.csproj]
D:\Perfil\Escritorio\ETC\Programacion\BAXY DEFINITIVO\tests\Baxy.Integration.Tests\SystemStatusHandlerTests.cs(280,56): error ENDOFLINE: Corrija el marcador de fin de línea. Reemplazar 2 caracteres por "\n". [D:\Perfil\Escritorio\ETC\Programacion\BAXY DEFINITIVO\tests\Baxy.Integration.Tests\Baxy.Integration.Tests.csproj]
D:\Perfil\Escritorio\ETC\Programacion\BAXY DEFINITIVO\tests\Baxy.Integration.Tests\SystemStatusHandlerTests.cs(281,61): error ENDOFLINE: Corrija el marcador de fin de línea. Reemplazar 2 caracteres por "\n". [D:\Perfil\Escritorio\ETC\Programacion\BAXY DEFINITIVO\tests\Baxy.Integration.Tests\Baxy.Integration.Tests.csproj]
D:\Perfil\Escritorio\ETC\Programacion\BAXY DEFINITIVO\tests\Baxy.Integration.Tests\SystemStatusHandlerTests.cs(282,46): error ENDOFLINE: Corrija el marcador de fin de línea. Reemplazar 2 caracteres por "\n". [D:\Perfil\Escritorio\ETC\Programacion\BAXY DEFINITIVO\tests\Baxy.Integration.Tests\Baxy.Integration.Tests.csproj]
D:\Perfil\Escritorio\ETC\Programacion\BAXY DEFINITIVO\tests\Baxy.Integration.Tests\SystemStatusHandlerTests.cs(283,56): error ENDOFLINE: Corrija el marcador de fin de línea. Reemplazar 2 caracteres por "\n". [D:\Perfil\Escritorio\ETC\Programacion\BAXY DEFINITIVO\tests\Baxy.Integration.Tests\Baxy.Integration.Tests.csproj]
D:\Perfil\Escritorio\ETC\Programacion\BAXY DEFINITIVO\tests\Baxy.Integration.Tests\SystemStatusHandlerTests.cs(284,22): error ENDOFLINE: Corrija el marcador de fin de línea. Reemplazar 2 caracteres por "\n". [D:\Perfil\Escritorio\ETC\Programacion\BAXY DEFINITIVO\tests\Baxy.Integration.Tests\Baxy.Integration.Tests.csproj]
D:\Perfil\Escritorio\ETC\Programacion\BAXY DEFINITIVO\tests\Baxy.Integration.Tests\SystemStatusHandlerTests.cs(285,71): error ENDOFLINE: Corrija el marcador de fin de línea. Reemplazar 2 caracteres por "\n". [D:\Perfil\Escritorio\ETC\Programacion\BAXY DEFINITIVO\tests\Baxy.Integration.Tests\Baxy.Integration.Tests.csproj]
D:\Perfil\Escritorio\ETC\Programacion\BAXY DEFINITIVO\tests\Baxy.Integration.Tests\SystemStatusHandlerTests.cs(286,1): error ENDOFLINE: Corrija el marcador de fin de línea. Reemplazar 2 caracteres por "\n". [D:\Perfil\Escritorio\ETC\Programacion\BAXY DEFINITIVO\tests\Baxy.Integration.Tests\Baxy.Integration.Tests.csproj]
D:\Perfil\Escritorio\ETC\Programacion\BAXY DEFINITIVO\tests\Baxy.Integration.Tests\SystemStatusHandlerTests.cs(287,97): error ENDOFLINE: Corrija el marcador de fin de línea. Reemplazar 2 caracteres por "\n". [D:\Perfil\Escritorio\ETC\Programacion\BAXY DEFINITIVO\tests\Baxy.Integration.Tests\Baxy.Integration.Tests.csproj]
D:\Perfil\Escritorio\ETC\Programacion\BAXY DEFINITIVO\tests\Baxy.Integration.Tests\SystemStatusHandlerTests.cs(288,62): error ENDOFLINE: Corrija el marcador de fin de línea. Reemplazar 2 caracteres por "\n". [D:\Perfil\Escritorio\ETC\Programacion\BAXY DEFINITIVO\tests\Baxy.Integration.Tests\Baxy.Integration.Tests.csproj]
D:\Perfil\Escritorio\ETC\Programacion\BAXY DEFINITIVO\tests\Baxy.Integration.Tests\SystemStatusHandlerTests.cs(289,50): error ENDOFLINE: Corrija el marcador de fin de línea. Reemplazar 2 caracteres por "\n". [D:\Perfil\Escritorio\ETC\Programacion\BAXY DEFINITIVO\tests\Baxy.Integration.Tests\Baxy.Integration.Tests.csproj]
D:\Perfil\Escritorio\ETC\Programacion\BAXY DEFINITIVO\tests\Baxy.Integration.Tests\SystemStatusHandlerTests.cs(290,37): error ENDOFLINE: Corrija el marcador de fin de línea. Reemplazar 2 caracteres por "\n". [D:\Perfil\Escritorio\ETC\Programacion\BAXY DEFINITIVO\tests\Baxy.Integration.Tests\Baxy.Integration.Tests.csproj]
D:\Perfil\Escritorio\ETC\Programacion\BAXY DEFINITIVO\tests\Baxy.Integration.Tests\SystemStatusHandlerTests.cs(291,1): error ENDOFLINE: Corrija el marcador de fin de línea. Reemplazar 2 caracteres por "\n". [D:\Perfil\Escritorio\ETC\Programacion\BAXY DEFINITIVO\tests\Baxy.Integration.Tests\Baxy.Integration.Tests.csproj]
D:\Perfil\Escritorio\ETC\Programacion\BAXY DEFINITIVO\tests\Baxy.Integration.Tests\SystemStatusHandlerTests.cs(292,30): error ENDOFLINE: Corrija el marcador de fin de línea. Reemplazar 2 caracteres por "\n". [D:\Perfil\Escritorio\ETC\Programacion\BAXY DEFINITIVO\tests\Baxy.Integration.Tests\Baxy.Integration.Tests.csproj]
D:\Perfil\Escritorio\ETC\Programacion\BAXY DEFINITIVO\tests\Baxy.Integration.Tests\SystemStatusHandlerTests.cs(293,10): error ENDOFLINE: Corrija el marcador de fin de línea. Reemplazar 2 caracteres por "\n". [D:\Perfil\Escritorio\ETC\Programacion\BAXY DEFINITIVO\tests\Baxy.Integration.Tests\Baxy.Integration.Tests.csproj]
D:\Perfil\Escritorio\ETC\Programacion\BAXY DEFINITIVO\tests\Baxy.Integration.Tests\SystemStatusHandlerTests.cs(294,80): error ENDOFLINE: Corrija el marcador de fin de línea. Reemplazar 2 caracteres por "\n". [D:\Perfil\Escritorio\ETC\Programacion\BAXY DEFINITIVO\tests\Baxy.Integration.Tests\Baxy.Integration.Tests.csproj]
D:\Perfil\Escritorio\ETC\Programacion\BAXY DEFINITIVO\tests\Baxy.Integration.Tests\SystemStatusHandlerTests.cs(295,86): error ENDOFLINE: Corrija el marcador de fin de línea. Reemplazar 2 caracteres por "\n". [D:\Perfil\Escritorio\ETC\Programacion\BAXY DEFINITIVO\tests\Baxy.Integration.Tests\Baxy.Integration.Tests.csproj]
D:\Perfil\Escritorio\ETC\Programacion\BAXY DEFINITIVO\tests\Baxy.Integration.Tests\SystemStatusHandlerTests.cs(296,51): error ENDOFLINE: Corrija el marcador de fin de línea. Reemplazar 2 caracteres por "\n". [D:\Perfil\Escritorio\ETC\Programacion\BAXY DEFINITIVO\tests\Baxy.Integration.Tests\Baxy.Integration.Tests.csproj]
D:\Perfil\Escritorio\ETC\Programacion\BAXY DEFINITIVO\tests\Baxy.Integration.Tests\SystemStatusHandlerTests.cs(297,100): error ENDOFLINE: Corrija el marcador de fin de línea. Reemplazar 2 caracteres por "\n". [D:\Perfil\Escritorio\ETC\Programacion\BAXY DEFINITIVO\tests\Baxy.Integration.Tests\Baxy.Integration.Tests.csproj]
D:\Perfil\Escritorio\ETC\Programacion\BAXY DEFINITIVO\tests\Baxy.Integration.Tests\SystemStatusHandlerTests.cs(298,40): error ENDOFLINE: Corrija el marcador de fin de línea. Reemplazar 2 caracteres por "\n". [D:\Perfil\Escritorio\ETC\Programacion\BAXY DEFINITIVO\tests\Baxy.Integration.Tests\Baxy.Integration.Tests.csproj]
D:\Perfil\Escritorio\ETC\Programacion\BAXY DEFINITIVO\tests\Baxy.Integration.Tests\SystemStatusHandlerTests.cs(299,60): error ENDOFLINE: Corrija el marcador de fin de línea. Reemplazar 2 caracteres por "\n". [D:\Perfil\Escritorio\ETC\Programacion\BAXY DEFINITIVO\tests\Baxy.Integration.Tests\Baxy.Integration.Tests.csproj]
D:\Perfil\Escritorio\ETC\Programacion\BAXY DEFINITIVO\tests\Baxy.Integration.Tests\SystemStatusHandlerTests.cs(300,12): error ENDOFLINE: Corrija el marcador de fin de línea. Reemplazar 2 caracteres por "\n". [D:\Perfil\Escritorio\ETC\Programacion\BAXY DEFINITIVO\tests\Baxy.Integration.Tests\Baxy.Integration.Tests.csproj]
D:\Perfil\Escritorio\ETC\Programacion\BAXY DEFINITIVO\tests\Baxy.Integration.Tests\SystemStatusHandlerTests.cs(301,6): error ENDOFLINE: Corrija el marcador de fin de línea. Reemplazar 2 caracteres por "\n". [D:\Perfil\Escritorio\ETC\Programacion\BAXY DEFINITIVO\tests\Baxy.Integration.Tests\Baxy.Integration.Tests.csproj]
D:\Perfil\Escritorio\ETC\Programacion\BAXY DEFINITIVO\tests\Baxy.Integration.Tests\SystemStatusHandlerTests.cs(302,1): error ENDOFLINE: Corrija el marcador de fin de línea. Reemplazar 2 caracteres por "\n". [D:\Perfil\Escritorio\ETC\Programacion\BAXY DEFINITIVO\tests\Baxy.Integration.Tests\Baxy.Integration.Tests.csproj]
D:\Perfil\Escritorio\ETC\Programacion\BAXY DEFINITIVO\tests\Baxy.Integration.Tests\SystemStatusHandlerTests.cs(303,26): error ENDOFLINE: Corrija el marcador de fin de línea. Reemplazar 2 caracteres por "\n". [D:\Perfil\Escritorio\ETC\Programacion\BAXY DEFINITIVO\tests\Baxy.Integration.Tests\Baxy.Integration.Tests.csproj]
D:\Perfil\Escritorio\ETC\Programacion\BAXY DEFINITIVO\tests\Baxy.Integration.Tests\SystemStatusHandlerTests.cs(304,36): error ENDOFLINE: Corrija el marcador de fin de línea. Reemplazar 2 caracteres por "\n". [D:\Perfil\Escritorio\ETC\Programacion\BAXY DEFINITIVO\tests\Baxy.Integration.Tests\Baxy.Integration.Tests.csproj]
D:\Perfil\Escritorio\ETC\Programacion\BAXY DEFINITIVO\tests\Baxy.Integration.Tests\SystemStatusHandlerTests.cs(305,36): error ENDOFLINE: Corrija el marcador de fin de línea. Reemplazar 2 caracteres por "\n". [D:\Perfil\Escritorio\ETC\Programacion\BAXY DEFINITIVO\tests\Baxy.Integration.Tests\Baxy.Integration.Tests.csproj]
D:\Perfil\Escritorio\ETC\Programacion\BAXY DEFINITIVO\tests\Baxy.Integration.Tests\SystemStatusHandlerTests.cs(306,36): error ENDOFLINE: Corrija el marcador de fin de línea. Reemplazar 2 caracteres por "\n". [D:\Perfil\Escritorio\ETC\Programacion\BAXY DEFINITIVO\tests\Baxy.Integration.Tests\Baxy.Integration.Tests.csproj]
D:\Perfil\Escritorio\ETC\Programacion\BAXY DEFINITIVO\tests\Baxy.Integration.Tests\SystemStatusHandlerTests.cs(307,41): error ENDOFLINE: Corrija el marcador de fin de línea. Reemplazar 2 caracteres por "\n". [D:\Perfil\Escritorio\ETC\Programacion\BAXY DEFINITIVO\tests\Baxy.Integration.Tests\Baxy.Integration.Tests.csproj]
D:\Perfil\Escritorio\ETC\Programacion\BAXY DEFINITIVO\tests\Baxy.Integration.Tests\SystemStatusHandlerTests.cs(308,34): error ENDOFLINE: Corrija el marcador de fin de línea. Reemplazar 2 caracteres por "\n". [D:\Perfil\Escritorio\ETC\Programacion\BAXY DEFINITIVO\tests\Baxy.Integration.Tests\Baxy.Integration.Tests.csproj]
D:\Perfil\Escritorio\ETC\Programacion\BAXY DEFINITIVO\tests\Baxy.Integration.Tests\SystemStatusHandlerTests.cs(309,33): error ENDOFLINE: Corrija el marcador de fin de línea. Reemplazar 2 caracteres por "\n". [D:\Perfil\Escritorio\ETC\Programacion\BAXY DEFINITIVO\tests\Baxy.Integration.Tests\Baxy.Integration.Tests.csproj]
D:\Perfil\Escritorio\ETC\Programacion\BAXY DEFINITIVO\tests\Baxy.Integration.Tests\SystemStatusHandlerTests.cs(310,28): error ENDOFLINE: Corrija el marcador de fin de línea. Reemplazar 2 caracteres por "\n". [D:\Perfil\Escritorio\ETC\Programacion\BAXY DEFINITIVO\tests\Baxy.Integration.Tests\Baxy.Integration.Tests.csproj]
D:\Perfil\Escritorio\ETC\Programacion\BAXY DEFINITIVO\tests\Baxy.Integration.Tests\SystemStatusHandlerTests.cs(311,28): error ENDOFLINE: Corrija el marcador de fin de línea. Reemplazar 2 caracteres por "\n". [D:\Perfil\Escritorio\ETC\Programacion\BAXY DEFINITIVO\tests\Baxy.Integration.Tests\Baxy.Integration.Tests.csproj]
D:\Perfil\Escritorio\ETC\Programacion\BAXY DEFINITIVO\tests\Baxy.Integration.Tests\SystemStatusHandlerTests.cs(312,44): error ENDOFLINE: Corrija el marcador de fin de línea. Reemplazar 2 caracteres por "\n". [D:\Perfil\Escritorio\ETC\Programacion\BAXY DEFINITIVO\tests\Baxy.Integration.Tests\Baxy.Integration.Tests.csproj]
D:\Perfil\Escritorio\ETC\Programacion\BAXY DEFINITIVO\tests\Baxy.Integration.Tests\SystemStatusHandlerTests.cs(313,44): error ENDOFLINE: Corrija el marcador de fin de línea. Reemplazar 2 caracteres por "\n". [D:\Perfil\Escritorio\ETC\Programacion\BAXY DEFINITIVO\tests\Baxy.Integration.Tests\Baxy.Integration.Tests.csproj]
D:\Perfil\Escritorio\ETC\Programacion\BAXY DEFINITIVO\tests\Baxy.Integration.Tests\SystemStatusHandlerTests.cs(314,43): error ENDOFLINE: Corrija el marcador de fin de línea. Reemplazar 2 caracteres por "\n". [D:\Perfil\Escritorio\ETC\Programacion\BAXY DEFINITIVO\tests\Baxy.Integration.Tests\Baxy.Integration.Tests.csproj]
D:\Perfil\Escritorio\ETC\Programacion\BAXY DEFINITIVO\tests\Baxy.Integration.Tests\SystemStatusHandlerTests.cs(315,27): error ENDOFLINE: Corrija el marcador de fin de línea. Reemplazar 2 caracteres por "\n". [D:\Perfil\Escritorio\ETC\Programacion\BAXY DEFINITIVO\tests\Baxy.Integration.Tests\Baxy.Integration.Tests.csproj]
D:\Perfil\Escritorio\ETC\Programacion\BAXY DEFINITIVO\tests\Baxy.Integration.Tests\SystemStatusHandlerTests.cs(316,25): error ENDOFLINE: Corrija el marcador de fin de línea. Reemplazar 2 caracteres por "\n". [D:\Perfil\Escritorio\ETC\Programacion\BAXY DEFINITIVO\tests\Baxy.Integration.Tests\Baxy.Integration.Tests.csproj]
D:\Perfil\Escritorio\ETC\Programacion\BAXY DEFINITIVO\tests\Baxy.Integration.Tests\SystemStatusHandlerTests.cs(317,87): error ENDOFLINE: Corrija el marcador de fin de línea. Reemplazar 2 caracteres por "\n". [D:\Perfil\Escritorio\ETC\Programacion\BAXY DEFINITIVO\tests\Baxy.Integration.Tests\Baxy.Integration.Tests.csproj]
D:\Perfil\Escritorio\ETC\Programacion\BAXY DEFINITIVO\tests\Baxy.Integration.Tests\SystemStatusHandlerTests.cs(318,6): error ENDOFLINE: Corrija el marcador de fin de línea. Reemplazar 2 caracteres por "\n". [D:\Perfil\Escritorio\ETC\Programacion\BAXY DEFINITIVO\tests\Baxy.Integration.Tests\Baxy.Integration.Tests.csproj]
D:\Perfil\Escritorio\ETC\Programacion\BAXY DEFINITIVO\tests\Baxy.Integration.Tests\SystemStatusHandlerTests.cs(319,77): error ENDOFLINE: Corrija el marcador de fin de línea. Reemplazar 2 caracteres por "\n". [D:\Perfil\Escritorio\ETC\Programacion\BAXY DEFINITIVO\tests\Baxy.Integration.Tests\Baxy.Integration.Tests.csproj]
D:\Perfil\Escritorio\ETC\Programacion\BAXY DEFINITIVO\tests\Baxy.Integration.Tests\SystemStatusHandlerTests.cs(320,51): error ENDOFLINE: Corrija el marcador de fin de línea. Reemplazar 2 caracteres por "\n". [D:\Perfil\Escritorio\ETC\Programacion\BAXY DEFINITIVO\tests\Baxy.Integration.Tests\Baxy.Integration.Tests.csproj]
D:\Perfil\Escritorio\ETC\Programacion\BAXY DEFINITIVO\tests\Baxy.Integration.Tests\SystemStatusHandlerTests.cs(321,41): error ENDOFLINE: Corrija el marcador de fin de línea. Reemplazar 2 caracteres por "\n". [D:\Perfil\Escritorio\ETC\Programacion\BAXY DEFINITIVO\tests\Baxy.Integration.Tests\Baxy.Integration.Tests.csproj]
D:\Perfil\Escritorio\ETC\Programacion\BAXY DEFINITIVO\tests\Baxy.Integration.Tests\SystemStatusHandlerTests.cs(322,1): error ENDOFLINE: Corrija el marcador de fin de línea. Reemplazar 2 caracteres por "\n". [D:\Perfil\Escritorio\ETC\Programacion\BAXY DEFINITIVO\tests\Baxy.Integration.Tests\Baxy.Integration.Tests.csproj]
D:\Perfil\Escritorio\ETC\Programacion\BAXY DEFINITIVO\tests\Baxy.Integration.Tests\SystemStatusHandlerTests.cs(323,63): error ENDOFLINE: Corrija el marcador de fin de línea. Reemplazar 2 caracteres por "\n". [D:\Perfil\Escritorio\ETC\Programacion\BAXY DEFINITIVO\tests\Baxy.Integration.Tests\Baxy.Integration.Tests.csproj]
D:\Perfil\Escritorio\ETC\Programacion\BAXY DEFINITIVO\tests\Baxy.Integration.Tests\SystemStatusHandlerTests.cs(324,30): error ENDOFLINE: Corrija el marcador de fin de línea. Reemplazar 2 caracteres por "\n". [D:\Perfil\Escritorio\ETC\Programacion\BAXY DEFINITIVO\tests\Baxy.Integration.Tests\Baxy.Integration.Tests.csproj]
D:\Perfil\Escritorio\ETC\Programacion\BAXY DEFINITIVO\tests\Baxy.Integration.Tests\SystemStatusHandlerTests.cs(325,37): error ENDOFLINE: Corrija el marcador de fin de línea. Reemplazar 2 caracteres por "\n". [D:\Perfil\Escritorio\ETC\Programacion\BAXY DEFINITIVO\tests\Baxy.Integration.Tests\Baxy.Integration.Tests.csproj]
D:\Perfil\Escritorio\ETC\Programacion\BAXY DEFINITIVO\tests\Baxy.Integration.Tests\SystemStatusHandlerTests.cs(326,1): error ENDOFLINE: Corrija el marcador de fin de línea. Reemplazar 2 caracteres por "\n". [D:\Perfil\Escritorio\ETC\Programacion\BAXY DEFINITIVO\tests\Baxy.Integration.Tests\Baxy.Integration.Tests.csproj]
D:\Perfil\Escritorio\ETC\Programacion\BAXY DEFINITIVO\tests\Baxy.Integration.Tests\SystemStatusHandlerTests.cs(327,30): error ENDOFLINE: Corrija el marcador de fin de línea. Reemplazar 2 caracteres por "\n". [D:\Perfil\Escritorio\ETC\Programacion\BAXY DEFINITIVO\tests\Baxy.Integration.Tests\Baxy.Integration.Tests.csproj]
D:\Perfil\Escritorio\ETC\Programacion\BAXY DEFINITIVO\tests\Baxy.Integration.Tests\SystemStatusHandlerTests.cs(328,10): error ENDOFLINE: Corrija el marcador de fin de línea. Reemplazar 2 caracteres por "\n". [D:\Perfil\Escritorio\ETC\Programacion\BAXY DEFINITIVO\tests\Baxy.Integration.Tests\Baxy.Integration.Tests.csproj]
D:\Perfil\Escritorio\ETC\Programacion\BAXY DEFINITIVO\tests\Baxy.Integration.Tests\SystemStatusHandlerTests.cs(329,54): error ENDOFLINE: Corrija el marcador de fin de línea. Reemplazar 2 caracteres por "\n". [D:\Perfil\Escritorio\ETC\Programacion\BAXY DEFINITIVO\tests\Baxy.Integration.Tests\Baxy.Integration.Tests.csproj]
D:\Perfil\Escritorio\ETC\Programacion\BAXY DEFINITIVO\tests\Baxy.Integration.Tests\SystemStatusHandlerTests.cs(330,79): error ENDOFLINE: Corrija el marcador de fin de línea. Reemplazar 2 caracteres por "\n". [D:\Perfil\Escritorio\ETC\Programacion\BAXY DEFINITIVO\tests\Baxy.Integration.Tests\Baxy.Integration.Tests.csproj]
D:\Perfil\Escritorio\ETC\Programacion\BAXY DEFINITIVO\tests\Baxy.Integration.Tests\SystemStatusHandlerTests.cs(331,50): error ENDOFLINE: Corrija el marcador de fin de línea. Reemplazar 2 caracteres por "\n". [D:\Perfil\Escritorio\ETC\Programacion\BAXY DEFINITIVO\tests\Baxy.Integration.Tests\Baxy.Integration.Tests.csproj]
D:\Perfil\Escritorio\ETC\Programacion\BAXY DEFINITIVO\tests\Baxy.Integration.Tests\SystemStatusHandlerTests.cs(332,72): error ENDOFLINE: Corrija el marcador de fin de línea. Reemplazar 2 caracteres por "\n". [D:\Perfil\Escritorio\ETC\Programacion\BAXY DEFINITIVO\tests\Baxy.Integration.Tests\Baxy.Integration.Tests.csproj]
D:\Perfil\Escritorio\ETC\Programacion\BAXY DEFINITIVO\tests\Baxy.Integration.Tests\SystemStatusHandlerTests.cs(333,60): error ENDOFLINE: Corrija el marcador de fin de línea. Reemplazar 2 caracteres por "\n". [D:\Perfil\Escritorio\ETC\Programacion\BAXY DEFINITIVO\tests\Baxy.Integration.Tests\Baxy.Integration.Tests.csproj]
D:\Perfil\Escritorio\ETC\Programacion\BAXY DEFINITIVO\tests\Baxy.Integration.Tests\SystemStatusHandlerTests.cs(334,12): error ENDOFLINE: Corrija el marcador de fin de línea. Reemplazar 2 caracteres por "\n". [D:\Perfil\Escritorio\ETC\Programacion\BAXY DEFINITIVO\tests\Baxy.Integration.Tests\Baxy.Integration.Tests.csproj]
D:\Perfil\Escritorio\ETC\Programacion\BAXY DEFINITIVO\tests\Baxy.Integration.Tests\SystemStatusHandlerTests.cs(335,6): error ENDOFLINE: Corrija el marcador de fin de línea. Reemplazar 2 caracteres por "\n". [D:\Perfil\Escritorio\ETC\Programacion\BAXY DEFINITIVO\tests\Baxy.Integration.Tests\Baxy.Integration.Tests.csproj]
D:\Perfil\Escritorio\ETC\Programacion\BAXY DEFINITIVO\tests\Baxy.Integration.Tests\SystemStatusHandlerTests.cs(336,1): error ENDOFLINE: Corrija el marcador de fin de línea. Reemplazar 2 caracteres por "\n". [D:\Perfil\Escritorio\ETC\Programacion\BAXY DEFINITIVO\tests\Baxy.Integration.Tests\Baxy.Integration.Tests.csproj]
D:\Perfil\Escritorio\ETC\Programacion\BAXY DEFINITIVO\tests\Baxy.Integration.Tests\SystemStatusHandlerTests.cs(337,11): error ENDOFLINE: Corrija el marcador de fin de línea. Reemplazar 2 caracteres por "\n". [D:\Perfil\Escritorio\ETC\Programacion\BAXY DEFINITIVO\tests\Baxy.Integration.Tests\Baxy.Integration.Tests.csproj]
D:\Perfil\Escritorio\ETC\Programacion\BAXY DEFINITIVO\tests\Baxy.Integration.Tests\SystemStatusHandlerTests.cs(338,64): error ENDOFLINE: Corrija el marcador de fin de línea. Reemplazar 2 caracteres por "\n". [D:\Perfil\Escritorio\ETC\Programacion\BAXY DEFINITIVO\tests\Baxy.Integration.Tests\Baxy.Integration.Tests.csproj]
D:\Perfil\Escritorio\ETC\Programacion\BAXY DEFINITIVO\tests\Baxy.Integration.Tests\SystemStatusHandlerTests.cs(339,6): error ENDOFLINE: Corrija el marcador de fin de línea. Reemplazar 2 caracteres por "\n". [D:\Perfil\Escritorio\ETC\Programacion\BAXY DEFINITIVO\tests\Baxy.Integration.Tests\Baxy.Integration.Tests.csproj]
D:\Perfil\Escritorio\ETC\Programacion\BAXY DEFINITIVO\tests\Baxy.Integration.Tests\SystemStatusHandlerTests.cs(340,64): error ENDOFLINE: Corrija el marcador de fin de línea. Reemplazar 2 caracteres por "\n". [D:\Perfil\Escritorio\ETC\Programacion\BAXY DEFINITIVO\tests\Baxy.Integration.Tests\Baxy.Integration.Tests.csproj]
D:\Perfil\Escritorio\ETC\Programacion\BAXY DEFINITIVO\tests\Baxy.Integration.Tests\SystemStatusHandlerTests.cs(341,31): error ENDOFLINE: Corrija el marcador de fin de línea. Reemplazar 2 caracteres por "\n". [D:\Perfil\Escritorio\ETC\Programacion\BAXY DEFINITIVO\tests\Baxy.Integration.Tests\Baxy.Integration.Tests.csproj]
D:\Perfil\Escritorio\ETC\Programacion\BAXY DEFINITIVO\tests\Baxy.Integration.Tests\SystemStatusHandlerTests.cs(342,82): error ENDOFLINE: Corrija el marcador de fin de línea. Reemplazar 2 caracteres por "\n". [D:\Perfil\Escritorio\ETC\Programacion\BAXY DEFINITIVO\tests\Baxy.Integration.Tests\Baxy.Integration.Tests.csproj]
D:\Perfil\Escritorio\ETC\Programacion\BAXY DEFINITIVO\tests\Baxy.Integration.Tests\SystemStatusHandlerTests.cs(343,1): error ENDOFLINE: Corrija el marcador de fin de línea. Reemplazar 2 caracteres por "\n". [D:\Perfil\Escritorio\ETC\Programacion\BAXY DEFINITIVO\tests\Baxy.Integration.Tests\Baxy.Integration.Tests.csproj]
D:\Perfil\Escritorio\ETC\Programacion\BAXY DEFINITIVO\tests\Baxy.Integration.Tests\SystemStatusHandlerTests.cs(344,21): error ENDOFLINE: Corrija el marcador de fin de línea. Reemplazar 2 caracteres por "\n". [D:\Perfil\Escritorio\ETC\Programacion\BAXY DEFINITIVO\tests\Baxy.Integration.Tests\Baxy.Integration.Tests.csproj]
D:\Perfil\Escritorio\ETC\Programacion\BAXY DEFINITIVO\tests\Baxy.Integration.Tests\SystemStatusHandlerTests.cs(345,90): error ENDOFLINE: Corrija el marcador de fin de línea. Reemplazar 2 caracteres por "\n". [D:\Perfil\Escritorio\ETC\Programacion\BAXY DEFINITIVO\tests\Baxy.Integration.Tests\Baxy.Integration.Tests.csproj]
D:\Perfil\Escritorio\ETC\Programacion\BAXY DEFINITIVO\tests\Baxy.Integration.Tests\SystemStatusHandlerTests.cs(346,62): error ENDOFLINE: Corrija el marcador de fin de línea. Reemplazar 2 caracteres por "\n". [D:\Perfil\Escritorio\ETC\Programacion\BAXY DEFINITIVO\tests\Baxy.Integration.Tests\Baxy.Integration.Tests.csproj]
D:\Perfil\Escritorio\ETC\Programacion\BAXY DEFINITIVO\tests\Baxy.Integration.Tests\SystemStatusHandlerTests.cs(347,6): error ENDOFLINE: Corrija el marcador de fin de línea. Reemplazar 2 caracteres por "\n". [D:\Perfil\Escritorio\ETC\Programacion\BAXY DEFINITIVO\tests\Baxy.Integration.Tests\Baxy.Integration.Tests.csproj]
D:\Perfil\Escritorio\ETC\Programacion\BAXY DEFINITIVO\tests\Baxy.Integration.Tests\SystemStatusHandlerTests.cs(348,1): error ENDOFLINE: Corrija el marcador de fin de línea. Reemplazar 2 caracteres por "\n". [D:\Perfil\Escritorio\ETC\Programacion\BAXY DEFINITIVO\tests\Baxy.Integration.Tests\Baxy.Integration.Tests.csproj]
D:\Perfil\Escritorio\ETC\Programacion\BAXY DEFINITIVO\tests\Baxy.Integration.Tests\SystemStatusHandlerTests.cs(349,56): error ENDOFLINE: Corrija el marcador de fin de línea. Reemplazar 2 caracteres por "\n". [D:\Perfil\Escritorio\ETC\Programacion\BAXY DEFINITIVO\tests\Baxy.Integration.Tests\Baxy.Integration.Tests.csproj]
D:\Perfil\Escritorio\ETC\Programacion\BAXY DEFINITIVO\tests\Baxy.Integration.Tests\SystemStatusHandlerTests.cs(350,1): error ENDOFLINE: Corrija el marcador de fin de línea. Reemplazar 2 caracteres por "\n". [D:\Perfil\Escritorio\ETC\Programacion\BAXY DEFINITIVO\tests\Baxy.Integration.Tests\Baxy.Integration.Tests.csproj]
D:\Perfil\Escritorio\ETC\Programacion\BAXY DEFINITIVO\tests\Baxy.Integration.Tests\SystemStatusHandlerTests.cs(351,82): error ENDOFLINE: Corrija el marcador de fin de línea. Reemplazar 2 caracteres por "\n". [D:\Perfil\Escritorio\ETC\Programacion\BAXY DEFINITIVO\tests\Baxy.Integration.Tests\Baxy.Integration.Tests.csproj]
D:\Perfil\Escritorio\ETC\Programacion\BAXY DEFINITIVO\tests\Baxy.Integration.Tests\SystemStatusHandlerTests.cs(352,45): error ENDOFLINE: Corrija el marcador de fin de línea. Reemplazar 2 caracteres por "\n". [D:\Perfil\Escritorio\ETC\Programacion\BAXY DEFINITIVO\tests\Baxy.Integration.Tests\Baxy.Integration.Tests.csproj]
D:\Perfil\Escritorio\ETC\Programacion\BAXY DEFINITIVO\tests\Baxy.Integration.Tests\SystemStatusHandlerTests.cs(353,56): error ENDOFLINE: Corrija el marcador de fin de línea. Reemplazar 2 caracteres por "\n". [D:\Perfil\Escritorio\ETC\Programacion\BAXY DEFINITIVO\tests\Baxy.Integration.Tests\Baxy.Integration.Tests.csproj]
D:\Perfil\Escritorio\ETC\Programacion\BAXY DEFINITIVO\tests\Baxy.Integration.Tests\SystemStatusHandlerTests.cs(354,20): error ENDOFLINE: Corrija el marcador de fin de línea. Reemplazar 2 caracteres por "\n". [D:\Perfil\Escritorio\ETC\Programacion\BAXY DEFINITIVO\tests\Baxy.Integration.Tests\Baxy.Integration.Tests.csproj]
D:\Perfil\Escritorio\ETC\Programacion\BAXY DEFINITIVO\tests\Baxy.Integration.Tests\SystemStatusHandlerTests.cs(355,48): error ENDOFLINE: Corrija el marcador de fin de línea. Reemplazar 2 caracteres por "\n". [D:\Perfil\Escritorio\ETC\Programacion\BAXY DEFINITIVO\tests\Baxy.Integration.Tests\Baxy.Integration.Tests.csproj]
D:\Perfil\Escritorio\ETC\Programacion\BAXY DEFINITIVO\tests\Baxy.Integration.Tests\SystemStatusHandlerTests.cs(356,55): error ENDOFLINE: Corrija el marcador de fin de línea. Reemplazar 2 caracteres por "\n". [D:\Perfil\Escritorio\ETC\Programacion\BAXY DEFINITIVO\tests\Baxy.Integration.Tests\Baxy.Integration.Tests.csproj]
D:\Perfil\Escritorio\ETC\Programacion\BAXY DEFINITIVO\tests\Baxy.Integration.Tests\SystemStatusHandlerTests.cs(357,20): error ENDOFLINE: Corrija el marcador de fin de línea. Reemplazar 2 caracteres por "\n". [D:\Perfil\Escritorio\ETC\Programacion\BAXY DEFINITIVO\tests\Baxy.Integration.Tests\Baxy.Integration.Tests.csproj]
D:\Perfil\Escritorio\ETC\Programacion\BAXY DEFINITIVO\tests\Baxy.Integration.Tests\SystemStatusHandlerTests.cs(358,52): error ENDOFLINE: Corrija el marcador de fin de línea. Reemplazar 2 caracteres por "\n". [D:\Perfil\Escritorio\ETC\Programacion\BAXY DEFINITIVO\tests\Baxy.Integration.Tests\Baxy.Integration.Tests.csproj]
D:\Perfil\Escritorio\ETC\Programacion\BAXY DEFINITIVO\tests\Baxy.Integration.Tests\SystemStatusHandlerTests.cs(359,72): error ENDOFLINE: Corrija el marcador de fin de línea. Reemplazar 2 caracteres por "\n". [D:\Perfil\Escritorio\ETC\Programacion\BAXY DEFINITIVO\tests\Baxy.Integration.Tests\Baxy.Integration.Tests.csproj]
D:\Perfil\Escritorio\ETC\Programacion\BAXY DEFINITIVO\tests\Baxy.Integration.Tests\SystemStatusHandlerTests.cs(360,20): error ENDOFLINE: Corrija el marcador de fin de línea. Reemplazar 2 caracteres por "\n". [D:\Perfil\Escritorio\ETC\Programacion\BAXY DEFINITIVO\tests\Baxy.Integration.Tests\Baxy.Integration.Tests.csproj]
D:\Perfil\Escritorio\ETC\Programacion\BAXY DEFINITIVO\tests\Baxy.Integration.Tests\SystemStatusHandlerTests.cs(361,49): error ENDOFLINE: Corrija el marcador de fin de línea. Reemplazar 2 caracteres por "\n". [D:\Perfil\Escritorio\ETC\Programacion\BAXY DEFINITIVO\tests\Baxy.Integration.Tests\Baxy.Integration.Tests.csproj]
D:\Perfil\Escritorio\ETC\Programacion\BAXY DEFINITIVO\tests\Baxy.Integration.Tests\SystemStatusHandlerTests.cs(362,56): error ENDOFLINE: Corrija el marcador de fin de línea. Reemplazar 2 caracteres por "\n". [D:\Perfil\Escritorio\ETC\Programacion\BAXY DEFINITIVO\tests\Baxy.Integration.Tests\Baxy.Integration.Tests.csproj]
D:\Perfil\Escritorio\ETC\Programacion\BAXY DEFINITIVO\tests\Baxy.Integration.Tests\SystemStatusHandlerTests.cs(363,20): error ENDOFLINE: Corrija el marcador de fin de línea. Reemplazar 2 caracteres por "\n". [D:\Perfil\Escritorio\ETC\Programacion\BAXY DEFINITIVO\tests\Baxy.Integration.Tests\Baxy.Integration.Tests.csproj]
D:\Perfil\Escritorio\ETC\Programacion\BAXY DEFINITIVO\tests\Baxy.Integration.Tests\SystemStatusHandlerTests.cs(364,57): error ENDOFLINE: Corrija el marcador de fin de línea. Reemplazar 2 caracteres por "\n". [D:\Perfil\Escritorio\ETC\Programacion\BAXY DEFINITIVO\tests\Baxy.Integration.Tests\Baxy.Integration.Tests.csproj]
D:\Perfil\Escritorio\ETC\Programacion\BAXY DEFINITIVO\tests\Baxy.Integration.Tests\SystemStatusHandlerTests.cs(365,95): error ENDOFLINE: Corrija el marcador de fin de línea. Reemplazar 2 caracteres por "\n". [D:\Perfil\Escritorio\ETC\Programacion\BAXY DEFINITIVO\tests\Baxy.Integration.Tests\Baxy.Integration.Tests.csproj]
D:\Perfil\Escritorio\ETC\Programacion\BAXY DEFINITIVO\tests\Baxy.Integration.Tests\SystemStatusHandlerTests.cs(366,20): error ENDOFLINE: Corrija el marcador de fin de línea. Reemplazar 2 caracteres por "\n". [D:\Perfil\Escritorio\ETC\Programacion\BAXY DEFINITIVO\tests\Baxy.Integration.Tests\Baxy.Integration.Tests.csproj]
D:\Perfil\Escritorio\ETC\Programacion\BAXY DEFINITIVO\tests\Baxy.Integration.Tests\SystemStatusHandlerTests.cs(367,63): error ENDOFLINE: Corrija el marcador de fin de línea. Reemplazar 2 caracteres por "\n". [D:\Perfil\Escritorio\ETC\Programacion\BAXY DEFINITIVO\tests\Baxy.Integration.Tests\Baxy.Integration.Tests.csproj]
D:\Perfil\Escritorio\ETC\Programacion\BAXY DEFINITIVO\tests\Baxy.Integration.Tests\SystemStatusHandlerTests.cs(368,13): error ENDOFLINE: Corrija el marcador de fin de línea. Reemplazar 2 caracteres por "\n". [D:\Perfil\Escritorio\ETC\Programacion\BAXY DEFINITIVO\tests\Baxy.Integration.Tests\Baxy.Integration.Tests.csproj]
D:\Perfil\Escritorio\ETC\Programacion\BAXY DEFINITIVO\tests\Baxy.Integration.Tests\SystemStatusHandlerTests.cs(369,1): error ENDOFLINE: Corrija el marcador de fin de línea. Reemplazar 2 caracteres por "\n". [D:\Perfil\Escritorio\ETC\Programacion\BAXY DEFINITIVO\tests\Baxy.Integration.Tests\Baxy.Integration.Tests.csproj]
D:\Perfil\Escritorio\ETC\Programacion\BAXY DEFINITIVO\tests\Baxy.Integration.Tests\SystemStatusHandlerTests.cs(370,53): error ENDOFLINE: Corrija el marcador de fin de línea. Reemplazar 2 caracteres por "\n". [D:\Perfil\Escritorio\ETC\Programacion\BAXY DEFINITIVO\tests\Baxy.Integration.Tests\Baxy.Integration.Tests.csproj]
D:\Perfil\Escritorio\ETC\Programacion\BAXY DEFINITIVO\tests\Baxy.Integration.Tests\SystemStatusHandlerTests.cs(371,33): error ENDOFLINE: Corrija el marcador de fin de línea. Reemplazar 2 caracteres por "\n". [D:\Perfil\Escritorio\ETC\Programacion\BAXY DEFINITIVO\tests\Baxy.Integration.Tests\Baxy.Integration.Tests.csproj]
D:\Perfil\Escritorio\ETC\Programacion\BAXY DEFINITIVO\tests\Baxy.Integration.Tests\SystemStatusHandlerTests.cs(372,34): error ENDOFLINE: Corrija el marcador de fin de línea. Reemplazar 2 caracteres por "\n". [D:\Perfil\Escritorio\ETC\Programacion\BAXY DEFINITIVO\tests\Baxy.Integration.Tests\Baxy.Integration.Tests.csproj]
D:\Perfil\Escritorio\ETC\Programacion\BAXY DEFINITIVO\tests\Baxy.Integration.Tests\SystemStatusHandlerTests.cs(373,23): error ENDOFLINE: Corrija el marcador de fin de línea. Reemplazar 2 caracteres por "\n". [D:\Perfil\Escritorio\ETC\Programacion\BAXY DEFINITIVO\tests\Baxy.Integration.Tests\Baxy.Integration.Tests.csproj]
D:\Perfil\Escritorio\ETC\Programacion\BAXY DEFINITIVO\tests\Baxy.Integration.Tests\SystemStatusHandlerTests.cs(374,26): error ENDOFLINE: Corrija el marcador de fin de línea. Reemplazar 2 caracteres por "\n". [D:\Perfil\Escritorio\ETC\Programacion\BAXY DEFINITIVO\tests\Baxy.Integration.Tests\Baxy.Integration.Tests.csproj]
D:\Perfil\Escritorio\ETC\Programacion\BAXY DEFINITIVO\tests\Baxy.Integration.Tests\SystemStatusHandlerTests.cs(375,30): error ENDOFLINE: Corrija el marcador de fin de línea. Reemplazar 2 caracteres por "\n". [D:\Perfil\Escritorio\ETC\Programacion\BAXY DEFINITIVO\tests\Baxy.Integration.Tests\Baxy.Integration.Tests.csproj]
D:\Perfil\Escritorio\ETC\Programacion\BAXY DEFINITIVO\tests\Baxy.Integration.Tests\SystemStatusHandlerTests.cs(376,27): error ENDOFLINE: Corrija el marcador de fin de línea. Reemplazar 2 caracteres por "\n". [D:\Perfil\Escritorio\ETC\Programacion\BAXY DEFINITIVO\tests\Baxy.Integration.Tests\Baxy.Integration.Tests.csproj]
D:\Perfil\Escritorio\ETC\Programacion\BAXY DEFINITIVO\tests\Baxy.Integration.Tests\SystemStatusHandlerTests.cs(377,35): error ENDOFLINE: Corrija el marcador de fin de línea. Reemplazar 2 caracteres por "\n". [D:\Perfil\Escritorio\ETC\Programacion\BAXY DEFINITIVO\tests\Baxy.Integration.Tests\Baxy.Integration.Tests.csproj]
D:\Perfil\Escritorio\ETC\Programacion\BAXY DEFINITIVO\tests\Baxy.Integration.Tests\SystemStatusHandlerTests.cs(378,33): error ENDOFLINE: Corrija el marcador de fin de línea. Reemplazar 2 caracteres por "\n". [D:\Perfil\Escritorio\ETC\Programacion\BAXY DEFINITIVO\tests\Baxy.Integration.Tests\Baxy.Integration.Tests.csproj]
D:\Perfil\Escritorio\ETC\Programacion\BAXY DEFINITIVO\tests\Baxy.Integration.Tests\SystemStatusHandlerTests.cs(379,58): error ENDOFLINE: Corrija el marcador de fin de línea. Reemplazar 2 caracteres por "\n". [D:\Perfil\Escritorio\ETC\Programacion\BAXY DEFINITIVO\tests\Baxy.Integration.Tests\Baxy.Integration.Tests.csproj]
D:\Perfil\Escritorio\ETC\Programacion\BAXY DEFINITIVO\tests\Baxy.Integration.Tests\SystemStatusHandlerTests.cs(380,1): error ENDOFLINE: Corrija el marcador de fin de línea. Reemplazar 2 caracteres por "\n". [D:\Perfil\Escritorio\ETC\Programacion\BAXY DEFINITIVO\tests\Baxy.Integration.Tests\Baxy.Integration.Tests.csproj]
D:\Perfil\Escritorio\ETC\Programacion\BAXY DEFINITIVO\tests\Baxy.Integration.Tests\SystemStatusHandlerTests.cs(381,92): error ENDOFLINE: Corrija el marcador de fin de línea. Reemplazar 2 caracteres por "\n". [D:\Perfil\Escritorio\ETC\Programacion\BAXY DEFINITIVO\tests\Baxy.Integration.Tests\Baxy.Integration.Tests.csproj]
D:\Perfil\Escritorio\ETC\Programacion\BAXY DEFINITIVO\tests\Baxy.Integration.Tests\SystemStatusHandlerTests.cs(382,6): error ENDOFLINE: Corrija el marcador de fin de línea. Reemplazar 2 caracteres por "\n". [D:\Perfil\Escritorio\ETC\Programacion\BAXY DEFINITIVO\tests\Baxy.Integration.Tests\Baxy.Integration.Tests.csproj]
D:\Perfil\Escritorio\ETC\Programacion\BAXY DEFINITIVO\tests\Baxy.Integration.Tests\SystemStatusHandlerTests.cs(383,54): error ENDOFLINE: Corrija el marcador de fin de línea. Reemplazar 2 caracteres por "\n". [D:\Perfil\Escritorio\ETC\Programacion\BAXY DEFINITIVO\tests\Baxy.Integration.Tests\Baxy.Integration.Tests.csproj]
D:\Perfil\Escritorio\ETC\Programacion\BAXY DEFINITIVO\tests\Baxy.Integration.Tests\SystemStatusHandlerTests.cs(384,29): error ENDOFLINE: Corrija el marcador de fin de línea. Reemplazar 2 caracteres por "\n". [D:\Perfil\Escritorio\ETC\Programacion\BAXY DEFINITIVO\tests\Baxy.Integration.Tests\Baxy.Integration.Tests.csproj]
D:\Perfil\Escritorio\ETC\Programacion\BAXY DEFINITIVO\tests\Baxy.Integration.Tests\SystemStatusHandlerTests.cs(385,10): error ENDOFLINE: Corrija el marcador de fin de línea. Reemplazar 2 caracteres por "\n". [D:\Perfil\Escritorio\ETC\Programacion\BAXY DEFINITIVO\tests\Baxy.Integration.Tests\Baxy.Integration.Tests.csproj]
D:\Perfil\Escritorio\ETC\Programacion\BAXY DEFINITIVO\tests\Baxy.Integration.Tests\SystemStatusHandlerTests.cs(386,89): error ENDOFLINE: Corrija el marcador de fin de línea. Reemplazar 2 caracteres por "\n". [D:\Perfil\Escritorio\ETC\Programacion\BAXY DEFINITIVO\tests\Baxy.Integration.Tests\Baxy.Integration.Tests.csproj]
D:\Perfil\Escritorio\ETC\Programacion\BAXY DEFINITIVO\tests\Baxy.Integration.Tests\SystemStatusHandlerTests.cs(387,82): error ENDOFLINE: Corrija el marcador de fin de línea. Reemplazar 2 caracteres por "\n". [D:\Perfil\Escritorio\ETC\Programacion\BAXY DEFINITIVO\tests\Baxy.Integration.Tests\Baxy.Integration.Tests.csproj]
D:\Perfil\Escritorio\ETC\Programacion\BAXY DEFINITIVO\tests\Baxy.Integration.Tests\SystemStatusHandlerTests.cs(388,14): error ENDOFLINE: Corrija el marcador de fin de línea. Reemplazar 2 caracteres por "\n". [D:\Perfil\Escritorio\ETC\Programacion\BAXY DEFINITIVO\tests\Baxy.Integration.Tests\Baxy.Integration.Tests.csproj]
D:\Perfil\Escritorio\ETC\Programacion\BAXY DEFINITIVO\tests\Baxy.Integration.Tests\SystemStatusHandlerTests.cs(389,27): error ENDOFLINE: Corrija el marcador de fin de línea. Reemplazar 2 caracteres por "\n". [D:\Perfil\Escritorio\ETC\Programacion\BAXY DEFINITIVO\tests\Baxy.Integration.Tests\Baxy.Integration.Tests.csproj]
D:\Perfil\Escritorio\ETC\Programacion\BAXY DEFINITIVO\tests\Baxy.Integration.Tests\SystemStatusHandlerTests.cs(390,18): error ENDOFLINE: Corrija el marcador de fin de línea. Reemplazar 2 caracteres por "\n". [D:\Perfil\Escritorio\ETC\Programacion\BAXY DEFINITIVO\tests\Baxy.Integration.Tests\Baxy.Integration.Tests.csproj]
D:\Perfil\Escritorio\ETC\Programacion\BAXY DEFINITIVO\tests\Baxy.Integration.Tests\SystemStatusHandlerTests.cs(391,45): error ENDOFLINE: Corrija el marcador de fin de línea. Reemplazar 2 caracteres por "\n". [D:\Perfil\Escritorio\ETC\Programacion\BAXY DEFINITIVO\tests\Baxy.Integration.Tests\Baxy.Integration.Tests.csproj]
D:\Perfil\Escritorio\ETC\Programacion\BAXY DEFINITIVO\tests\Baxy.Integration.Tests\SystemStatusHandlerTests.cs(392,47): error ENDOFLINE: Corrija el marcador de fin de línea. Reemplazar 2 caracteres por "\n". [D:\Perfil\Escritorio\ETC\Programacion\BAXY DEFINITIVO\tests\Baxy.Integration.Tests\Baxy.Integration.Tests.csproj]
D:\Perfil\Escritorio\ETC\Programacion\BAXY DEFINITIVO\tests\Baxy.Integration.Tests\SystemStatusHandlerTests.cs(393,67): error ENDOFLINE: Corrija el marcador de fin de línea. Reemplazar 2 caracteres por "\n". [D:\Perfil\Escritorio\ETC\Programacion\BAXY DEFINITIVO\tests\Baxy.Integration.Tests\Baxy.Integration.Tests.csproj]
D:\Perfil\Escritorio\ETC\Programacion\BAXY DEFINITIVO\tests\Baxy.Integration.Tests\SystemStatusHandlerTests.cs(394,19): error ENDOFLINE: Corrija el marcador de fin de línea. Reemplazar 2 caracteres por "\n". [D:\Perfil\Escritorio\ETC\Programacion\BAXY DEFINITIVO\tests\Baxy.Integration.Tests\Baxy.Integration.Tests.csproj]
D:\Perfil\Escritorio\ETC\Programacion\BAXY DEFINITIVO\tests\Baxy.Integration.Tests\SystemStatusHandlerTests.cs(395,16): error ENDOFLINE: Corrija el marcador de fin de línea. Reemplazar 2 caracteres por "\n". [D:\Perfil\Escritorio\ETC\Programacion\BAXY DEFINITIVO\tests\Baxy.Integration.Tests\Baxy.Integration.Tests.csproj]
D:\Perfil\Escritorio\ETC\Programacion\BAXY DEFINITIVO\tests\Baxy.Integration.Tests\SystemStatusHandlerTests.cs(396,82): error ENDOFLINE: Corrija el marcador de fin de línea. Reemplazar 2 caracteres por "\n". [D:\Perfil\Escritorio\ETC\Programacion\BAXY DEFINITIVO\tests\Baxy.Integration.Tests\Baxy.Integration.Tests.csproj]
D:\Perfil\Escritorio\ETC\Programacion\BAXY DEFINITIVO\tests\Baxy.Integration.Tests\SystemStatusHandlerTests.cs(397,14): error ENDOFLINE: Corrija el marcador de fin de línea. Reemplazar 2 caracteres por "\n". [D:\Perfil\Escritorio\ETC\Programacion\BAXY DEFINITIVO\tests\Baxy.Integration.Tests\Baxy.Integration.Tests.csproj]
D:\Perfil\Escritorio\ETC\Programacion\BAXY DEFINITIVO\tests\Baxy.Integration.Tests\SystemStatusHandlerTests.cs(398,67): error ENDOFLINE: Corrija el marcador de fin de línea. Reemplazar 2 caracteres por "\n". [D:\Perfil\Escritorio\ETC\Programacion\BAXY DEFINITIVO\tests\Baxy.Integration.Tests\Baxy.Integration.Tests.csproj]
D:\Perfil\Escritorio\ETC\Programacion\BAXY DEFINITIVO\tests\Baxy.Integration.Tests\SystemStatusHandlerTests.cs(399,16): error ENDOFLINE: Corrija el marcador de fin de línea. Reemplazar 2 caracteres por "\n". [D:\Perfil\Escritorio\ETC\Programacion\BAXY DEFINITIVO\tests\Baxy.Integration.Tests\Baxy.Integration.Tests.csproj]
D:\Perfil\Escritorio\ETC\Programacion\BAXY DEFINITIVO\tests\Baxy.Integration.Tests\SystemStatusHandlerTests.cs(400,58): error ENDOFLINE: Corrija el marcador de fin de línea. Reemplazar 2 caracteres por "\n". [D:\Perfil\Escritorio\ETC\Programacion\BAXY DEFINITIVO\tests\Baxy.Integration.Tests\Baxy.Integration.Tests.csproj]
D:\Perfil\Escritorio\ETC\Programacion\BAXY DEFINITIVO\tests\Baxy.Integration.Tests\SystemStatusHandlerTests.cs(401,39): error ENDOFLINE: Corrija el marcador de fin de línea. Reemplazar 2 caracteres por "\n". [D:\Perfil\Escritorio\ETC\Programacion\BAXY DEFINITIVO\tests\Baxy.Integration.Tests\Baxy.Integration.Tests.csproj]
D:\Perfil\Escritorio\ETC\Programacion\BAXY DEFINITIVO\tests\Baxy.Integration.Tests\SystemStatusHandlerTests.cs(402,63): error ENDOFLINE: Corrija el marcador de fin de línea. Reemplazar 2 caracteres por "\n". [D:\Perfil\Escritorio\ETC\Programacion\BAXY DEFINITIVO\tests\Baxy.Integration.Tests\Baxy.Integration.Tests.csproj]
D:\Perfil\Escritorio\ETC\Programacion\BAXY DEFINITIVO\tests\Baxy.Integration.Tests\SystemStatusHandlerTests.cs(403,14): error ENDOFLINE: Corrija el marcador de fin de línea. Reemplazar 2 caracteres por "\n". [D:\Perfil\Escritorio\ETC\Programacion\BAXY DEFINITIVO\tests\Baxy.Integration.Tests\Baxy.Integration.Tests.csproj]
D:\Perfil\Escritorio\ETC\Programacion\BAXY DEFINITIVO\tests\Baxy.Integration.Tests\SystemStatusHandlerTests.cs(404,27): error ENDOFLINE: Corrija el marcador de fin de línea. Reemplazar 2 caracteres por "\n". [D:\Perfil\Escritorio\ETC\Programacion\BAXY DEFINITIVO\tests\Baxy.Integration.Tests\Baxy.Integration.Tests.csproj]
D:\Perfil\Escritorio\ETC\Programacion\BAXY DEFINITIVO\tests\Baxy.Integration.Tests\SystemStatusHandlerTests.cs(405,18): error ENDOFLINE: Corrija el marcador de fin de línea. Reemplazar 2 caracteres por "\n". [D:\Perfil\Escritorio\ETC\Programacion\BAXY DEFINITIVO\tests\Baxy.Integration.Tests\Baxy.Integration.Tests.csproj]
D:\Perfil\Escritorio\ETC\Programacion\BAXY DEFINITIVO\tests\Baxy.Integration.Tests\SystemStatusHandlerTests.cs(406,45): error ENDOFLINE: Corrija el marcador de fin de línea. Reemplazar 2 caracteres por "\n". [D:\Perfil\Escritorio\ETC\Programacion\BAXY DEFINITIVO\tests\Baxy.Integration.Tests\Baxy.Integration.Tests.csproj]
D:\Perfil\Escritorio\ETC\Programacion\BAXY DEFINITIVO\tests\Baxy.Integration.Tests\SystemStatusHandlerTests.cs(407,47): error ENDOFLINE: Corrija el marcador de fin de línea. Reemplazar 2 caracteres por "\n". [D:\Perfil\Escritorio\ETC\Programacion\BAXY DEFINITIVO\tests\Baxy.Integration.Tests\Baxy.Integration.Tests.csproj]
D:\Perfil\Escritorio\ETC\Programacion\BAXY DEFINITIVO\tests\Baxy.Integration.Tests\SystemStatusHandlerTests.cs(408,67): error ENDOFLINE: Corrija el marcador de fin de línea. Reemplazar 2 caracteres por "\n". [D:\Perfil\Escritorio\ETC\Programacion\BAXY DEFINITIVO\tests\Baxy.Integration.Tests\Baxy.Integration.Tests.csproj]
D:\Perfil\Escritorio\ETC\Programacion\BAXY DEFINITIVO\tests\Baxy.Integration.Tests\SystemStatusHandlerTests.cs(409,45): error ENDOFLINE: Corrija el marcador de fin de línea. Reemplazar 2 caracteres por "\n". [D:\Perfil\Escritorio\ETC\Programacion\BAXY DEFINITIVO\tests\Baxy.Integration.Tests\Baxy.Integration.Tests.csproj]
D:\Perfil\Escritorio\ETC\Programacion\BAXY DEFINITIVO\tests\Baxy.Integration.Tests\SystemStatusHandlerTests.cs(410,47): error ENDOFLINE: Corrija el marcador de fin de línea. Reemplazar 2 caracteres por "\n". [D:\Perfil\Escritorio\ETC\Programacion\BAXY DEFINITIVO\tests\Baxy.Integration.Tests\Baxy.Integration.Tests.csproj]
D:\Perfil\Escritorio\ETC\Programacion\BAXY DEFINITIVO\tests\Baxy.Integration.Tests\SystemStatusHandlerTests.cs(411,61): error ENDOFLINE: Corrija el marcador de fin de línea. Reemplazar 2 caracteres por "\n". [D:\Perfil\Escritorio\ETC\Programacion\BAXY DEFINITIVO\tests\Baxy.Integration.Tests\Baxy.Integration.Tests.csproj]
D:\Perfil\Escritorio\ETC\Programacion\BAXY DEFINITIVO\tests\Baxy.Integration.Tests\SystemStatusHandlerTests.cs(412,19): error ENDOFLINE: Corrija el marcador de fin de línea. Reemplazar 2 caracteres por "\n". [D:\Perfil\Escritorio\ETC\Programacion\BAXY DEFINITIVO\tests\Baxy.Integration.Tests\Baxy.Integration.Tests.csproj]
D:\Perfil\Escritorio\ETC\Programacion\BAXY DEFINITIVO\tests\Baxy.Integration.Tests\SystemStatusHandlerTests.cs(413,16): error ENDOFLINE: Corrija el marcador de fin de línea. Reemplazar 2 caracteres por "\n". [D:\Perfil\Escritorio\ETC\Programacion\BAXY DEFINITIVO\tests\Baxy.Integration.Tests\Baxy.Integration.Tests.csproj]
D:\Perfil\Escritorio\ETC\Programacion\BAXY DEFINITIVO\tests\Baxy.Integration.Tests\SystemStatusHandlerTests.cs(414,63): error ENDOFLINE: Corrija el marcador de fin de línea. Reemplazar 2 caracteres por "\n". [D:\Perfil\Escritorio\ETC\Programacion\BAXY DEFINITIVO\tests\Baxy.Integration.Tests\Baxy.Integration.Tests.csproj]
D:\Perfil\Escritorio\ETC\Programacion\BAXY DEFINITIVO\tests\Baxy.Integration.Tests\SystemStatusHandlerTests.cs(415,66): error ENDOFLINE: Corrija el marcador de fin de línea. Reemplazar 2 caracteres por "\n". [D:\Perfil\Escritorio\ETC\Programacion\BAXY DEFINITIVO\tests\Baxy.Integration.Tests\Baxy.Integration.Tests.csproj]
D:\Perfil\Escritorio\ETC\Programacion\BAXY DEFINITIVO\tests\Baxy.Integration.Tests\SystemStatusHandlerTests.cs(416,60): error ENDOFLINE: Corrija el marcador de fin de línea. Reemplazar 2 caracteres por "\n". [D:\Perfil\Escritorio\ETC\Programacion\BAXY DEFINITIVO\tests\Baxy.Integration.Tests\Baxy.Integration.Tests.csproj]
D:\Perfil\Escritorio\ETC\Programacion\BAXY DEFINITIVO\tests\Baxy.Integration.Tests\SystemStatusHandlerTests.cs(417,91): error ENDOFLINE: Corrija el marcador de fin de línea. Reemplazar 2 caracteres por "\n". [D:\Perfil\Escritorio\ETC\Programacion\BAXY DEFINITIVO\tests\Baxy.Integration.Tests\Baxy.Integration.Tests.csproj]
D:\Perfil\Escritorio\ETC\Programacion\BAXY DEFINITIVO\tests\Baxy.Integration.Tests\SystemStatusHandlerTests.cs(418,79): error ENDOFLINE: Corrija el marcador de fin de línea. Reemplazar 2 caracteres por "\n". [D:\Perfil\Escritorio\ETC\Programacion\BAXY DEFINITIVO\tests\Baxy.Integration.Tests\Baxy.Integration.Tests.csproj]
D:\Perfil\Escritorio\ETC\Programacion\BAXY DEFINITIVO\tests\Baxy.Integration.Tests\SystemStatusHandlerTests.cs(419,14): error ENDOFLINE: Corrija el marcador de fin de línea. Reemplazar 2 caracteres por "\n". [D:\Perfil\Escritorio\ETC\Programacion\BAXY DEFINITIVO\tests\Baxy.Integration.Tests\Baxy.Integration.Tests.csproj]
D:\Perfil\Escritorio\ETC\Programacion\BAXY DEFINITIVO\tests\Baxy.Integration.Tests\SystemStatusHandlerTests.cs(420,59): error ENDOFLINE: Corrija el marcador de fin de línea. Reemplazar 2 caracteres por "\n". [D:\Perfil\Escritorio\ETC\Programacion\BAXY DEFINITIVO\tests\Baxy.Integration.Tests\Baxy.Integration.Tests.csproj]
D:\Perfil\Escritorio\ETC\Programacion\BAXY DEFINITIVO\tests\Baxy.Integration.Tests\SystemStatusHandlerTests.cs(421,16): error ENDOFLINE: Corrija el marcador de fin de línea. Reemplazar 2 caracteres por "\n". [D:\Perfil\Escritorio\ETC\Programacion\BAXY DEFINITIVO\tests\Baxy.Integration.Tests\Baxy.Integration.Tests.csproj]
D:\Perfil\Escritorio\ETC\Programacion\BAXY DEFINITIVO\tests\Baxy.Integration.Tests\SystemStatusHandlerTests.cs(422,74): error ENDOFLINE: Corrija el marcador de fin de línea. Reemplazar 2 caracteres por "\n". [D:\Perfil\Escritorio\ETC\Programacion\BAXY DEFINITIVO\tests\Baxy.Integration.Tests\Baxy.Integration.Tests.csproj]
D:\Perfil\Escritorio\ETC\Programacion\BAXY DEFINITIVO\tests\Baxy.Integration.Tests\SystemStatusHandlerTests.cs(423,14): error ENDOFLINE: Corrija el marcador de fin de línea. Reemplazar 2 caracteres por "\n". [D:\Perfil\Escritorio\ETC\Programacion\BAXY DEFINITIVO\tests\Baxy.Integration.Tests\Baxy.Integration.Tests.csproj]
D:\Perfil\Escritorio\ETC\Programacion\BAXY DEFINITIVO\tests\Baxy.Integration.Tests\SystemStatusHandlerTests.cs(424,53): error ENDOFLINE: Corrija el marcador de fin de línea. Reemplazar 2 caracteres por "\n". [D:\Perfil\Escritorio\ETC\Programacion\BAXY DEFINITIVO\tests\Baxy.Integration.Tests\Baxy.Integration.Tests.csproj]
D:\Perfil\Escritorio\ETC\Programacion\BAXY DEFINITIVO\tests\Baxy.Integration.Tests\SystemStatusHandlerTests.cs(425,16): error ENDOFLINE: Corrija el marcador de fin de línea. Reemplazar 2 caracteres por "\n". [D:\Perfil\Escritorio\ETC\Programacion\BAXY DEFINITIVO\tests\Baxy.Integration.Tests\Baxy.Integration.Tests.csproj]
D:\Perfil\Escritorio\ETC\Programacion\BAXY DEFINITIVO\tests\Baxy.Integration.Tests\SystemStatusHandlerTests.cs(426,74): error ENDOFLINE: Corrija el marcador de fin de línea. Reemplazar 2 caracteres por "\n". [D:\Perfil\Escritorio\ETC\Programacion\BAXY DEFINITIVO\tests\Baxy.Integration.Tests\Baxy.Integration.Tests.csproj]
D:\Perfil\Escritorio\ETC\Programacion\BAXY DEFINITIVO\tests\Baxy.Integration.Tests\SystemStatusHandlerTests.cs(427,14): error ENDOFLINE: Corrija el marcador de fin de línea. Reemplazar 2 caracteres por "\n". [D:\Perfil\Escritorio\ETC\Programacion\BAXY DEFINITIVO\tests\Baxy.Integration.Tests\Baxy.Integration.Tests.csproj]
D:\Perfil\Escritorio\ETC\Programacion\BAXY DEFINITIVO\tests\Baxy.Integration.Tests\SystemStatusHandlerTests.cs(428,59): error ENDOFLINE: Corrija el marcador de fin de línea. Reemplazar 2 caracteres por "\n". [D:\Perfil\Escritorio\ETC\Programacion\BAXY DEFINITIVO\tests\Baxy.Integration.Tests\Baxy.Integration.Tests.csproj]
D:\Perfil\Escritorio\ETC\Programacion\BAXY DEFINITIVO\tests\Baxy.Integration.Tests\SystemStatusHandlerTests.cs(429,16): error ENDOFLINE: Corrija el marcador de fin de línea. Reemplazar 2 caracteres por "\n". [D:\Perfil\Escritorio\ETC\Programacion\BAXY DEFINITIVO\tests\Baxy.Integration.Tests\Baxy.Integration.Tests.csproj]
D:\Perfil\Escritorio\ETC\Programacion\BAXY DEFINITIVO\tests\Baxy.Integration.Tests\SystemStatusHandlerTests.cs(430,90): error ENDOFLINE: Corrija el marcador de fin de línea. Reemplazar 2 caracteres por "\n". [D:\Perfil\Escritorio\ETC\Programacion\BAXY DEFINITIVO\tests\Baxy.Integration.Tests\Baxy.Integration.Tests.csproj]
D:\Perfil\Escritorio\ETC\Programacion\BAXY DEFINITIVO\tests\Baxy.Integration.Tests\SystemStatusHandlerTests.cs(431,14): error ENDOFLINE: Corrija el marcador de fin de línea. Reemplazar 2 caracteres por "\n". [D:\Perfil\Escritorio\ETC\Programacion\BAXY DEFINITIVO\tests\Baxy.Integration.Tests\Baxy.Integration.Tests.csproj]
D:\Perfil\Escritorio\ETC\Programacion\BAXY DEFINITIVO\tests\Baxy.Integration.Tests\SystemStatusHandlerTests.cs(432,58): error ENDOFLINE: Corrija el marcador de fin de línea. Reemplazar 2 caracteres por "\n". [D:\Perfil\Escritorio\ETC\Programacion\BAXY DEFINITIVO\tests\Baxy.Integration.Tests\Baxy.Integration.Tests.csproj]
D:\Perfil\Escritorio\ETC\Programacion\BAXY DEFINITIVO\tests\Baxy.Integration.Tests\SystemStatusHandlerTests.cs(433,16): error ENDOFLINE: Corrija el marcador de fin de línea. Reemplazar 2 caracteres por "\n". [D:\Perfil\Escritorio\ETC\Programacion\BAXY DEFINITIVO\tests\Baxy.Integration.Tests\Baxy.Integration.Tests.csproj]
D:\Perfil\Escritorio\ETC\Programacion\BAXY DEFINITIVO\tests\Baxy.Integration.Tests\SystemStatusHandlerTests.cs(434,71): error ENDOFLINE: Corrija el marcador de fin de línea. Reemplazar 2 caracteres por "\n". [D:\Perfil\Escritorio\ETC\Programacion\BAXY DEFINITIVO\tests\Baxy.Integration.Tests\Baxy.Integration.Tests.csproj]
D:\Perfil\Escritorio\ETC\Programacion\BAXY DEFINITIVO\tests\Baxy.Integration.Tests\SystemStatusHandlerTests.cs(435,57): error ENDOFLINE: Corrija el marcador de fin de línea. Reemplazar 2 caracteres por "\n". [D:\Perfil\Escritorio\ETC\Programacion\BAXY DEFINITIVO\tests\Baxy.Integration.Tests\Baxy.Integration.Tests.csproj]
D:\Perfil\Escritorio\ETC\Programacion\BAXY DEFINITIVO\tests\Baxy.Integration.Tests\SystemStatusHandlerTests.cs(436,18): error ENDOFLINE: Corrija el marcador de fin de línea. Reemplazar 2 caracteres por "\n". [D:\Perfil\Escritorio\ETC\Programacion\BAXY DEFINITIVO\tests\Baxy.Integration.Tests\Baxy.Integration.Tests.csproj]
D:\Perfil\Escritorio\ETC\Programacion\BAXY DEFINITIVO\tests\Baxy.Integration.Tests\SystemStatusHandlerTests.cs(437,72): error ENDOFLINE: Corrija el marcador de fin de línea. Reemplazar 2 caracteres por "\n". [D:\Perfil\Escritorio\ETC\Programacion\BAXY DEFINITIVO\tests\Baxy.Integration.Tests\Baxy.Integration.Tests.csproj]
D:\Perfil\Escritorio\ETC\Programacion\BAXY DEFINITIVO\tests\Baxy.Integration.Tests\SystemStatusHandlerTests.cs(438,20): error ENDOFLINE: Corrija el marcador de fin de línea. Reemplazar 2 caracteres por "\n". [D:\Perfil\Escritorio\ETC\Programacion\BAXY DEFINITIVO\tests\Baxy.Integration.Tests\Baxy.Integration.Tests.csproj]
D:\Perfil\Escritorio\ETC\Programacion\BAXY DEFINITIVO\tests\Baxy.Integration.Tests\SystemStatusHandlerTests.cs(439,70): error ENDOFLINE: Corrija el marcador de fin de línea. Reemplazar 2 caracteres por "\n". [D:\Perfil\Escritorio\ETC\Programacion\BAXY DEFINITIVO\tests\Baxy.Integration.Tests\Baxy.Integration.Tests.csproj]
D:\Perfil\Escritorio\ETC\Programacion\BAXY DEFINITIVO\tests\Baxy.Integration.Tests\SystemStatusHandlerTests.cs(440,57): error ENDOFLINE: Corrija el marcador de fin de línea. Reemplazar 2 caracteres por "\n". [D:\Perfil\Escritorio\ETC\Programacion\BAXY DEFINITIVO\tests\Baxy.Integration.Tests\Baxy.Integration.Tests.csproj]
D:\Perfil\Escritorio\ETC\Programacion\BAXY DEFINITIVO\tests\Baxy.Integration.Tests\SystemStatusHandlerTests.cs(441,18): error ENDOFLINE: Corrija el marcador de fin de línea. Reemplazar 2 caracteres por "\n". [D:\Perfil\Escritorio\ETC\Programacion\BAXY DEFINITIVO\tests\Baxy.Integration.Tests\Baxy.Integration.Tests.csproj]
D:\Perfil\Escritorio\ETC\Programacion\BAXY DEFINITIVO\tests\Baxy.Integration.Tests\SystemStatusHandlerTests.cs(442,74): error ENDOFLINE: Corrija el marcador de fin de línea. Reemplazar 2 caracteres por "\n". [D:\Perfil\Escritorio\ETC\Programacion\BAXY DEFINITIVO\tests\Baxy.Integration.Tests\Baxy.Integration.Tests.csproj]
D:\Perfil\Escritorio\ETC\Programacion\BAXY DEFINITIVO\tests\Baxy.Integration.Tests\SystemStatusHandlerTests.cs(443,20): error ENDOFLINE: Corrija el marcador de fin de línea. Reemplazar 2 caracteres por "\n". [D:\Perfil\Escritorio\ETC\Programacion\BAXY DEFINITIVO\tests\Baxy.Integration.Tests\Baxy.Integration.Tests.csproj]
D:\Perfil\Escritorio\ETC\Programacion\BAXY DEFINITIVO\tests\Baxy.Integration.Tests\SystemStatusHandlerTests.cs(444,98): error ENDOFLINE: Corrija el marcador de fin de línea. Reemplazar 2 caracteres por "\n". [D:\Perfil\Escritorio\ETC\Programacion\BAXY DEFINITIVO\tests\Baxy.Integration.Tests\Baxy.Integration.Tests.csproj]
D:\Perfil\Escritorio\ETC\Programacion\BAXY DEFINITIVO\tests\Baxy.Integration.Tests\SystemStatusHandlerTests.cs(445,14): error ENDOFLINE: Corrija el marcador de fin de línea. Reemplazar 2 caracteres por "\n". [D:\Perfil\Escritorio\ETC\Programacion\BAXY DEFINITIVO\tests\Baxy.Integration.Tests\Baxy.Integration.Tests.csproj]
D:\Perfil\Escritorio\ETC\Programacion\BAXY DEFINITIVO\tests\Baxy.Integration.Tests\SystemStatusHandlerTests.cs(446,115): error ENDOFLINE: Corrija el marcador de fin de línea. Reemplazar 2 caracteres por "\n". [D:\Perfil\Escritorio\ETC\Programacion\BAXY DEFINITIVO\tests\Baxy.Integration.Tests\Baxy.Integration.Tests.csproj]
D:\Perfil\Escritorio\ETC\Programacion\BAXY DEFINITIVO\tests\Baxy.Integration.Tests\SystemStatusHandlerTests.cs(447,16): error ENDOFLINE: Corrija el marcador de fin de línea. Reemplazar 2 caracteres por "\n". [D:\Perfil\Escritorio\ETC\Programacion\BAXY DEFINITIVO\tests\Baxy.Integration.Tests\Baxy.Integration.Tests.csproj]
D:\Perfil\Escritorio\ETC\Programacion\BAXY DEFINITIVO\tests\Baxy.Integration.Tests\SystemStatusHandlerTests.cs(448,93): error ENDOFLINE: Corrija el marcador de fin de línea. Reemplazar 2 caracteres por "\n". [D:\Perfil\Escritorio\ETC\Programacion\BAXY DEFINITIVO\tests\Baxy.Integration.Tests\Baxy.Integration.Tests.csproj]
D:\Perfil\Escritorio\ETC\Programacion\BAXY DEFINITIVO\tests\Baxy.Integration.Tests\SystemStatusHandlerTests.cs(449,83): error ENDOFLINE: Corrija el marcador de fin de línea. Reemplazar 2 caracteres por "\n". [D:\Perfil\Escritorio\ETC\Programacion\BAXY DEFINITIVO\tests\Baxy.Integration.Tests\Baxy.Integration.Tests.csproj]
D:\Perfil\Escritorio\ETC\Programacion\BAXY DEFINITIVO\tests\Baxy.Integration.Tests\SystemStatusHandlerTests.cs(450,11): error ENDOFLINE: Corrija el marcador de fin de línea. Reemplazar 2 caracteres por "\n". [D:\Perfil\Escritorio\ETC\Programacion\BAXY DEFINITIVO\tests\Baxy.Integration.Tests\Baxy.Integration.Tests.csproj]
D:\Perfil\Escritorio\ETC\Programacion\BAXY DEFINITIVO\tests\Baxy.Integration.Tests\SystemStatusHandlerTests.cs(451,6): error ENDOFLINE: Corrija el marcador de fin de línea. Reemplazar 2 caracteres por "\n". [D:\Perfil\Escritorio\ETC\Programacion\BAXY DEFINITIVO\tests\Baxy.Integration.Tests\Baxy.Integration.Tests.csproj]
D:\Perfil\Escritorio\ETC\Programacion\BAXY DEFINITIVO\tests\Baxy.Integration.Tests\SystemStatusHandlerTests.cs(452,1): error ENDOFLINE: Corrija el marcador de fin de línea. Reemplazar 2 caracteres por "\n". [D:\Perfil\Escritorio\ETC\Programacion\BAXY DEFINITIVO\tests\Baxy.Integration.Tests\Baxy.Integration.Tests.csproj]
D:\Perfil\Escritorio\ETC\Programacion\BAXY DEFINITIVO\tests\Baxy.Integration.Tests\SystemStatusHandlerTests.cs(453,71): error ENDOFLINE: Corrija el marcador de fin de línea. Reemplazar 2 caracteres por "\n". [D:\Perfil\Escritorio\ETC\Programacion\BAXY DEFINITIVO\tests\Baxy.Integration.Tests\Baxy.Integration.Tests.csproj]
D:\Perfil\Escritorio\ETC\Programacion\BAXY DEFINITIVO\tests\Baxy.Integration.Tests\SystemStatusHandlerTests.cs(454,17): error ENDOFLINE: Corrija el marcador de fin de línea. Reemplazar 2 caracteres por "\n". [D:\Perfil\Escritorio\ETC\Programacion\BAXY DEFINITIVO\tests\Baxy.Integration.Tests\Baxy.Integration.Tests.csproj]
D:\Perfil\Escritorio\ETC\Programacion\BAXY DEFINITIVO\tests\Baxy.Integration.Tests\SystemStatusHandlerTests.cs(455,17): error ENDOFLINE: Corrija el marcador de fin de línea. Reemplazar 2 caracteres por "\n". [D:\Perfil\Escritorio\ETC\Programacion\BAXY DEFINITIVO\tests\Baxy.Integration.Tests\Baxy.Integration.Tests.csproj]
D:\Perfil\Escritorio\ETC\Programacion\BAXY DEFINITIVO\tests\Baxy.Integration.Tests\SystemStatusHandlerTests.cs(456,17): error ENDOFLINE: Corrija el marcador de fin de línea. Reemplazar 2 caracteres por "\n". [D:\Perfil\Escritorio\ETC\Programacion\BAXY DEFINITIVO\tests\Baxy.Integration.Tests\Baxy.Integration.Tests.csproj]
D:\Perfil\Escritorio\ETC\Programacion\BAXY DEFINITIVO\tests\Baxy.Integration.Tests\SystemStatusHandlerTests.cs(457,22): error ENDOFLINE: Corrija el marcador de fin de línea. Reemplazar 2 caracteres por "\n". [D:\Perfil\Escritorio\ETC\Programacion\BAXY DEFINITIVO\tests\Baxy.Integration.Tests\Baxy.Integration.Tests.csproj]
D:\Perfil\Escritorio\ETC\Programacion\BAXY DEFINITIVO\tests\Baxy.Integration.Tests\SystemStatusHandlerTests.cs(458,1): error ENDOFLINE: Corrija el marcador de fin de línea. Reemplazar 2 caracteres por "\n". [D:\Perfil\Escritorio\ETC\Programacion\BAXY DEFINITIVO\tests\Baxy.Integration.Tests\Baxy.Integration.Tests.csproj]
D:\Perfil\Escritorio\ETC\Programacion\BAXY DEFINITIVO\tests\Baxy.Integration.Tests\SystemStatusHandlerTests.cs(459,65): error ENDOFLINE: Corrija el marcador de fin de línea. Reemplazar 2 caracteres por "\n". [D:\Perfil\Escritorio\ETC\Programacion\BAXY DEFINITIVO\tests\Baxy.Integration.Tests\Baxy.Integration.Tests.csproj]
D:\Perfil\Escritorio\ETC\Programacion\BAXY DEFINITIVO\tests\Baxy.Integration.Tests\SystemStatusHandlerTests.cs(460,40): error ENDOFLINE: Corrija el marcador de fin de línea. Reemplazar 2 caracteres por "\n". [D:\Perfil\Escritorio\ETC\Programacion\BAXY DEFINITIVO\tests\Baxy.Integration.Tests\Baxy.Integration.Tests.csproj]
D:\Perfil\Escritorio\ETC\Programacion\BAXY DEFINITIVO\tests\Baxy.Integration.Tests\SystemStatusHandlerTests.cs(461,17): error ENDOFLINE: Corrija el marcador de fin de línea. Reemplazar 2 caracteres por "\n". [D:\Perfil\Escritorio\ETC\Programacion\BAXY DEFINITIVO\tests\Baxy.Integration.Tests\Baxy.Integration.Tests.csproj]
D:\Perfil\Escritorio\ETC\Programacion\BAXY DEFINITIVO\tests\Baxy.Integration.Tests\SystemStatusHandlerTests.cs(462,17): error ENDOFLINE: Corrija el marcador de fin de línea. Reemplazar 2 caracteres por "\n". [D:\Perfil\Escritorio\ETC\Programacion\BAXY DEFINITIVO\tests\Baxy.Integration.Tests\Baxy.Integration.Tests.csproj]
D:\Perfil\Escritorio\ETC\Programacion\BAXY DEFINITIVO\tests\Baxy.Integration.Tests\SystemStatusHandlerTests.cs(463,17): error ENDOFLINE: Corrija el marcador de fin de línea. Reemplazar 2 caracteres por "\n". [D:\Perfil\Escritorio\ETC\Programacion\BAXY DEFINITIVO\tests\Baxy.Integration.Tests\Baxy.Integration.Tests.csproj]
D:\Perfil\Escritorio\ETC\Programacion\BAXY DEFINITIVO\tests\Baxy.Integration.Tests\SystemStatusHandlerTests.cs(464,25): error ENDOFLINE: Corrija el marcador de fin de línea. Reemplazar 2 caracteres por "\n". [D:\Perfil\Escritorio\ETC\Programacion\BAXY DEFINITIVO\tests\Baxy.Integration.Tests\Baxy.Integration.Tests.csproj]
D:\Perfil\Escritorio\ETC\Programacion\BAXY DEFINITIVO\tests\Baxy.Integration.Tests\SystemStatusHandlerTests.cs(465,22): error ENDOFLINE: Corrija el marcador de fin de línea. Reemplazar 2 caracteres por "\n". [D:\Perfil\Escritorio\ETC\Programacion\BAXY DEFINITIVO\tests\Baxy.Integration.Tests\Baxy.Integration.Tests.csproj]
D:\Perfil\Escritorio\ETC\Programacion\BAXY DEFINITIVO\tests\Baxy.Integration.Tests\SystemStatusHandlerTests.cs(466,1): error ENDOFLINE: Corrija el marcador de fin de línea. Reemplazar 2 caracteres por "\n". [D:\Perfil\Escritorio\ETC\Programacion\BAXY DEFINITIVO\tests\Baxy.Integration.Tests\Baxy.Integration.Tests.csproj]
D:\Perfil\Escritorio\ETC\Programacion\BAXY DEFINITIVO\tests\Baxy.Integration.Tests\SystemStatusHandlerTests.cs(467,53): error ENDOFLINE: Corrija el marcador de fin de línea. Reemplazar 2 caracteres por "\n". [D:\Perfil\Escritorio\ETC\Programacion\BAXY DEFINITIVO\tests\Baxy.Integration.Tests\Baxy.Integration.Tests.csproj]
D:\Perfil\Escritorio\ETC\Programacion\BAXY DEFINITIVO\tests\Baxy.Integration.Tests\SystemStatusHandlerTests.cs(468,54): error ENDOFLINE: Corrija el marcador de fin de línea. Reemplazar 2 caracteres por "\n". [D:\Perfil\Escritorio\ETC\Programacion\BAXY DEFINITIVO\tests\Baxy.Integration.Tests\Baxy.Integration.Tests.csproj]
D:\Perfil\Escritorio\ETC\Programacion\BAXY DEFINITIVO\tests\Baxy.Integration.Tests\SystemStatusHandlerTests.cs(469,1): error ENDOFLINE: Corrija el marcador de fin de línea. Reemplazar 2 caracteres por "\n". [D:\Perfil\Escritorio\ETC\Programacion\BAXY DEFINITIVO\tests\Baxy.Integration.Tests\Baxy.Integration.Tests.csproj]
D:\Perfil\Escritorio\ETC\Programacion\BAXY DEFINITIVO\tests\Baxy.Integration.Tests\SystemStatusHandlerTests.cs(470,67): error ENDOFLINE: Corrija el marcador de fin de línea. Reemplazar 2 caracteres por "\n". [D:\Perfil\Escritorio\ETC\Programacion\BAXY DEFINITIVO\tests\Baxy.Integration.Tests\Baxy.Integration.Tests.csproj]
D:\Perfil\Escritorio\ETC\Programacion\BAXY DEFINITIVO\tests\Baxy.Integration.Tests\SystemStatusHandlerTests.cs(471,1): error ENDOFLINE: Corrija el marcador de fin de línea. Reemplazar 2 caracteres por "\n". [D:\Perfil\Escritorio\ETC\Programacion\BAXY DEFINITIVO\tests\Baxy.Integration.Tests\Baxy.Integration.Tests.csproj]
D:\Perfil\Escritorio\ETC\Programacion\BAXY DEFINITIVO\tests\Baxy.Integration.Tests\SystemStatusHandlerTests.cs(472,87): error ENDOFLINE: Corrija el marcador de fin de línea. Reemplazar 2 caracteres por "\n". [D:\Perfil\Escritorio\ETC\Programacion\BAXY DEFINITIVO\tests\Baxy.Integration.Tests\Baxy.Integration.Tests.csproj]
D:\Perfil\Escritorio\ETC\Programacion\BAXY DEFINITIVO\tests\Baxy.Integration.Tests\SystemStatusHandlerTests.cs(473,18): error ENDOFLINE: Corrija el marcador de fin de línea. Reemplazar 2 caracteres por "\n". [D:\Perfil\Escritorio\ETC\Programacion\BAXY DEFINITIVO\tests\Baxy.Integration.Tests\Baxy.Integration.Tests.csproj]
D:\Perfil\Escritorio\ETC\Programacion\BAXY DEFINITIVO\tests\Baxy.Integration.Tests\SystemStatusHandlerTests.cs(474,51): error ENDOFLINE: Corrija el marcador de fin de línea. Reemplazar 2 caracteres por "\n". [D:\Perfil\Escritorio\ETC\Programacion\BAXY DEFINITIVO\tests\Baxy.Integration.Tests\Baxy.Integration.Tests.csproj]
D:\Perfil\Escritorio\ETC\Programacion\BAXY DEFINITIVO\tests\Baxy.Integration.Tests\SystemStatusHandlerTests.cs(475,94): error ENDOFLINE: Corrija el marcador de fin de línea. Reemplazar 2 caracteres por "\n". [D:\Perfil\Escritorio\ETC\Programacion\BAXY DEFINITIVO\tests\Baxy.Integration.Tests\Baxy.Integration.Tests.csproj]
D:\Perfil\Escritorio\ETC\Programacion\BAXY DEFINITIVO\tests\Baxy.Integration.Tests\SystemStatusHandlerTests.cs(476,19): error ENDOFLINE: Corrija el marcador de fin de línea. Reemplazar 2 caracteres por "\n". [D:\Perfil\Escritorio\ETC\Programacion\BAXY DEFINITIVO\tests\Baxy.Integration.Tests\Baxy.Integration.Tests.csproj]
D:\Perfil\Escritorio\ETC\Programacion\BAXY DEFINITIVO\tests\Baxy.Integration.Tests\SystemStatusHandlerTests.cs(477,1): error ENDOFLINE: Corrija el marcador de fin de línea. Reemplazar 2 caracteres por "\n". [D:\Perfil\Escritorio\ETC\Programacion\BAXY DEFINITIVO\tests\Baxy.Integration.Tests\Baxy.Integration.Tests.csproj]
D:\Perfil\Escritorio\ETC\Programacion\BAXY DEFINITIVO\tests\Baxy.Integration.Tests\SystemStatusHandlerTests.cs(478,63): error ENDOFLINE: Corrija el marcador de fin de línea. Reemplazar 2 caracteres por "\n". [D:\Perfil\Escritorio\ETC\Programacion\BAXY DEFINITIVO\tests\Baxy.Integration.Tests\Baxy.Integration.Tests.csproj]
D:\Perfil\Escritorio\ETC\Programacion\BAXY DEFINITIVO\tests\Baxy.Integration.Tests\SystemStatusHandlerTests.cs(479,65): error ENDOFLINE: Corrija el marcador de fin de línea. Reemplazar 2 caracteres por "\n". [D:\Perfil\Escritorio\ETC\Programacion\BAXY DEFINITIVO\tests\Baxy.Integration.Tests\Baxy.Integration.Tests.csproj]
D:\Perfil\Escritorio\ETC\Programacion\BAXY DEFINITIVO\tests\Baxy.Integration.Tests\SystemStatusHandlerTests.cs(480,1): error ENDOFLINE: Corrija el marcador de fin de línea. Reemplazar 2 caracteres por "\n". [D:\Perfil\Escritorio\ETC\Programacion\BAXY DEFINITIVO\tests\Baxy.Integration.Tests\Baxy.Integration.Tests.csproj]
D:\Perfil\Escritorio\ETC\Programacion\BAXY DEFINITIVO\tests\Baxy.Integration.Tests\SystemStatusHandlerTests.cs(481,65): error ENDOFLINE: Corrija el marcador de fin de línea. Reemplazar 2 caracteres por "\n". [D:\Perfil\Escritorio\ETC\Programacion\BAXY DEFINITIVO\tests\Baxy.Integration.Tests\Baxy.Integration.Tests.csproj]
D:\Perfil\Escritorio\ETC\Programacion\BAXY DEFINITIVO\tests\Baxy.Integration.Tests\SystemStatusHandlerTests.cs(482,67): error ENDOFLINE: Corrija el marcador de fin de línea. Reemplazar 2 caracteres por "\n". [D:\Perfil\Escritorio\ETC\Programacion\BAXY DEFINITIVO\tests\Baxy.Integration.Tests\Baxy.Integration.Tests.csproj]
D:\Perfil\Escritorio\ETC\Programacion\BAXY DEFINITIVO\tests\Baxy.Integration.Tests\SystemStatusHandlerTests.cs(483,1): error ENDOFLINE: Corrija el marcador de fin de línea. Reemplazar 2 caracteres por "\n". [D:\Perfil\Escritorio\ETC\Programacion\BAXY DEFINITIVO\tests\Baxy.Integration.Tests\Baxy.Integration.Tests.csproj]
D:\Perfil\Escritorio\ETC\Programacion\BAXY DEFINITIVO\tests\Baxy.Integration.Tests\SystemStatusHandlerTests.cs(484,88): error ENDOFLINE: Corrija el marcador de fin de línea. Reemplazar 2 caracteres por "\n". [D:\Perfil\Escritorio\ETC\Programacion\BAXY DEFINITIVO\tests\Baxy.Integration.Tests\Baxy.Integration.Tests.csproj]
D:\Perfil\Escritorio\ETC\Programacion\BAXY DEFINITIVO\tests\Baxy.Integration.Tests\SystemStatusHandlerTests.cs(485,6): error ENDOFLINE: Corrija el marcador de fin de línea. Reemplazar 2 caracteres por "\n". [D:\Perfil\Escritorio\ETC\Programacion\BAXY DEFINITIVO\tests\Baxy.Integration.Tests\Baxy.Integration.Tests.csproj]
D:\Perfil\Escritorio\ETC\Programacion\BAXY DEFINITIVO\tests\Baxy.Integration.Tests\SystemStatusHandlerTests.cs(486,60): error ENDOFLINE: Corrija el marcador de fin de línea. Reemplazar 2 caracteres por "\n". [D:\Perfil\Escritorio\ETC\Programacion\BAXY DEFINITIVO\tests\Baxy.Integration.Tests\Baxy.Integration.Tests.csproj]
D:\Perfil\Escritorio\ETC\Programacion\BAXY DEFINITIVO\tests\Baxy.Integration.Tests\SystemStatusHandlerTests.cs(487,34): error ENDOFLINE: Corrija el marcador de fin de línea. Reemplazar 2 caracteres por "\n". [D:\Perfil\Escritorio\ETC\Programacion\BAXY DEFINITIVO\tests\Baxy.Integration.Tests\Baxy.Integration.Tests.csproj]
D:\Perfil\Escritorio\ETC\Programacion\BAXY DEFINITIVO\tests\Baxy.Integration.Tests\SystemStatusHandlerTests.cs(488,49): error ENDOFLINE: Corrija el marcador de fin de línea. Reemplazar 2 caracteres por "\n". [D:\Perfil\Escritorio\ETC\Programacion\BAXY DEFINITIVO\tests\Baxy.Integration.Tests\Baxy.Integration.Tests.csproj]
D:\Perfil\Escritorio\ETC\Programacion\BAXY DEFINITIVO\tests\Baxy.Integration.Tests\SystemStatusHandlerTests.cs(489,10): error ENDOFLINE: Corrija el marcador de fin de línea. Reemplazar 2 caracteres por "\n". [D:\Perfil\Escritorio\ETC\Programacion\BAXY DEFINITIVO\tests\Baxy.Integration.Tests\Baxy.Integration.Tests.csproj]
D:\Perfil\Escritorio\ETC\Programacion\BAXY DEFINITIVO\tests\Baxy.Integration.Tests\SystemStatusHandlerTests.cs(490,62): error ENDOFLINE: Corrija el marcador de fin de línea. Reemplazar 2 caracteres por "\n". [D:\Perfil\Escritorio\ETC\Programacion\BAXY DEFINITIVO\tests\Baxy.Integration.Tests\Baxy.Integration.Tests.csproj]
D:\Perfil\Escritorio\ETC\Programacion\BAXY DEFINITIVO\tests\Baxy.Integration.Tests\SystemStatusHandlerTests.cs(491,49): error ENDOFLINE: Corrija el marcador de fin de línea. Reemplazar 2 caracteres por "\n". [D:\Perfil\Escritorio\ETC\Programacion\BAXY DEFINITIVO\tests\Baxy.Integration.Tests\Baxy.Integration.Tests.csproj]
D:\Perfil\Escritorio\ETC\Programacion\BAXY DEFINITIVO\tests\Baxy.Integration.Tests\SystemStatusHandlerTests.cs(492,10): error ENDOFLINE: Corrija el marcador de fin de línea. Reemplazar 2 caracteres por "\n". [D:\Perfil\Escritorio\ETC\Programacion\BAXY DEFINITIVO\tests\Baxy.Integration.Tests\Baxy.Integration.Tests.csproj]
D:\Perfil\Escritorio\ETC\Programacion\BAXY DEFINITIVO\tests\Baxy.Integration.Tests\SystemStatusHandlerTests.cs(493,6): error ENDOFLINE: Corrija el marcador de fin de línea. Reemplazar 2 caracteres por "\n". [D:\Perfil\Escritorio\ETC\Programacion\BAXY DEFINITIVO\tests\Baxy.Integration.Tests\Baxy.Integration.Tests.csproj]
D:\Perfil\Escritorio\ETC\Programacion\BAXY DEFINITIVO\tests\Baxy.Integration.Tests\SystemStatusHandlerTests.cs(494,1): error ENDOFLINE: Corrija el marcador de fin de línea. Reemplazar 2 caracteres por "\n". [D:\Perfil\Escritorio\ETC\Programacion\BAXY DEFINITIVO\tests\Baxy.Integration.Tests\Baxy.Integration.Tests.csproj]
D:\Perfil\Escritorio\ETC\Programacion\BAXY DEFINITIVO\tests\Baxy.Integration.Tests\SystemStatusHandlerTests.cs(495,62): error ENDOFLINE: Corrija el marcador de fin de línea. Reemplazar 2 caracteres por "\n". [D:\Perfil\Escritorio\ETC\Programacion\BAXY DEFINITIVO\tests\Baxy.Integration.Tests\Baxy.Integration.Tests.csproj]
D:\Perfil\Escritorio\ETC\Programacion\BAXY DEFINITIVO\tests\Baxy.Integration.Tests\SystemStatusHandlerTests.cs(496,6): error ENDOFLINE: Corrija el marcador de fin de línea. Reemplazar 2 caracteres por "\n". [D:\Perfil\Escritorio\ETC\Programacion\BAXY DEFINITIVO\tests\Baxy.Integration.Tests\Baxy.Integration.Tests.csproj]
D:\Perfil\Escritorio\ETC\Programacion\BAXY DEFINITIVO\tests\Baxy.Integration.Tests\SystemStatusHandlerTests.cs(497,80): error ENDOFLINE: Corrija el marcador de fin de línea. Reemplazar 2 caracteres por "\n". [D:\Perfil\Escritorio\ETC\Programacion\BAXY DEFINITIVO\tests\Baxy.Integration.Tests\Baxy.Integration.Tests.csproj]
D:\Perfil\Escritorio\ETC\Programacion\BAXY DEFINITIVO\tests\Baxy.Integration.Tests\SystemStatusHandlerTests.cs(498,1): error ENDOFLINE: Corrija el marcador de fin de línea. Reemplazar 2 caracteres por "\n". [D:\Perfil\Escritorio\ETC\Programacion\BAXY DEFINITIVO\tests\Baxy.Integration.Tests\Baxy.Integration.Tests.csproj]
D:\Perfil\Escritorio\ETC\Programacion\BAXY DEFINITIVO\tests\Baxy.Integration.Tests\SystemStatusHandlerTests.cs(499,57): error ENDOFLINE: Corrija el marcador de fin de línea. Reemplazar 2 caracteres por "\n". [D:\Perfil\Escritorio\ETC\Programacion\BAXY DEFINITIVO\tests\Baxy.Integration.Tests\Baxy.Integration.Tests.csproj]
D:\Perfil\Escritorio\ETC\Programacion\BAXY DEFINITIVO\tests\Baxy.Integration.Tests\SystemStatusHandlerTests.cs(500,32): error ENDOFLINE: Corrija el marcador de fin de línea. Reemplazar 2 caracteres por "\n". [D:\Perfil\Escritorio\ETC\Programacion\BAXY DEFINITIVO\tests\Baxy.Integration.Tests\Baxy.Integration.Tests.csproj]
D:\Perfil\Escritorio\ETC\Programacion\BAXY DEFINITIVO\tests\Baxy.Integration.Tests\SystemStatusHandlerTests.cs(501,10): error ENDOFLINE: Corrija el marcador de fin de línea. Reemplazar 2 caracteres por "\n". [D:\Perfil\Escritorio\ETC\Programacion\BAXY DEFINITIVO\tests\Baxy.Integration.Tests\Baxy.Integration.Tests.csproj]
D:\Perfil\Escritorio\ETC\Programacion\BAXY DEFINITIVO\tests\Baxy.Integration.Tests\SystemStatusHandlerTests.cs(502,10): error ENDOFLINE: Corrija el marcador de fin de línea. Reemplazar 2 caracteres por "\n". [D:\Perfil\Escritorio\ETC\Programacion\BAXY DEFINITIVO\tests\Baxy.Integration.Tests\Baxy.Integration.Tests.csproj]
D:\Perfil\Escritorio\ETC\Programacion\BAXY DEFINITIVO\tests\Baxy.Integration.Tests\SystemStatusHandlerTests.cs(503,1): error ENDOFLINE: Corrija el marcador de fin de línea. Reemplazar 2 caracteres por "\n". [D:\Perfil\Escritorio\ETC\Programacion\BAXY DEFINITIVO\tests\Baxy.Integration.Tests\Baxy.Integration.Tests.csproj]
D:\Perfil\Escritorio\ETC\Programacion\BAXY DEFINITIVO\tests\Baxy.Integration.Tests\SystemStatusHandlerTests.cs(504,82): error ENDOFLINE: Corrija el marcador de fin de línea. Reemplazar 2 caracteres por "\n". [D:\Perfil\Escritorio\ETC\Programacion\BAXY DEFINITIVO\tests\Baxy.Integration.Tests\Baxy.Integration.Tests.csproj]
D:\Perfil\Escritorio\ETC\Programacion\BAXY DEFINITIVO\tests\Baxy.Integration.Tests\SystemStatusHandlerTests.cs(505,10): error ENDOFLINE: Corrija el marcador de fin de línea. Reemplazar 2 caracteres por "\n". [D:\Perfil\Escritorio\ETC\Programacion\BAXY DEFINITIVO\tests\Baxy.Integration.Tests\Baxy.Integration.Tests.csproj]
D:\Perfil\Escritorio\ETC\Programacion\BAXY DEFINITIVO\tests\Baxy.Integration.Tests\SystemStatusHandlerTests.cs(506,30): error ENDOFLINE: Corrija el marcador de fin de línea. Reemplazar 2 caracteres por "\n". [D:\Perfil\Escritorio\ETC\Programacion\BAXY DEFINITIVO\tests\Baxy.Integration.Tests\Baxy.Integration.Tests.csproj]
D:\Perfil\Escritorio\ETC\Programacion\BAXY DEFINITIVO\tests\Baxy.Integration.Tests\SystemStatusHandlerTests.cs(507,10): error ENDOFLINE: Corrija el marcador de fin de línea. Reemplazar 2 caracteres por "\n". [D:\Perfil\Escritorio\ETC\Programacion\BAXY DEFINITIVO\tests\Baxy.Integration.Tests\Baxy.Integration.Tests.csproj]
D:\Perfil\Escritorio\ETC\Programacion\BAXY DEFINITIVO\tests\Baxy.Integration.Tests\SystemStatusHandlerTests.cs(508,1): error ENDOFLINE: Corrija el marcador de fin de línea. Reemplazar 2 caracteres por "\n". [D:\Perfil\Escritorio\ETC\Programacion\BAXY DEFINITIVO\tests\Baxy.Integration.Tests\Baxy.Integration.Tests.csproj]
D:\Perfil\Escritorio\ETC\Programacion\BAXY DEFINITIVO\tests\Baxy.Integration.Tests\SystemStatusHandlerTests.cs(509,51): error ENDOFLINE: Corrija el marcador de fin de línea. Reemplazar 2 caracteres por "\n". [D:\Perfil\Escritorio\ETC\Programacion\BAXY DEFINITIVO\tests\Baxy.Integration.Tests\Baxy.Integration.Tests.csproj]
D:\Perfil\Escritorio\ETC\Programacion\BAXY DEFINITIVO\tests\Baxy.Integration.Tests\SystemStatusHandlerTests.cs(510,1): error ENDOFLINE: Corrija el marcador de fin de línea. Reemplazar 2 caracteres por "\n". [D:\Perfil\Escritorio\ETC\Programacion\BAXY DEFINITIVO\tests\Baxy.Integration.Tests\Baxy.Integration.Tests.csproj]
D:\Perfil\Escritorio\ETC\Programacion\BAXY DEFINITIVO\tests\Baxy.Integration.Tests\SystemStatusHandlerTests.cs(511,66): error ENDOFLINE: Corrija el marcador de fin de línea. Reemplazar 2 caracteres por "\n". [D:\Perfil\Escritorio\ETC\Programacion\BAXY DEFINITIVO\tests\Baxy.Integration.Tests\Baxy.Integration.Tests.csproj]
D:\Perfil\Escritorio\ETC\Programacion\BAXY DEFINITIVO\tests\Baxy.Integration.Tests\SystemStatusHandlerTests.cs(512,1): error ENDOFLINE: Corrija el marcador de fin de línea. Reemplazar 2 caracteres por "\n". [D:\Perfil\Escritorio\ETC\Programacion\BAXY DEFINITIVO\tests\Baxy.Integration.Tests\Baxy.Integration.Tests.csproj]
D:\Perfil\Escritorio\ETC\Programacion\BAXY DEFINITIVO\tests\Baxy.Integration.Tests\SystemStatusHandlerTests.cs(513,63): error ENDOFLINE: Corrija el marcador de fin de línea. Reemplazar 2 caracteres por "\n". [D:\Perfil\Escritorio\ETC\Programacion\BAXY DEFINITIVO\tests\Baxy.Integration.Tests\Baxy.Integration.Tests.csproj]
D:\Perfil\Escritorio\ETC\Programacion\BAXY DEFINITIVO\tests\Baxy.Integration.Tests\SystemStatusHandlerTests.cs(514,37): error ENDOFLINE: Corrija el marcador de fin de línea. Reemplazar 2 caracteres por "\n". [D:\Perfil\Escritorio\ETC\Programacion\BAXY DEFINITIVO\tests\Baxy.Integration.Tests\Baxy.Integration.Tests.csproj]
D:\Perfil\Escritorio\ETC\Programacion\BAXY DEFINITIVO\tests\Baxy.Integration.Tests\SystemStatusHandlerTests.cs(515,49): error ENDOFLINE: Corrija el marcador de fin de línea. Reemplazar 2 caracteres por "\n". [D:\Perfil\Escritorio\ETC\Programacion\BAXY DEFINITIVO\tests\Baxy.Integration.Tests\Baxy.Integration.Tests.csproj]
D:\Perfil\Escritorio\ETC\Programacion\BAXY DEFINITIVO\tests\Baxy.Integration.Tests\SystemStatusHandlerTests.cs(516,10): error ENDOFLINE: Corrija el marcador de fin de línea. Reemplazar 2 caracteres por "\n". [D:\Perfil\Escritorio\ETC\Programacion\BAXY DEFINITIVO\tests\Baxy.Integration.Tests\Baxy.Integration.Tests.csproj]
D:\Perfil\Escritorio\ETC\Programacion\BAXY DEFINITIVO\tests\Baxy.Integration.Tests\SystemStatusHandlerTests.cs(517,62): error ENDOFLINE: Corrija el marcador de fin de línea. Reemplazar 2 caracteres por "\n". [D:\Perfil\Escritorio\ETC\Programacion\BAXY DEFINITIVO\tests\Baxy.Integration.Tests\Baxy.Integration.Tests.csproj]
D:\Perfil\Escritorio\ETC\Programacion\BAXY DEFINITIVO\tests\Baxy.Integration.Tests\SystemStatusHandlerTests.cs(518,25): error ENDOFLINE: Corrija el marcador de fin de línea. Reemplazar 2 caracteres por "\n". [D:\Perfil\Escritorio\ETC\Programacion\BAXY DEFINITIVO\tests\Baxy.Integration.Tests\Baxy.Integration.Tests.csproj]
D:\Perfil\Escritorio\ETC\Programacion\BAXY DEFINITIVO\tests\Baxy.Integration.Tests\SystemStatusHandlerTests.cs(519,31): error ENDOFLINE: Corrija el marcador de fin de línea. Reemplazar 2 caracteres por "\n". [D:\Perfil\Escritorio\ETC\Programacion\BAXY DEFINITIVO\tests\Baxy.Integration.Tests\Baxy.Integration.Tests.csproj]
D:\Perfil\Escritorio\ETC\Programacion\BAXY DEFINITIVO\tests\Baxy.Integration.Tests\SystemStatusHandlerTests.cs(520,57): error ENDOFLINE: Corrija el marcador de fin de línea. Reemplazar 2 caracteres por "\n". [D:\Perfil\Escritorio\ETC\Programacion\BAXY DEFINITIVO\tests\Baxy.Integration.Tests\Baxy.Integration.Tests.csproj]
D:\Perfil\Escritorio\ETC\Programacion\BAXY DEFINITIVO\tests\Baxy.Integration.Tests\SystemStatusHandlerTests.cs(521,10): error ENDOFLINE: Corrija el marcador de fin de línea. Reemplazar 2 caracteres por "\n". [D:\Perfil\Escritorio\ETC\Programacion\BAXY DEFINITIVO\tests\Baxy.Integration.Tests\Baxy.Integration.Tests.csproj]
D:\Perfil\Escritorio\ETC\Programacion\BAXY DEFINITIVO\tests\Baxy.Integration.Tests\SystemStatusHandlerTests.cs(522,6): error ENDOFLINE: Corrija el marcador de fin de línea. Reemplazar 2 caracteres por "\n". [D:\Perfil\Escritorio\ETC\Programacion\BAXY DEFINITIVO\tests\Baxy.Integration.Tests\Baxy.Integration.Tests.csproj]
D:\Perfil\Escritorio\ETC\Programacion\BAXY DEFINITIVO\tests\Baxy.Integration.Tests\SystemStatusHandlerTests.cs(523,2): error ENDOFLINE: Corrija el marcador de fin de línea. Reemplazar 2 caracteres por "\n". [D:\Perfil\Escritorio\ETC\Programacion\BAXY DEFINITIVO\tests\Baxy.Integration.Tests\Baxy.Integration.Tests.csproj]
D:\Perfil\Escritorio\ETC\Programacion\BAXY DEFINITIVO\tests\Baxy.Providers.Windows.Tests\SystemStatus\WindowsSystemStatusProviderTests.cs(1,25): error ENDOFLINE: Corrija el marcador de fin de línea. Reemplazar 2 caracteres por "\n". [D:\Perfil\Escritorio\ETC\Programacion\BAXY DEFINITIVO\tests\Baxy.Providers.Windows.Tests\Baxy.Providers.Windows.Tests.csproj]
D:\Perfil\Escritorio\ETC\Programacion\BAXY DEFINITIVO\tests\Baxy.Providers.Windows.Tests\SystemStatus\WindowsSystemStatusProviderTests.cs(2,43): error ENDOFLINE: Corrija el marcador de fin de línea. Reemplazar 2 caracteres por "\n". [D:\Perfil\Escritorio\ETC\Programacion\BAXY DEFINITIVO\tests\Baxy.Providers.Windows.Tests\Baxy.Providers.Windows.Tests.csproj]
D:\Perfil\Escritorio\ETC\Programacion\BAXY DEFINITIVO\tests\Baxy.Providers.Windows.Tests\SystemStatus\WindowsSystemStatusProviderTests.cs(3,23): error ENDOFLINE: Corrija el marcador de fin de línea. Reemplazar 2 caracteres por "\n". [D:\Perfil\Escritorio\ETC\Programacion\BAXY DEFINITIVO\tests\Baxy.Providers.Windows.Tests\Baxy.Providers.Windows.Tests.csproj]
D:\Perfil\Escritorio\ETC\Programacion\BAXY DEFINITIVO\tests\Baxy.Providers.Windows.Tests\SystemStatus\WindowsSystemStatusProviderTests.cs(4,1): error ENDOFLINE: Corrija el marcador de fin de línea. Reemplazar 2 caracteres por "\n". [D:\Perfil\Escritorio\ETC\Programacion\BAXY DEFINITIVO\tests\Baxy.Providers.Windows.Tests\Baxy.Providers.Windows.Tests.csproj]
D:\Perfil\Escritorio\ETC\Programacion\BAXY DEFINITIVO\tests\Baxy.Providers.Windows.Tests\SystemStatus\WindowsSystemStatusProviderTests.cs(5,40): error ENDOFLINE: Corrija el marcador de fin de línea. Reemplazar 2 caracteres por "\n". [D:\Perfil\Escritorio\ETC\Programacion\BAXY DEFINITIVO\tests\Baxy.Providers.Windows.Tests\Baxy.Providers.Windows.Tests.csproj]
D:\Perfil\Escritorio\ETC\Programacion\BAXY DEFINITIVO\tests\Baxy.Providers.Windows.Tests\SystemStatus\WindowsSystemStatusProviderTests.cs(6,1): error ENDOFLINE: Corrija el marcador de fin de línea. Reemplazar 2 caracteres por "\n". [D:\Perfil\Escritorio\ETC\Programacion\BAXY DEFINITIVO\tests\Baxy.Providers.Windows.Tests\Baxy.Providers.Windows.Tests.csproj]
D:\Perfil\Escritorio\ETC\Programacion\BAXY DEFINITIVO\tests\Baxy.Providers.Windows.Tests\SystemStatus\WindowsSystemStatusProviderTests.cs(7,14): error ENDOFLINE: Corrija el marcador de fin de línea. Reemplazar 2 caracteres por "\n". [D:\Perfil\Escritorio\ETC\Programacion\BAXY DEFINITIVO\tests\Baxy.Providers.Windows.Tests\Baxy.Providers.Windows.Tests.csproj]
D:\Perfil\Escritorio\ETC\Programacion\BAXY DEFINITIVO\tests\Baxy.Providers.Windows.Tests\SystemStatus\WindowsSystemStatusProviderTests.cs(8,53): error ENDOFLINE: Corrija el marcador de fin de línea. Reemplazar 2 caracteres por "\n". [D:\Perfil\Escritorio\ETC\Programacion\BAXY DEFINITIVO\tests\Baxy.Providers.Windows.Tests\Baxy.Providers.Windows.Tests.csproj]
D:\Perfil\Escritorio\ETC\Programacion\BAXY DEFINITIVO\tests\Baxy.Providers.Windows.Tests\SystemStatus\WindowsSystemStatusProviderTests.cs(9,2): error ENDOFLINE: Corrija el marcador de fin de línea. Reemplazar 2 caracteres por "\n". [D:\Perfil\Escritorio\ETC\Programacion\BAXY DEFINITIVO\tests\Baxy.Providers.Windows.Tests\Baxy.Providers.Windows.Tests.csproj]
D:\Perfil\Escritorio\ETC\Programacion\BAXY DEFINITIVO\tests\Baxy.Providers.Windows.Tests\SystemStatus\WindowsSystemStatusProviderTests.cs(10,57): error ENDOFLINE: Corrija el marcador de fin de línea. Reemplazar 2 caracteres por "\n". [D:\Perfil\Escritorio\ETC\Programacion\BAXY DEFINITIVO\tests\Baxy.Providers.Windows.Tests\Baxy.Providers.Windows.Tests.csproj]
D:\Perfil\Escritorio\ETC\Programacion\BAXY DEFINITIVO\tests\Baxy.Providers.Windows.Tests\SystemStatus\WindowsSystemStatusProviderTests.cs(11,1): error ENDOFLINE: Corrija el marcador de fin de línea. Reemplazar 2 caracteres por "\n". [D:\Perfil\Escritorio\ETC\Programacion\BAXY DEFINITIVO\tests\Baxy.Providers.Windows.Tests\Baxy.Providers.Windows.Tests.csproj]
D:\Perfil\Escritorio\ETC\Programacion\BAXY DEFINITIVO\tests\Baxy.Providers.Windows.Tests\SystemStatus\WindowsSystemStatusProviderTests.cs(12,11): error ENDOFLINE: Corrija el marcador de fin de línea. Reemplazar 2 caracteres por "\n". [D:\Perfil\Escritorio\ETC\Programacion\BAXY DEFINITIVO\tests\Baxy.Providers.Windows.Tests\Baxy.Providers.Windows.Tests.csproj]
D:\Perfil\Escritorio\ETC\Programacion\BAXY DEFINITIVO\tests\Baxy.Providers.Windows.Tests\SystemStatus\WindowsSystemStatusProviderTests.cs(13,72): error ENDOFLINE: Corrija el marcador de fin de línea. Reemplazar 2 caracteres por "\n". [D:\Perfil\Escritorio\ETC\Programacion\BAXY DEFINITIVO\tests\Baxy.Providers.Windows.Tests\Baxy.Providers.Windows.Tests.csproj]
D:\Perfil\Escritorio\ETC\Programacion\BAXY DEFINITIVO\tests\Baxy.Providers.Windows.Tests\SystemStatus\WindowsSystemStatusProviderTests.cs(14,6): error ENDOFLINE: Corrija el marcador de fin de línea. Reemplazar 2 caracteres por "\n". [D:\Perfil\Escritorio\ETC\Programacion\BAXY DEFINITIVO\tests\Baxy.Providers.Windows.Tests\Baxy.Providers.Windows.Tests.csproj]
D:\Perfil\Escritorio\ETC\Programacion\BAXY DEFINITIVO\tests\Baxy.Providers.Windows.Tests\SystemStatus\WindowsSystemStatusProviderTests.cs(15,46): error ENDOFLINE: Corrija el marcador de fin de línea. Reemplazar 2 caracteres por "\n". [D:\Perfil\Escritorio\ETC\Programacion\BAXY DEFINITIVO\tests\Baxy.Providers.Windows.Tests\Baxy.Providers.Windows.Tests.csproj]
D:\Perfil\Escritorio\ETC\Programacion\BAXY DEFINITIVO\tests\Baxy.Providers.Windows.Tests\SystemStatus\WindowsSystemStatusProviderTests.cs(16,10): error ENDOFLINE: Corrija el marcador de fin de línea. Reemplazar 2 caracteres por "\n". [D:\Perfil\Escritorio\ETC\Programacion\BAXY DEFINITIVO\tests\Baxy.Providers.Windows.Tests\Baxy.Providers.Windows.Tests.csproj]
D:\Perfil\Escritorio\ETC\Programacion\BAXY DEFINITIVO\tests\Baxy.Providers.Windows.Tests\SystemStatus\WindowsSystemStatusProviderTests.cs(17,40): error ENDOFLINE: Corrija el marcador de fin de línea. Reemplazar 2 caracteres por "\n". [D:\Perfil\Escritorio\ETC\Programacion\BAXY DEFINITIVO\tests\Baxy.Providers.Windows.Tests\Baxy.Providers.Windows.Tests.csproj]
D:\Perfil\Escritorio\ETC\Programacion\BAXY DEFINITIVO\tests\Baxy.Providers.Windows.Tests\SystemStatus\WindowsSystemStatusProviderTests.cs(18,42): error ENDOFLINE: Corrija el marcador de fin de línea. Reemplazar 2 caracteres por "\n". [D:\Perfil\Escritorio\ETC\Programacion\BAXY DEFINITIVO\tests\Baxy.Providers.Windows.Tests\Baxy.Providers.Windows.Tests.csproj]
D:\Perfil\Escritorio\ETC\Programacion\BAXY DEFINITIVO\tests\Baxy.Providers.Windows.Tests\SystemStatus\WindowsSystemStatusProviderTests.cs(19,70): error ENDOFLINE: Corrija el marcador de fin de línea. Reemplazar 2 caracteres por "\n". [D:\Perfil\Escritorio\ETC\Programacion\BAXY DEFINITIVO\tests\Baxy.Providers.Windows.Tests\Baxy.Providers.Windows.Tests.csproj]
D:\Perfil\Escritorio\ETC\Programacion\BAXY DEFINITIVO\tests\Baxy.Providers.Windows.Tests\SystemStatus\WindowsSystemStatusProviderTests.cs(20,82): error ENDOFLINE: Corrija el marcador de fin de línea. Reemplazar 2 caracteres por "\n". [D:\Perfil\Escritorio\ETC\Programacion\BAXY DEFINITIVO\tests\Baxy.Providers.Windows.Tests\Baxy.Providers.Windows.Tests.csproj]
D:\Perfil\Escritorio\ETC\Programacion\BAXY DEFINITIVO\tests\Baxy.Providers.Windows.Tests\SystemStatus\WindowsSystemStatusProviderTests.cs(21,51): error ENDOFLINE: Corrija el marcador de fin de línea. Reemplazar 2 caracteres por "\n". [D:\Perfil\Escritorio\ETC\Programacion\BAXY DEFINITIVO\tests\Baxy.Providers.Windows.Tests\Baxy.Providers.Windows.Tests.csproj]
D:\Perfil\Escritorio\ETC\Programacion\BAXY DEFINITIVO\tests\Baxy.Providers.Windows.Tests\SystemStatus\WindowsSystemStatusProviderTests.cs(22,113): error ENDOFLINE: Corrija el marcador de fin de línea. Reemplazar 2 caracteres por "\n". [D:\Perfil\Escritorio\ETC\Programacion\BAXY DEFINITIVO\tests\Baxy.Providers.Windows.Tests\Baxy.Providers.Windows.Tests.csproj]
D:\Perfil\Escritorio\ETC\Programacion\BAXY DEFINITIVO\tests\Baxy.Providers.Windows.Tests\SystemStatus\WindowsSystemStatusProviderTests.cs(23,44): error ENDOFLINE: Corrija el marcador de fin de línea. Reemplazar 2 caracteres por "\n". [D:\Perfil\Escritorio\ETC\Programacion\BAXY DEFINITIVO\tests\Baxy.Providers.Windows.Tests\Baxy.Providers.Windows.Tests.csproj]
D:\Perfil\Escritorio\ETC\Programacion\BAXY DEFINITIVO\tests\Baxy.Providers.Windows.Tests\SystemStatus\WindowsSystemStatusProviderTests.cs(24,11): error ENDOFLINE: Corrija el marcador de fin de línea. Reemplazar 2 caracteres por "\n". [D:\Perfil\Escritorio\ETC\Programacion\BAXY DEFINITIVO\tests\Baxy.Providers.Windows.Tests\Baxy.Providers.Windows.Tests.csproj]
D:\Perfil\Escritorio\ETC\Programacion\BAXY DEFINITIVO\tests\Baxy.Providers.Windows.Tests\SystemStatus\WindowsSystemStatusProviderTests.cs(25,68): error ENDOFLINE: Corrija el marcador de fin de línea. Reemplazar 2 caracteres por "\n". [D:\Perfil\Escritorio\ETC\Programacion\BAXY DEFINITIVO\tests\Baxy.Providers.Windows.Tests\Baxy.Providers.Windows.Tests.csproj]
D:\Perfil\Escritorio\ETC\Programacion\BAXY DEFINITIVO\tests\Baxy.Providers.Windows.Tests\SystemStatus\WindowsSystemStatusProviderTests.cs(26,68): error ENDOFLINE: Corrija el marcador de fin de línea. Reemplazar 2 caracteres por "\n". [D:\Perfil\Escritorio\ETC\Programacion\BAXY DEFINITIVO\tests\Baxy.Providers.Windows.Tests\Baxy.Providers.Windows.Tests.csproj]
D:\Perfil\Escritorio\ETC\Programacion\BAXY DEFINITIVO\tests\Baxy.Providers.Windows.Tests\SystemStatus\WindowsSystemStatusProviderTests.cs(27,46): error ENDOFLINE: Corrija el marcador de fin de línea. Reemplazar 2 caracteres por "\n". [D:\Perfil\Escritorio\ETC\Programacion\BAXY DEFINITIVO\tests\Baxy.Providers.Windows.Tests\Baxy.Providers.Windows.Tests.csproj]
D:\Perfil\Escritorio\ETC\Programacion\BAXY DEFINITIVO\tests\Baxy.Providers.Windows.Tests\SystemStatus\WindowsSystemStatusProviderTests.cs(28,1): error ENDOFLINE: Corrija el marcador de fin de línea. Reemplazar 2 caracteres por "\n". [D:\Perfil\Escritorio\ETC\Programacion\BAXY DEFINITIVO\tests\Baxy.Providers.Windows.Tests\Baxy.Providers.Windows.Tests.csproj]
D:\Perfil\Escritorio\ETC\Programacion\BAXY DEFINITIVO\tests\Baxy.Providers.Windows.Tests\SystemStatus\WindowsSystemStatusProviderTests.cs(29,71): error ENDOFLINE: Corrija el marcador de fin de línea. Reemplazar 2 caracteres por "\n". [D:\Perfil\Escritorio\ETC\Programacion\BAXY DEFINITIVO\tests\Baxy.Providers.Windows.Tests\Baxy.Providers.Windows.Tests.csproj]
D:\Perfil\Escritorio\ETC\Programacion\BAXY DEFINITIVO\tests\Baxy.Providers.Windows.Tests\SystemStatus\WindowsSystemStatusProviderTests.cs(30,35): error ENDOFLINE: Corrija el marcador de fin de línea. Reemplazar 2 caracteres por "\n". [D:\Perfil\Escritorio\ETC\Programacion\BAXY DEFINITIVO\tests\Baxy.Providers.Windows.Tests\Baxy.Providers.Windows.Tests.csproj]
D:\Perfil\Escritorio\ETC\Programacion\BAXY DEFINITIVO\tests\Baxy.Providers.Windows.Tests\SystemStatus\WindowsSystemStatusProviderTests.cs(31,37): error ENDOFLINE: Corrija el marcador de fin de línea. Reemplazar 2 caracteres por "\n". [D:\Perfil\Escritorio\ETC\Programacion\BAXY DEFINITIVO\tests\Baxy.Providers.Windows.Tests\Baxy.Providers.Windows.Tests.csproj]
D:\Perfil\Escritorio\ETC\Programacion\BAXY DEFINITIVO\tests\Baxy.Providers.Windows.Tests\SystemStatus\WindowsSystemStatusProviderTests.cs(32,1): error ENDOFLINE: Corrija el marcador de fin de línea. Reemplazar 2 caracteres por "\n". [D:\Perfil\Escritorio\ETC\Programacion\BAXY DEFINITIVO\tests\Baxy.Providers.Windows.Tests\Baxy.Providers.Windows.Tests.csproj]
D:\Perfil\Escritorio\ETC\Programacion\BAXY DEFINITIVO\tests\Baxy.Providers.Windows.Tests\SystemStatus\WindowsSystemStatusProviderTests.cs(33,30): error ENDOFLINE: Corrija el marcador de fin de línea. Reemplazar 2 caracteres por "\n". [D:\Perfil\Escritorio\ETC\Programacion\BAXY DEFINITIVO\tests\Baxy.Providers.Windows.Tests\Baxy.Providers.Windows.Tests.csproj]
D:\Perfil\Escritorio\ETC\Programacion\BAXY DEFINITIVO\tests\Baxy.Providers.Windows.Tests\SystemStatus\WindowsSystemStatusProviderTests.cs(34,10): error ENDOFLINE: Corrija el marcador de fin de línea. Reemplazar 2 caracteres por "\n". [D:\Perfil\Escritorio\ETC\Programacion\BAXY DEFINITIVO\tests\Baxy.Providers.Windows.Tests\Baxy.Providers.Windows.Tests.csproj]
D:\Perfil\Escritorio\ETC\Programacion\BAXY DEFINITIVO\tests\Baxy.Providers.Windows.Tests\SystemStatus\WindowsSystemStatusProviderTests.cs(35,54): error ENDOFLINE: Corrija el marcador de fin de línea. Reemplazar 2 caracteres por "\n". [D:\Perfil\Escritorio\ETC\Programacion\BAXY DEFINITIVO\tests\Baxy.Providers.Windows.Tests\Baxy.Providers.Windows.Tests.csproj]
D:\Perfil\Escritorio\ETC\Programacion\BAXY DEFINITIVO\tests\Baxy.Providers.Windows.Tests\SystemStatus\WindowsSystemStatusProviderTests.cs(36,52): error ENDOFLINE: Corrija el marcador de fin de línea. Reemplazar 2 caracteres por "\n". [D:\Perfil\Escritorio\ETC\Programacion\BAXY DEFINITIVO\tests\Baxy.Providers.Windows.Tests\Baxy.Providers.Windows.Tests.csproj]
D:\Perfil\Escritorio\ETC\Programacion\BAXY DEFINITIVO\tests\Baxy.Providers.Windows.Tests\SystemStatus\WindowsSystemStatusProviderTests.cs(37,99): error ENDOFLINE: Corrija el marcador de fin de línea. Reemplazar 2 caracteres por "\n". [D:\Perfil\Escritorio\ETC\Programacion\BAXY DEFINITIVO\tests\Baxy.Providers.Windows.Tests\Baxy.Providers.Windows.Tests.csproj]
D:\Perfil\Escritorio\ETC\Programacion\BAXY DEFINITIVO\tests\Baxy.Providers.Windows.Tests\SystemStatus\WindowsSystemStatusProviderTests.cs(38,77): error ENDOFLINE: Corrija el marcador de fin de línea. Reemplazar 2 caracteres por "\n". [D:\Perfil\Escritorio\ETC\Programacion\BAXY DEFINITIVO\tests\Baxy.Providers.Windows.Tests\Baxy.Providers.Windows.Tests.csproj]
D:\Perfil\Escritorio\ETC\Programacion\BAXY DEFINITIVO\tests\Baxy.Providers.Windows.Tests\SystemStatus\WindowsSystemStatusProviderTests.cs(39,72): error ENDOFLINE: Corrija el marcador de fin de línea. Reemplazar 2 caracteres por "\n". [D:\Perfil\Escritorio\ETC\Programacion\BAXY DEFINITIVO\tests\Baxy.Providers.Windows.Tests\Baxy.Providers.Windows.Tests.csproj]
D:\Perfil\Escritorio\ETC\Programacion\BAXY DEFINITIVO\tests\Baxy.Providers.Windows.Tests\SystemStatus\WindowsSystemStatusProviderTests.cs(40,102): error ENDOFLINE: Corrija el marcador de fin de línea. Reemplazar 2 caracteres por "\n". [D:\Perfil\Escritorio\ETC\Programacion\BAXY DEFINITIVO\tests\Baxy.Providers.Windows.Tests\Baxy.Providers.Windows.Tests.csproj]
D:\Perfil\Escritorio\ETC\Programacion\BAXY DEFINITIVO\tests\Baxy.Providers.Windows.Tests\SystemStatus\WindowsSystemStatusProviderTests.cs(41,25): error ENDOFLINE: Corrija el marcador de fin de línea. Reemplazar 2 caracteres por "\n". [D:\Perfil\Escritorio\ETC\Programacion\BAXY DEFINITIVO\tests\Baxy.Providers.Windows.Tests\Baxy.Providers.Windows.Tests.csproj]
D:\Perfil\Escritorio\ETC\Programacion\BAXY DEFINITIVO\tests\Baxy.Providers.Windows.Tests\SystemStatus\WindowsSystemStatusProviderTests.cs(42,37): error ENDOFLINE: Corrija el marcador de fin de línea. Reemplazar 2 caracteres por "\n". [D:\Perfil\Escritorio\ETC\Programacion\BAXY DEFINITIVO\tests\Baxy.Providers.Windows.Tests\Baxy.Providers.Windows.Tests.csproj]
D:\Perfil\Escritorio\ETC\Programacion\BAXY DEFINITIVO\tests\Baxy.Providers.Windows.Tests\SystemStatus\WindowsSystemStatusProviderTests.cs(43,49): error ENDOFLINE: Corrija el marcador de fin de línea. Reemplazar 2 caracteres por "\n". [D:\Perfil\Escritorio\ETC\Programacion\BAXY DEFINITIVO\tests\Baxy.Providers.Windows.Tests\Baxy.Providers.Windows.Tests.csproj]
D:\Perfil\Escritorio\ETC\Programacion\BAXY DEFINITIVO\tests\Baxy.Providers.Windows.Tests\SystemStatus\WindowsSystemStatusProviderTests.cs(44,43): error ENDOFLINE: Corrija el marcador de fin de línea. Reemplazar 2 caracteres por "\n". [D:\Perfil\Escritorio\ETC\Programacion\BAXY DEFINITIVO\tests\Baxy.Providers.Windows.Tests\Baxy.Providers.Windows.Tests.csproj]
D:\Perfil\Escritorio\ETC\Programacion\BAXY DEFINITIVO\tests\Baxy.Providers.Windows.Tests\SystemStatus\WindowsSystemStatusProviderTests.cs(45,46): error ENDOFLINE: Corrija el marcador de fin de línea. Reemplazar 2 caracteres por "\n". [D:\Perfil\Escritorio\ETC\Programacion\BAXY DEFINITIVO\tests\Baxy.Providers.Windows.Tests\Baxy.Providers.Windows.Tests.csproj]
D:\Perfil\Escritorio\ETC\Programacion\BAXY DEFINITIVO\tests\Baxy.Providers.Windows.Tests\SystemStatus\WindowsSystemStatusProviderTests.cs(46,96): error ENDOFLINE: Corrija el marcador de fin de línea. Reemplazar 2 caracteres por "\n". [D:\Perfil\Escritorio\ETC\Programacion\BAXY DEFINITIVO\tests\Baxy.Providers.Windows.Tests\Baxy.Providers.Windows.Tests.csproj]
D:\Perfil\Escritorio\ETC\Programacion\BAXY DEFINITIVO\tests\Baxy.Providers.Windows.Tests\SystemStatus\WindowsSystemStatusProviderTests.cs(47,25): error ENDOFLINE: Corrija el marcador de fin de línea. Reemplazar 2 caracteres por "\n". [D:\Perfil\Escritorio\ETC\Programacion\BAXY DEFINITIVO\tests\Baxy.Providers.Windows.Tests\Baxy.Providers.Windows.Tests.csproj]
D:\Perfil\Escritorio\ETC\Programacion\BAXY DEFINITIVO\tests\Baxy.Providers.Windows.Tests\SystemStatus\WindowsSystemStatusProviderTests.cs(48,42): error ENDOFLINE: Corrija el marcador de fin de línea. Reemplazar 2 caracteres por "\n". [D:\Perfil\Escritorio\ETC\Programacion\BAXY DEFINITIVO\tests\Baxy.Providers.Windows.Tests\Baxy.Providers.Windows.Tests.csproj]
D:\Perfil\Escritorio\ETC\Programacion\BAXY DEFINITIVO\tests\Baxy.Providers.Windows.Tests\SystemStatus\WindowsSystemStatusProviderTests.cs(49,111): error ENDOFLINE: Corrija el marcador de fin de línea. Reemplazar 2 caracteres por "\n". [D:\Perfil\Escritorio\ETC\Programacion\BAXY DEFINITIVO\tests\Baxy.Providers.Windows.Tests\Baxy.Providers.Windows.Tests.csproj]
D:\Perfil\Escritorio\ETC\Programacion\BAXY DEFINITIVO\tests\Baxy.Providers.Windows.Tests\SystemStatus\WindowsSystemStatusProviderTests.cs(50,68): error ENDOFLINE: Corrija el marcador de fin de línea. Reemplazar 2 caracteres por "\n". [D:\Perfil\Escritorio\ETC\Programacion\BAXY DEFINITIVO\tests\Baxy.Providers.Windows.Tests\Baxy.Providers.Windows.Tests.csproj]
D:\Perfil\Escritorio\ETC\Programacion\BAXY DEFINITIVO\tests\Baxy.Providers.Windows.Tests\SystemStatus\WindowsSystemStatusProviderTests.cs(51,58): error ENDOFLINE: Corrija el marcador de fin de línea. Reemplazar 2 caracteres por "\n". [D:\Perfil\Escritorio\ETC\Programacion\BAXY DEFINITIVO\tests\Baxy.Providers.Windows.Tests\Baxy.Providers.Windows.Tests.csproj]
D:\Perfil\Escritorio\ETC\Programacion\BAXY DEFINITIVO\tests\Baxy.Providers.Windows.Tests\SystemStatus\WindowsSystemStatusProviderTests.cs(52,85): error ENDOFLINE: Corrija el marcador de fin de línea. Reemplazar 2 caracteres por "\n". [D:\Perfil\Escritorio\ETC\Programacion\BAXY DEFINITIVO\tests\Baxy.Providers.Windows.Tests\Baxy.Providers.Windows.Tests.csproj]
D:\Perfil\Escritorio\ETC\Programacion\BAXY DEFINITIVO\tests\Baxy.Providers.Windows.Tests\SystemStatus\WindowsSystemStatusProviderTests.cs(53,12): error ENDOFLINE: Corrija el marcador de fin de línea. Reemplazar 2 caracteres por "\n". [D:\Perfil\Escritorio\ETC\Programacion\BAXY DEFINITIVO\tests\Baxy.Providers.Windows.Tests\Baxy.Providers.Windows.Tests.csproj]
D:\Perfil\Escritorio\ETC\Programacion\BAXY DEFINITIVO\tests\Baxy.Providers.Windows.Tests\SystemStatus\WindowsSystemStatusProviderTests.cs(54,6): error ENDOFLINE: Corrija el marcador de fin de línea. Reemplazar 2 caracteres por "\n". [D:\Perfil\Escritorio\ETC\Programacion\BAXY DEFINITIVO\tests\Baxy.Providers.Windows.Tests\Baxy.Providers.Windows.Tests.csproj]
D:\Perfil\Escritorio\ETC\Programacion\BAXY DEFINITIVO\tests\Baxy.Providers.Windows.Tests\SystemStatus\WindowsSystemStatusProviderTests.cs(55,1): error ENDOFLINE: Corrija el marcador de fin de línea. Reemplazar 2 caracteres por "\n". [D:\Perfil\Escritorio\ETC\Programacion\BAXY DEFINITIVO\tests\Baxy.Providers.Windows.Tests\Baxy.Providers.Windows.Tests.csproj]
D:\Perfil\Escritorio\ETC\Programacion\BAXY DEFINITIVO\tests\Baxy.Providers.Windows.Tests\SystemStatus\WindowsSystemStatusProviderTests.cs(56,11): error ENDOFLINE: Corrija el marcador de fin de línea. Reemplazar 2 caracteres por "\n". [D:\Perfil\Escritorio\ETC\Programacion\BAXY DEFINITIVO\tests\Baxy.Providers.Windows.Tests\Baxy.Providers.Windows.Tests.csproj]
D:\Perfil\Escritorio\ETC\Programacion\BAXY DEFINITIVO\tests\Baxy.Providers.Windows.Tests\SystemStatus\WindowsSystemStatusProviderTests.cs(57,69): error ENDOFLINE: Corrija el marcador de fin de línea. Reemplazar 2 caracteres por "\n". [D:\Perfil\Escritorio\ETC\Programacion\BAXY DEFINITIVO\tests\Baxy.Providers.Windows.Tests\Baxy.Providers.Windows.Tests.csproj]
D:\Perfil\Escritorio\ETC\Programacion\BAXY DEFINITIVO\tests\Baxy.Providers.Windows.Tests\SystemStatus\WindowsSystemStatusProviderTests.cs(58,6): error ENDOFLINE: Corrija el marcador de fin de línea. Reemplazar 2 caracteres por "\n". [D:\Perfil\Escritorio\ETC\Programacion\BAXY DEFINITIVO\tests\Baxy.Providers.Windows.Tests\Baxy.Providers.Windows.Tests.csproj]
D:\Perfil\Escritorio\ETC\Programacion\BAXY DEFINITIVO\tests\Baxy.Providers.Windows.Tests\SystemStatus\WindowsSystemStatusProviderTests.cs(59,46): error ENDOFLINE: Corrija el marcador de fin de línea. Reemplazar 2 caracteres por "\n". [D:\Perfil\Escritorio\ETC\Programacion\BAXY DEFINITIVO\tests\Baxy.Providers.Windows.Tests\Baxy.Providers.Windows.Tests.csproj]
D:\Perfil\Escritorio\ETC\Programacion\BAXY DEFINITIVO\tests\Baxy.Providers.Windows.Tests\SystemStatus\WindowsSystemStatusProviderTests.cs(60,10): error ENDOFLINE: Corrija el marcador de fin de línea. Reemplazar 2 caracteres por "\n". [D:\Perfil\Escritorio\ETC\Programacion\BAXY DEFINITIVO\tests\Baxy.Providers.Windows.Tests\Baxy.Providers.Windows.Tests.csproj]
D:\Perfil\Escritorio\ETC\Programacion\BAXY DEFINITIVO\tests\Baxy.Providers.Windows.Tests\SystemStatus\WindowsSystemStatusProviderTests.cs(61,69): error ENDOFLINE: Corrija el marcador de fin de línea. Reemplazar 2 caracteres por "\n". [D:\Perfil\Escritorio\ETC\Programacion\BAXY DEFINITIVO\tests\Baxy.Providers.Windows.Tests\Baxy.Providers.Windows.Tests.csproj]
D:\Perfil\Escritorio\ETC\Programacion\BAXY DEFINITIVO\tests\Baxy.Providers.Windows.Tests\SystemStatus\WindowsSystemStatusProviderTests.cs(62,44): error ENDOFLINE: Corrija el marcador de fin de línea. Reemplazar 2 caracteres por "\n". [D:\Perfil\Escritorio\ETC\Programacion\BAXY DEFINITIVO\tests\Baxy.Providers.Windows.Tests\Baxy.Providers.Windows.Tests.csproj]
D:\Perfil\Escritorio\ETC\Programacion\BAXY DEFINITIVO\tests\Baxy.Providers.Windows.Tests\SystemStatus\WindowsSystemStatusProviderTests.cs(63,11): error ENDOFLINE: Corrija el marcador de fin de línea. Reemplazar 2 caracteres por "\n". [D:\Perfil\Escritorio\ETC\Programacion\BAXY DEFINITIVO\tests\Baxy.Providers.Windows.Tests\Baxy.Providers.Windows.Tests.csproj]
D:\Perfil\Escritorio\ETC\Programacion\BAXY DEFINITIVO\tests\Baxy.Providers.Windows.Tests\SystemStatus\WindowsSystemStatusProviderTests.cs(64,46): error ENDOFLINE: Corrija el marcador de fin de línea. Reemplazar 2 caracteres por "\n". [D:\Perfil\Escritorio\ETC\Programacion\BAXY DEFINITIVO\tests\Baxy.Providers.Windows.Tests\Baxy.Providers.Windows.Tests.csproj]
D:\Perfil\Escritorio\ETC\Programacion\BAXY DEFINITIVO\tests\Baxy.Providers.Windows.Tests\SystemStatus\WindowsSystemStatusProviderTests.cs(65,1): error ENDOFLINE: Corrija el marcador de fin de línea. Reemplazar 2 caracteres por "\n". [D:\Perfil\Escritorio\ETC\Programacion\BAXY DEFINITIVO\tests\Baxy.Providers.Windows.Tests\Baxy.Providers.Windows.Tests.csproj]
D:\Perfil\Escritorio\ETC\Programacion\BAXY DEFINITIVO\tests\Baxy.Providers.Windows.Tests\SystemStatus\WindowsSystemStatusProviderTests.cs(66,71): error ENDOFLINE: Corrija el marcador de fin de línea. Reemplazar 2 caracteres por "\n". [D:\Perfil\Escritorio\ETC\Programacion\BAXY DEFINITIVO\tests\Baxy.Providers.Windows.Tests\Baxy.Providers.Windows.Tests.csproj]
D:\Perfil\Escritorio\ETC\Programacion\BAXY DEFINITIVO\tests\Baxy.Providers.Windows.Tests\SystemStatus\WindowsSystemStatusProviderTests.cs(67,65): error ENDOFLINE: Corrija el marcador de fin de línea. Reemplazar 2 caracteres por "\n". [D:\Perfil\Escritorio\ETC\Programacion\BAXY DEFINITIVO\tests\Baxy.Providers.Windows.Tests\Baxy.Providers.Windows.Tests.csproj]
D:\Perfil\Escritorio\ETC\Programacion\BAXY DEFINITIVO\tests\Baxy.Providers.Windows.Tests\SystemStatus\WindowsSystemStatusProviderTests.cs(68,37): error ENDOFLINE: Corrija el marcador de fin de línea. Reemplazar 2 caracteres por "\n". [D:\Perfil\Escritorio\ETC\Programacion\BAXY DEFINITIVO\tests\Baxy.Providers.Windows.Tests\Baxy.Providers.Windows.Tests.csproj]
D:\Perfil\Escritorio\ETC\Programacion\BAXY DEFINITIVO\tests\Baxy.Providers.Windows.Tests\SystemStatus\WindowsSystemStatusProviderTests.cs(69,1): error ENDOFLINE: Corrija el marcador de fin de línea. Reemplazar 2 caracteres por "\n". [D:\Perfil\Escritorio\ETC\Programacion\BAXY DEFINITIVO\tests\Baxy.Providers.Windows.Tests\Baxy.Providers.Windows.Tests.csproj]
D:\Perfil\Escritorio\ETC\Programacion\BAXY DEFINITIVO\tests\Baxy.Providers.Windows.Tests\SystemStatus\WindowsSystemStatusProviderTests.cs(70,30): error ENDOFLINE: Corrija el marcador de fin de línea. Reemplazar 2 caracteres por "\n". [D:\Perfil\Escritorio\ETC\Programacion\BAXY DEFINITIVO\tests\Baxy.Providers.Windows.Tests\Baxy.Providers.Windows.Tests.csproj]
D:\Perfil\Escritorio\ETC\Programacion\BAXY DEFINITIVO\tests\Baxy.Providers.Windows.Tests\SystemStatus\WindowsSystemStatusProviderTests.cs(71,10): error ENDOFLINE: Corrija el marcador de fin de línea. Reemplazar 2 caracteres por "\n". [D:\Perfil\Escritorio\ETC\Programacion\BAXY DEFINITIVO\tests\Baxy.Providers.Windows.Tests\Baxy.Providers.Windows.Tests.csproj]
D:\Perfil\Escritorio\ETC\Programacion\BAXY DEFINITIVO\tests\Baxy.Providers.Windows.Tests\SystemStatus\WindowsSystemStatusProviderTests.cs(72,55): error ENDOFLINE: Corrija el marcador de fin de línea. Reemplazar 2 caracteres por "\n". [D:\Perfil\Escritorio\ETC\Programacion\BAXY DEFINITIVO\tests\Baxy.Providers.Windows.Tests\Baxy.Providers.Windows.Tests.csproj]
D:\Perfil\Escritorio\ETC\Programacion\BAXY DEFINITIVO\tests\Baxy.Providers.Windows.Tests\SystemStatus\WindowsSystemStatusProviderTests.cs(73,68): error ENDOFLINE: Corrija el marcador de fin de línea. Reemplazar 2 caracteres por "\n". [D:\Perfil\Escritorio\ETC\Programacion\BAXY DEFINITIVO\tests\Baxy.Providers.Windows.Tests\Baxy.Providers.Windows.Tests.csproj]
D:\Perfil\Escritorio\ETC\Programacion\BAXY DEFINITIVO\tests\Baxy.Providers.Windows.Tests\SystemStatus\WindowsSystemStatusProviderTests.cs(74,48): error ENDOFLINE: Corrija el marcador de fin de línea. Reemplazar 2 caracteres por "\n". [D:\Perfil\Escritorio\ETC\Programacion\BAXY DEFINITIVO\tests\Baxy.Providers.Windows.Tests\Baxy.Providers.Windows.Tests.csproj]
D:\Perfil\Escritorio\ETC\Programacion\BAXY DEFINITIVO\tests\Baxy.Providers.Windows.Tests\SystemStatus\WindowsSystemStatusProviderTests.cs(75,55): error ENDOFLINE: Corrija el marcador de fin de línea. Reemplazar 2 caracteres por "\n". [D:\Perfil\Escritorio\ETC\Programacion\BAXY DEFINITIVO\tests\Baxy.Providers.Windows.Tests\Baxy.Providers.Windows.Tests.csproj]
D:\Perfil\Escritorio\ETC\Programacion\BAXY DEFINITIVO\tests\Baxy.Providers.Windows.Tests\SystemStatus\WindowsSystemStatusProviderTests.cs(76,52): error ENDOFLINE: Corrija el marcador de fin de línea. Reemplazar 2 caracteres por "\n". [D:\Perfil\Escritorio\ETC\Programacion\BAXY DEFINITIVO\tests\Baxy.Providers.Windows.Tests\Baxy.Providers.Windows.Tests.csproj]
D:\Perfil\Escritorio\ETC\Programacion\BAXY DEFINITIVO\tests\Baxy.Providers.Windows.Tests\SystemStatus\WindowsSystemStatusProviderTests.cs(77,60): error ENDOFLINE: Corrija el marcador de fin de línea. Reemplazar 2 caracteres por "\n". [D:\Perfil\Escritorio\ETC\Programacion\BAXY DEFINITIVO\tests\Baxy.Providers.Windows.Tests\Baxy.Providers.Windows.Tests.csproj]
D:\Perfil\Escritorio\ETC\Programacion\BAXY DEFINITIVO\tests\Baxy.Providers.Windows.Tests\SystemStatus\WindowsSystemStatusProviderTests.cs(78,54): error ENDOFLINE: Corrija el marcador de fin de línea. Reemplazar 2 caracteres por "\n". [D:\Perfil\Escritorio\ETC\Programacion\BAXY DEFINITIVO\tests\Baxy.Providers.Windows.Tests\Baxy.Providers.Windows.Tests.csproj]
D:\Perfil\Escritorio\ETC\Programacion\BAXY DEFINITIVO\tests\Baxy.Providers.Windows.Tests\SystemStatus\WindowsSystemStatusProviderTests.cs(79,54): error ENDOFLINE: Corrija el marcador de fin de línea. Reemplazar 2 caracteres por "\n". [D:\Perfil\Escritorio\ETC\Programacion\BAXY DEFINITIVO\tests\Baxy.Providers.Windows.Tests\Baxy.Providers.Windows.Tests.csproj]
D:\Perfil\Escritorio\ETC\Programacion\BAXY DEFINITIVO\tests\Baxy.Providers.Windows.Tests\SystemStatus\WindowsSystemStatusProviderTests.cs(80,51): error ENDOFLINE: Corrija el marcador de fin de línea. Reemplazar 2 caracteres por "\n". [D:\Perfil\Escritorio\ETC\Programacion\BAXY DEFINITIVO\tests\Baxy.Providers.Windows.Tests\Baxy.Providers.Windows.Tests.csproj]
D:\Perfil\Escritorio\ETC\Programacion\BAXY DEFINITIVO\tests\Baxy.Providers.Windows.Tests\SystemStatus\WindowsSystemStatusProviderTests.cs(81,52): error ENDOFLINE: Corrija el marcador de fin de línea. Reemplazar 2 caracteres por "\n". [D:\Perfil\Escritorio\ETC\Programacion\BAXY DEFINITIVO\tests\Baxy.Providers.Windows.Tests\Baxy.Providers.Windows.Tests.csproj]
D:\Perfil\Escritorio\ETC\Programacion\BAXY DEFINITIVO\tests\Baxy.Providers.Windows.Tests\SystemStatus\WindowsSystemStatusProviderTests.cs(82,62): error ENDOFLINE: Corrija el marcador de fin de línea. Reemplazar 2 caracteres por "\n". [D:\Perfil\Escritorio\ETC\Programacion\BAXY DEFINITIVO\tests\Baxy.Providers.Windows.Tests\Baxy.Providers.Windows.Tests.csproj]
D:\Perfil\Escritorio\ETC\Programacion\BAXY DEFINITIVO\tests\Baxy.Providers.Windows.Tests\SystemStatus\WindowsSystemStatusProviderTests.cs(83,12): error ENDOFLINE: Corrija el marcador de fin de línea. Reemplazar 2 caracteres por "\n". [D:\Perfil\Escritorio\ETC\Programacion\BAXY DEFINITIVO\tests\Baxy.Providers.Windows.Tests\Baxy.Providers.Windows.Tests.csproj]
D:\Perfil\Escritorio\ETC\Programacion\BAXY DEFINITIVO\tests\Baxy.Providers.Windows.Tests\SystemStatus\WindowsSystemStatusProviderTests.cs(84,6): error ENDOFLINE: Corrija el marcador de fin de línea. Reemplazar 2 caracteres por "\n". [D:\Perfil\Escritorio\ETC\Programacion\BAXY DEFINITIVO\tests\Baxy.Providers.Windows.Tests\Baxy.Providers.Windows.Tests.csproj]
D:\Perfil\Escritorio\ETC\Programacion\BAXY DEFINITIVO\tests\Baxy.Providers.Windows.Tests\SystemStatus\WindowsSystemStatusProviderTests.cs(85,1): error ENDOFLINE: Corrija el marcador de fin de línea. Reemplazar 2 caracteres por "\n". [D:\Perfil\Escritorio\ETC\Programacion\BAXY DEFINITIVO\tests\Baxy.Providers.Windows.Tests\Baxy.Providers.Windows.Tests.csproj]
D:\Perfil\Escritorio\ETC\Programacion\BAXY DEFINITIVO\tests\Baxy.Providers.Windows.Tests\SystemStatus\WindowsSystemStatusProviderTests.cs(86,11): error ENDOFLINE: Corrija el marcador de fin de línea. Reemplazar 2 caracteres por "\n". [D:\Perfil\Escritorio\ETC\Programacion\BAXY DEFINITIVO\tests\Baxy.Providers.Windows.Tests\Baxy.Providers.Windows.Tests.csproj]
D:\Perfil\Escritorio\ETC\Programacion\BAXY DEFINITIVO\tests\Baxy.Providers.Windows.Tests\SystemStatus\WindowsSystemStatusProviderTests.cs(87,83): error ENDOFLINE: Corrija el marcador de fin de línea. Reemplazar 2 caracteres por "\n". [D:\Perfil\Escritorio\ETC\Programacion\BAXY DEFINITIVO\tests\Baxy.Providers.Windows.Tests\Baxy.Providers.Windows.Tests.csproj]
D:\Perfil\Escritorio\ETC\Programacion\BAXY DEFINITIVO\tests\Baxy.Providers.Windows.Tests\SystemStatus\WindowsSystemStatusProviderTests.cs(88,6): error ENDOFLINE: Corrija el marcador de fin de línea. Reemplazar 2 caracteres por "\n". [D:\Perfil\Escritorio\ETC\Programacion\BAXY DEFINITIVO\tests\Baxy.Providers.Windows.Tests\Baxy.Providers.Windows.Tests.csproj]
D:\Perfil\Escritorio\ETC\Programacion\BAXY DEFINITIVO\tests\Baxy.Providers.Windows.Tests\SystemStatus\WindowsSystemStatusProviderTests.cs(89,46): error ENDOFLINE: Corrija el marcador de fin de línea. Reemplazar 2 caracteres por "\n". [D:\Perfil\Escritorio\ETC\Programacion\BAXY DEFINITIVO\tests\Baxy.Providers.Windows.Tests\Baxy.Providers.Windows.Tests.csproj]
D:\Perfil\Escritorio\ETC\Programacion\BAXY DEFINITIVO\tests\Baxy.Providers.Windows.Tests\SystemStatus\WindowsSystemStatusProviderTests.cs(90,10): error ENDOFLINE: Corrija el marcador de fin de línea. Reemplazar 2 caracteres por "\n". [D:\Perfil\Escritorio\ETC\Programacion\BAXY DEFINITIVO\tests\Baxy.Providers.Windows.Tests\Baxy.Providers.Windows.Tests.csproj]
D:\Perfil\Escritorio\ETC\Programacion\BAXY DEFINITIVO\tests\Baxy.Providers.Windows.Tests\SystemStatus\WindowsSystemStatusProviderTests.cs(91,38): error ENDOFLINE: Corrija el marcador de fin de línea. Reemplazar 2 caracteres por "\n". [D:\Perfil\Escritorio\ETC\Programacion\BAXY DEFINITIVO\tests\Baxy.Providers.Windows.Tests\Baxy.Providers.Windows.Tests.csproj]
D:\Perfil\Escritorio\ETC\Programacion\BAXY DEFINITIVO\tests\Baxy.Providers.Windows.Tests\SystemStatus\WindowsSystemStatusProviderTests.cs(92,33): error ENDOFLINE: Corrija el marcador de fin de línea. Reemplazar 2 caracteres por "\n". [D:\Perfil\Escritorio\ETC\Programacion\BAXY DEFINITIVO\tests\Baxy.Providers.Windows.Tests\Baxy.Providers.Windows.Tests.csproj]
D:\Perfil\Escritorio\ETC\Programacion\BAXY DEFINITIVO\tests\Baxy.Providers.Windows.Tests\SystemStatus\WindowsSystemStatusProviderTests.cs(93,35): error ENDOFLINE: Corrija el marcador de fin de línea. Reemplazar 2 caracteres por "\n". [D:\Perfil\Escritorio\ETC\Programacion\BAXY DEFINITIVO\tests\Baxy.Providers.Windows.Tests\Baxy.Providers.Windows.Tests.csproj]
D:\Perfil\Escritorio\ETC\Programacion\BAXY DEFINITIVO\tests\Baxy.Providers.Windows.Tests\SystemStatus\WindowsSystemStatusProviderTests.cs(94,52): error ENDOFLINE: Corrija el marcador de fin de línea. Reemplazar 2 caracteres por "\n". [D:\Perfil\Escritorio\ETC\Programacion\BAXY DEFINITIVO\tests\Baxy.Providers.Windows.Tests\Baxy.Providers.Windows.Tests.csproj]
D:\Perfil\Escritorio\ETC\Programacion\BAXY DEFINITIVO\tests\Baxy.Providers.Windows.Tests\SystemStatus\WindowsSystemStatusProviderTests.cs(95,11): error ENDOFLINE: Corrija el marcador de fin de línea. Reemplazar 2 caracteres por "\n". [D:\Perfil\Escritorio\ETC\Programacion\BAXY DEFINITIVO\tests\Baxy.Providers.Windows.Tests\Baxy.Providers.Windows.Tests.csproj]
D:\Perfil\Escritorio\ETC\Programacion\BAXY DEFINITIVO\tests\Baxy.Providers.Windows.Tests\SystemStatus\WindowsSystemStatusProviderTests.cs(96,46): error ENDOFLINE: Corrija el marcador de fin de línea. Reemplazar 2 caracteres por "\n". [D:\Perfil\Escritorio\ETC\Programacion\BAXY DEFINITIVO\tests\Baxy.Providers.Windows.Tests\Baxy.Providers.Windows.Tests.csproj]
D:\Perfil\Escritorio\ETC\Programacion\BAXY DEFINITIVO\tests\Baxy.Providers.Windows.Tests\SystemStatus\WindowsSystemStatusProviderTests.cs(97,1): error ENDOFLINE: Corrija el marcador de fin de línea. Reemplazar 2 caracteres por "\n". [D:\Perfil\Escritorio\ETC\Programacion\BAXY DEFINITIVO\tests\Baxy.Providers.Windows.Tests\Baxy.Providers.Windows.Tests.csproj]
D:\Perfil\Escritorio\ETC\Programacion\BAXY DEFINITIVO\tests\Baxy.Providers.Windows.Tests\SystemStatus\WindowsSystemStatusProviderTests.cs(98,71): error ENDOFLINE: Corrija el marcador de fin de línea. Reemplazar 2 caracteres por "\n". [D:\Perfil\Escritorio\ETC\Programacion\BAXY DEFINITIVO\tests\Baxy.Providers.Windows.Tests\Baxy.Providers.Windows.Tests.csproj]
D:\Perfil\Escritorio\ETC\Programacion\BAXY DEFINITIVO\tests\Baxy.Providers.Windows.Tests\SystemStatus\WindowsSystemStatusProviderTests.cs(99,39): error ENDOFLINE: Corrija el marcador de fin de línea. Reemplazar 2 caracteres por "\n". [D:\Perfil\Escritorio\ETC\Programacion\BAXY DEFINITIVO\tests\Baxy.Providers.Windows.Tests\Baxy.Providers.Windows.Tests.csproj]
D:\Perfil\Escritorio\ETC\Programacion\BAXY DEFINITIVO\tests\Baxy.Providers.Windows.Tests\SystemStatus\WindowsSystemStatusProviderTests.cs(100,37): error ENDOFLINE: Corrija el marcador de fin de línea. Reemplazar 2 caracteres por "\n". [D:\Perfil\Escritorio\ETC\Programacion\BAXY DEFINITIVO\tests\Baxy.Providers.Windows.Tests\Baxy.Providers.Windows.Tests.csproj]
D:\Perfil\Escritorio\ETC\Programacion\BAXY DEFINITIVO\tests\Baxy.Providers.Windows.Tests\SystemStatus\WindowsSystemStatusProviderTests.cs(101,1): error ENDOFLINE: Corrija el marcador de fin de línea. Reemplazar 2 caracteres por "\n". [D:\Perfil\Escritorio\ETC\Programacion\BAXY DEFINITIVO\tests\Baxy.Providers.Windows.Tests\Baxy.Providers.Windows.Tests.csproj]
D:\Perfil\Escritorio\ETC\Programacion\BAXY DEFINITIVO\tests\Baxy.Providers.Windows.Tests\SystemStatus\WindowsSystemStatusProviderTests.cs(102,30): error ENDOFLINE: Corrija el marcador de fin de línea. Reemplazar 2 caracteres por "\n". [D:\Perfil\Escritorio\ETC\Programacion\BAXY DEFINITIVO\tests\Baxy.Providers.Windows.Tests\Baxy.Providers.Windows.Tests.csproj]
D:\Perfil\Escritorio\ETC\Programacion\BAXY DEFINITIVO\tests\Baxy.Providers.Windows.Tests\SystemStatus\WindowsSystemStatusProviderTests.cs(103,10): error ENDOFLINE: Corrija el marcador de fin de línea. Reemplazar 2 caracteres por "\n". [D:\Perfil\Escritorio\ETC\Programacion\BAXY DEFINITIVO\tests\Baxy.Providers.Windows.Tests\Baxy.Providers.Windows.Tests.csproj]
D:\Perfil\Escritorio\ETC\Programacion\BAXY DEFINITIVO\tests\Baxy.Providers.Windows.Tests\SystemStatus\WindowsSystemStatusProviderTests.cs(104,54): error ENDOFLINE: Corrija el marcador de fin de línea. Reemplazar 2 caracteres por "\n". [D:\Perfil\Escritorio\ETC\Programacion\BAXY DEFINITIVO\tests\Baxy.Providers.Windows.Tests\Baxy.Providers.Windows.Tests.csproj]
D:\Perfil\Escritorio\ETC\Programacion\BAXY DEFINITIVO\tests\Baxy.Providers.Windows.Tests\SystemStatus\WindowsSystemStatusProviderTests.cs(105,56): error ENDOFLINE: Corrija el marcador de fin de línea. Reemplazar 2 caracteres por "\n". [D:\Perfil\Escritorio\ETC\Programacion\BAXY DEFINITIVO\tests\Baxy.Providers.Windows.Tests\Baxy.Providers.Windows.Tests.csproj]
D:\Perfil\Escritorio\ETC\Programacion\BAXY DEFINITIVO\tests\Baxy.Providers.Windows.Tests\SystemStatus\WindowsSystemStatusProviderTests.cs(106,64): error ENDOFLINE: Corrija el marcador de fin de línea. Reemplazar 2 caracteres por "\n". [D:\Perfil\Escritorio\ETC\Programacion\BAXY DEFINITIVO\tests\Baxy.Providers.Windows.Tests\Baxy.Providers.Windows.Tests.csproj]
D:\Perfil\Escritorio\ETC\Programacion\BAXY DEFINITIVO\tests\Baxy.Providers.Windows.Tests\SystemStatus\WindowsSystemStatusProviderTests.cs(107,66): error ENDOFLINE: Corrija el marcador de fin de línea. Reemplazar 2 caracteres por "\n". [D:\Perfil\Escritorio\ETC\Programacion\BAXY DEFINITIVO\tests\Baxy.Providers.Windows.Tests\Baxy.Providers.Windows.Tests.csproj]
D:\Perfil\Escritorio\ETC\Programacion\BAXY DEFINITIVO\tests\Baxy.Providers.Windows.Tests\SystemStatus\WindowsSystemStatusProviderTests.cs(108,63): error ENDOFLINE: Corrija el marcador de fin de línea. Reemplazar 2 caracteres por "\n". [D:\Perfil\Escritorio\ETC\Programacion\BAXY DEFINITIVO\tests\Baxy.Providers.Windows.Tests\Baxy.Providers.Windows.Tests.csproj]
D:\Perfil\Escritorio\ETC\Programacion\BAXY DEFINITIVO\tests\Baxy.Providers.Windows.Tests\SystemStatus\WindowsSystemStatusProviderTests.cs(109,63): error ENDOFLINE: Corrija el marcador de fin de línea. Reemplazar 2 caracteres por "\n". [D:\Perfil\Escritorio\ETC\Programacion\BAXY DEFINITIVO\tests\Baxy.Providers.Windows.Tests\Baxy.Providers.Windows.Tests.csproj]
D:\Perfil\Escritorio\ETC\Programacion\BAXY DEFINITIVO\tests\Baxy.Providers.Windows.Tests\SystemStatus\WindowsSystemStatusProviderTests.cs(110,12): error ENDOFLINE: Corrija el marcador de fin de línea. Reemplazar 2 caracteres por "\n". [D:\Perfil\Escritorio\ETC\Programacion\BAXY DEFINITIVO\tests\Baxy.Providers.Windows.Tests\Baxy.Providers.Windows.Tests.csproj]
D:\Perfil\Escritorio\ETC\Programacion\BAXY DEFINITIVO\tests\Baxy.Providers.Windows.Tests\SystemStatus\WindowsSystemStatusProviderTests.cs(111,6): error ENDOFLINE: Corrija el marcador de fin de línea. Reemplazar 2 caracteres por "\n". [D:\Perfil\Escritorio\ETC\Programacion\BAXY DEFINITIVO\tests\Baxy.Providers.Windows.Tests\Baxy.Providers.Windows.Tests.csproj]
D:\Perfil\Escritorio\ETC\Programacion\BAXY DEFINITIVO\tests\Baxy.Providers.Windows.Tests\SystemStatus\WindowsSystemStatusProviderTests.cs(112,1): error ENDOFLINE: Corrija el marcador de fin de línea. Reemplazar 2 caracteres por "\n". [D:\Perfil\Escritorio\ETC\Programacion\BAXY DEFINITIVO\tests\Baxy.Providers.Windows.Tests\Baxy.Providers.Windows.Tests.csproj]
D:\Perfil\Escritorio\ETC\Programacion\BAXY DEFINITIVO\tests\Baxy.Providers.Windows.Tests\SystemStatus\WindowsSystemStatusProviderTests.cs(113,11): error ENDOFLINE: Corrija el marcador de fin de línea. Reemplazar 2 caracteres por "\n". [D:\Perfil\Escritorio\ETC\Programacion\BAXY DEFINITIVO\tests\Baxy.Providers.Windows.Tests\Baxy.Providers.Windows.Tests.csproj]
D:\Perfil\Escritorio\ETC\Programacion\BAXY DEFINITIVO\tests\Baxy.Providers.Windows.Tests\SystemStatus\WindowsSystemStatusProviderTests.cs(114,90): error ENDOFLINE: Corrija el marcador de fin de línea. Reemplazar 2 caracteres por "\n". [D:\Perfil\Escritorio\ETC\Programacion\BAXY DEFINITIVO\tests\Baxy.Providers.Windows.Tests\Baxy.Providers.Windows.Tests.csproj]
D:\Perfil\Escritorio\ETC\Programacion\BAXY DEFINITIVO\tests\Baxy.Providers.Windows.Tests\SystemStatus\WindowsSystemStatusProviderTests.cs(115,6): error ENDOFLINE: Corrija el marcador de fin de línea. Reemplazar 2 caracteres por "\n". [D:\Perfil\Escritorio\ETC\Programacion\BAXY DEFINITIVO\tests\Baxy.Providers.Windows.Tests\Baxy.Providers.Windows.Tests.csproj]
D:\Perfil\Escritorio\ETC\Programacion\BAXY DEFINITIVO\tests\Baxy.Providers.Windows.Tests\SystemStatus\WindowsSystemStatusProviderTests.cs(116,46): error ENDOFLINE: Corrija el marcador de fin de línea. Reemplazar 2 caracteres por "\n". [D:\Perfil\Escritorio\ETC\Programacion\BAXY DEFINITIVO\tests\Baxy.Providers.Windows.Tests\Baxy.Providers.Windows.Tests.csproj]
D:\Perfil\Escritorio\ETC\Programacion\BAXY DEFINITIVO\tests\Baxy.Providers.Windows.Tests\SystemStatus\WindowsSystemStatusProviderTests.cs(117,10): error ENDOFLINE: Corrija el marcador de fin de línea. Reemplazar 2 caracteres por "\n". [D:\Perfil\Escritorio\ETC\Programacion\BAXY DEFINITIVO\tests\Baxy.Providers.Windows.Tests\Baxy.Providers.Windows.Tests.csproj]
D:\Perfil\Escritorio\ETC\Programacion\BAXY DEFINITIVO\tests\Baxy.Providers.Windows.Tests\SystemStatus\WindowsSystemStatusProviderTests.cs(118,69): error ENDOFLINE: Corrija el marcador de fin de línea. Reemplazar 2 caracteres por "\n". [D:\Perfil\Escritorio\ETC\Programacion\BAXY DEFINITIVO\tests\Baxy.Providers.Windows.Tests\Baxy.Providers.Windows.Tests.csproj]
D:\Perfil\Escritorio\ETC\Programacion\BAXY DEFINITIVO\tests\Baxy.Providers.Windows.Tests\SystemStatus\WindowsSystemStatusProviderTests.cs(119,38): error ENDOFLINE: Corrija el marcador de fin de línea. Reemplazar 2 caracteres por "\n". [D:\Perfil\Escritorio\ETC\Programacion\BAXY DEFINITIVO\tests\Baxy.Providers.Windows.Tests\Baxy.Providers.Windows.Tests.csproj]
D:\Perfil\Escritorio\ETC\Programacion\BAXY DEFINITIVO\tests\Baxy.Providers.Windows.Tests\SystemStatus\WindowsSystemStatusProviderTests.cs(120,45): error ENDOFLINE: Corrija el marcador de fin de línea. Reemplazar 2 caracteres por "\n". [D:\Perfil\Escritorio\ETC\Programacion\BAXY DEFINITIVO\tests\Baxy.Providers.Windows.Tests\Baxy.Providers.Windows.Tests.csproj]
D:\Perfil\Escritorio\ETC\Programacion\BAXY DEFINITIVO\tests\Baxy.Providers.Windows.Tests\SystemStatus\WindowsSystemStatusProviderTests.cs(121,44): error ENDOFLINE: Corrija el marcador de fin de línea. Reemplazar 2 caracteres por "\n". [D:\Perfil\Escritorio\ETC\Programacion\BAXY DEFINITIVO\tests\Baxy.Providers.Windows.Tests\Baxy.Providers.Windows.Tests.csproj]
D:\Perfil\Escritorio\ETC\Programacion\BAXY DEFINITIVO\tests\Baxy.Providers.Windows.Tests\SystemStatus\WindowsSystemStatusProviderTests.cs(122,52): error ENDOFLINE: Corrija el marcador de fin de línea. Reemplazar 2 caracteres por "\n". [D:\Perfil\Escritorio\ETC\Programacion\BAXY DEFINITIVO\tests\Baxy.Providers.Windows.Tests\Baxy.Providers.Windows.Tests.csproj]
D:\Perfil\Escritorio\ETC\Programacion\BAXY DEFINITIVO\tests\Baxy.Providers.Windows.Tests\SystemStatus\WindowsSystemStatusProviderTests.cs(123,11): error ENDOFLINE: Corrija el marcador de fin de línea. Reemplazar 2 caracteres por "\n". [D:\Perfil\Escritorio\ETC\Programacion\BAXY DEFINITIVO\tests\Baxy.Providers.Windows.Tests\Baxy.Providers.Windows.Tests.csproj]
D:\Perfil\Escritorio\ETC\Programacion\BAXY DEFINITIVO\tests\Baxy.Providers.Windows.Tests\SystemStatus\WindowsSystemStatusProviderTests.cs(124,46): error ENDOFLINE: Corrija el marcador de fin de línea. Reemplazar 2 caracteres por "\n". [D:\Perfil\Escritorio\ETC\Programacion\BAXY DEFINITIVO\tests\Baxy.Providers.Windows.Tests\Baxy.Providers.Windows.Tests.csproj]
D:\Perfil\Escritorio\ETC\Programacion\BAXY DEFINITIVO\tests\Baxy.Providers.Windows.Tests\SystemStatus\WindowsSystemStatusProviderTests.cs(125,1): error ENDOFLINE: Corrija el marcador de fin de línea. Reemplazar 2 caracteres por "\n". [D:\Perfil\Escritorio\ETC\Programacion\BAXY DEFINITIVO\tests\Baxy.Providers.Windows.Tests\Baxy.Providers.Windows.Tests.csproj]
D:\Perfil\Escritorio\ETC\Programacion\BAXY DEFINITIVO\tests\Baxy.Providers.Windows.Tests\SystemStatus\WindowsSystemStatusProviderTests.cs(126,71): error ENDOFLINE: Corrija el marcador de fin de línea. Reemplazar 2 caracteres por "\n". [D:\Perfil\Escritorio\ETC\Programacion\BAXY DEFINITIVO\tests\Baxy.Providers.Windows.Tests\Baxy.Providers.Windows.Tests.csproj]
D:\Perfil\Escritorio\ETC\Programacion\BAXY DEFINITIVO\tests\Baxy.Providers.Windows.Tests\SystemStatus\WindowsSystemStatusProviderTests.cs(127,66): error ENDOFLINE: Corrija el marcador de fin de línea. Reemplazar 2 caracteres por "\n". [D:\Perfil\Escritorio\ETC\Programacion\BAXY DEFINITIVO\tests\Baxy.Providers.Windows.Tests\Baxy.Providers.Windows.Tests.csproj]
D:\Perfil\Escritorio\ETC\Programacion\BAXY DEFINITIVO\tests\Baxy.Providers.Windows.Tests\SystemStatus\WindowsSystemStatusProviderTests.cs(128,37): error ENDOFLINE: Corrija el marcador de fin de línea. Reemplazar 2 caracteres por "\n". [D:\Perfil\Escritorio\ETC\Programacion\BAXY DEFINITIVO\tests\Baxy.Providers.Windows.Tests\Baxy.Providers.Windows.Tests.csproj]
D:\Perfil\Escritorio\ETC\Programacion\BAXY DEFINITIVO\tests\Baxy.Providers.Windows.Tests\SystemStatus\WindowsSystemStatusProviderTests.cs(129,1): error ENDOFLINE: Corrija el marcador de fin de línea. Reemplazar 2 caracteres por "\n". [D:\Perfil\Escritorio\ETC\Programacion\BAXY DEFINITIVO\tests\Baxy.Providers.Windows.Tests\Baxy.Providers.Windows.Tests.csproj]
D:\Perfil\Escritorio\ETC\Programacion\BAXY DEFINITIVO\tests\Baxy.Providers.Windows.Tests\SystemStatus\WindowsSystemStatusProviderTests.cs(130,30): error ENDOFLINE: Corrija el marcador de fin de línea. Reemplazar 2 caracteres por "\n". [D:\Perfil\Escritorio\ETC\Programacion\BAXY DEFINITIVO\tests\Baxy.Providers.Windows.Tests\Baxy.Providers.Windows.Tests.csproj]
D:\Perfil\Escritorio\ETC\Programacion\BAXY DEFINITIVO\tests\Baxy.Providers.Windows.Tests\SystemStatus\WindowsSystemStatusProviderTests.cs(131,10): error ENDOFLINE: Corrija el marcador de fin de línea. Reemplazar 2 caracteres por "\n". [D:\Perfil\Escritorio\ETC\Programacion\BAXY DEFINITIVO\tests\Baxy.Providers.Windows.Tests\Baxy.Providers.Windows.Tests.csproj]
D:\Perfil\Escritorio\ETC\Programacion\BAXY DEFINITIVO\tests\Baxy.Providers.Windows.Tests\SystemStatus\WindowsSystemStatusProviderTests.cs(132,101): error ENDOFLINE: Corrija el marcador de fin de línea. Reemplazar 2 caracteres por "\n". [D:\Perfil\Escritorio\ETC\Programacion\BAXY DEFINITIVO\tests\Baxy.Providers.Windows.Tests\Baxy.Providers.Windows.Tests.csproj]
D:\Perfil\Escritorio\ETC\Programacion\BAXY DEFINITIVO\tests\Baxy.Providers.Windows.Tests\SystemStatus\WindowsSystemStatusProviderTests.cs(133,52): error ENDOFLINE: Corrija el marcador de fin de línea. Reemplazar 2 caracteres por "\n". [D:\Perfil\Escritorio\ETC\Programacion\BAXY DEFINITIVO\tests\Baxy.Providers.Windows.Tests\Baxy.Providers.Windows.Tests.csproj]
D:\Perfil\Escritorio\ETC\Programacion\BAXY DEFINITIVO\tests\Baxy.Providers.Windows.Tests\SystemStatus\WindowsSystemStatusProviderTests.cs(134,25): error ENDOFLINE: Corrija el marcador de fin de línea. Reemplazar 2 caracteres por "\n". [D:\Perfil\Escritorio\ETC\Programacion\BAXY DEFINITIVO\tests\Baxy.Providers.Windows.Tests\Baxy.Providers.Windows.Tests.csproj]
D:\Perfil\Escritorio\ETC\Programacion\BAXY DEFINITIVO\tests\Baxy.Providers.Windows.Tests\SystemStatus\WindowsSystemStatusProviderTests.cs(135,35): error ENDOFLINE: Corrija el marcador de fin de línea. Reemplazar 2 caracteres por "\n". [D:\Perfil\Escritorio\ETC\Programacion\BAXY DEFINITIVO\tests\Baxy.Providers.Windows.Tests\Baxy.Providers.Windows.Tests.csproj]
D:\Perfil\Escritorio\ETC\Programacion\BAXY DEFINITIVO\tests\Baxy.Providers.Windows.Tests\SystemStatus\WindowsSystemStatusProviderTests.cs(136,33): error ENDOFLINE: Corrija el marcador de fin de línea. Reemplazar 2 caracteres por "\n". [D:\Perfil\Escritorio\ETC\Programacion\BAXY DEFINITIVO\tests\Baxy.Providers.Windows.Tests\Baxy.Providers.Windows.Tests.csproj]
D:\Perfil\Escritorio\ETC\Programacion\BAXY DEFINITIVO\tests\Baxy.Providers.Windows.Tests\SystemStatus\WindowsSystemStatusProviderTests.cs(137,18): error ENDOFLINE: Corrija el marcador de fin de línea. Reemplazar 2 caracteres por "\n". [D:\Perfil\Escritorio\ETC\Programacion\BAXY DEFINITIVO\tests\Baxy.Providers.Windows.Tests\Baxy.Providers.Windows.Tests.csproj]
D:\Perfil\Escritorio\ETC\Programacion\BAXY DEFINITIVO\tests\Baxy.Providers.Windows.Tests\SystemStatus\WindowsSystemStatusProviderTests.cs(138,45): error ENDOFLINE: Corrija el marcador de fin de línea. Reemplazar 2 caracteres por "\n". [D:\Perfil\Escritorio\ETC\Programacion\BAXY DEFINITIVO\tests\Baxy.Providers.Windows.Tests\Baxy.Providers.Windows.Tests.csproj]
D:\Perfil\Escritorio\ETC\Programacion\BAXY DEFINITIVO\tests\Baxy.Providers.Windows.Tests\SystemStatus\WindowsSystemStatusProviderTests.cs(139,51): error ENDOFLINE: Corrija el marcador de fin de línea. Reemplazar 2 caracteres por "\n". [D:\Perfil\Escritorio\ETC\Programacion\BAXY DEFINITIVO\tests\Baxy.Providers.Windows.Tests\Baxy.Providers.Windows.Tests.csproj]
D:\Perfil\Escritorio\ETC\Programacion\BAXY DEFINITIVO\tests\Baxy.Providers.Windows.Tests\SystemStatus\WindowsSystemStatusProviderTests.cs(140,68): error ENDOFLINE: Corrija el marcador de fin de línea. Reemplazar 2 caracteres por "\n". [D:\Perfil\Escritorio\ETC\Programacion\BAXY DEFINITIVO\tests\Baxy.Providers.Windows.Tests\Baxy.Providers.Windows.Tests.csproj]
D:\Perfil\Escritorio\ETC\Programacion\BAXY DEFINITIVO\tests\Baxy.Providers.Windows.Tests\SystemStatus\WindowsSystemStatusProviderTests.cs(141,21): error ENDOFLINE: Corrija el marcador de fin de línea. Reemplazar 2 caracteres por "\n". [D:\Perfil\Escritorio\ETC\Programacion\BAXY DEFINITIVO\tests\Baxy.Providers.Windows.Tests\Baxy.Providers.Windows.Tests.csproj]
D:\Perfil\Escritorio\ETC\Programacion\BAXY DEFINITIVO\tests\Baxy.Providers.Windows.Tests\SystemStatus\WindowsSystemStatusProviderTests.cs(142,12): error ENDOFLINE: Corrija el marcador de fin de línea. Reemplazar 2 caracteres por "\n". [D:\Perfil\Escritorio\ETC\Programacion\BAXY DEFINITIVO\tests\Baxy.Providers.Windows.Tests\Baxy.Providers.Windows.Tests.csproj]
D:\Perfil\Escritorio\ETC\Programacion\BAXY DEFINITIVO\tests\Baxy.Providers.Windows.Tests\SystemStatus\WindowsSystemStatusProviderTests.cs(143,6): error ENDOFLINE: Corrija el marcador de fin de línea. Reemplazar 2 caracteres por "\n". [D:\Perfil\Escritorio\ETC\Programacion\BAXY DEFINITIVO\tests\Baxy.Providers.Windows.Tests\Baxy.Providers.Windows.Tests.csproj]
D:\Perfil\Escritorio\ETC\Programacion\BAXY DEFINITIVO\tests\Baxy.Providers.Windows.Tests\SystemStatus\WindowsSystemStatusProviderTests.cs(144,1): error ENDOFLINE: Corrija el marcador de fin de línea. Reemplazar 2 caracteres por "\n". [D:\Perfil\Escritorio\ETC\Programacion\BAXY DEFINITIVO\tests\Baxy.Providers.Windows.Tests\Baxy.Providers.Windows.Tests.csproj]
D:\Perfil\Escritorio\ETC\Programacion\BAXY DEFINITIVO\tests\Baxy.Providers.Windows.Tests\SystemStatus\WindowsSystemStatusProviderTests.cs(145,56): error ENDOFLINE: Corrija el marcador de fin de línea. Reemplazar 2 caracteres por "\n". [D:\Perfil\Escritorio\ETC\Programacion\BAXY DEFINITIVO\tests\Baxy.Providers.Windows.Tests\Baxy.Providers.Windows.Tests.csproj]
D:\Perfil\Escritorio\ETC\Programacion\BAXY DEFINITIVO\tests\Baxy.Providers.Windows.Tests\SystemStatus\WindowsSystemStatusProviderTests.cs(146,57): error ENDOFLINE: Corrija el marcador de fin de línea. Reemplazar 2 caracteres por "\n". [D:\Perfil\Escritorio\ETC\Programacion\BAXY DEFINITIVO\tests\Baxy.Providers.Windows.Tests\Baxy.Providers.Windows.Tests.csproj]
D:\Perfil\Escritorio\ETC\Programacion\BAXY DEFINITIVO\tests\Baxy.Providers.Windows.Tests\SystemStatus\WindowsSystemStatusProviderTests.cs(147,57): error ENDOFLINE: Corrija el marcador de fin de línea. Reemplazar 2 caracteres por "\n". [D:\Perfil\Escritorio\ETC\Programacion\BAXY DEFINITIVO\tests\Baxy.Providers.Windows.Tests\Baxy.Providers.Windows.Tests.csproj]
D:\Perfil\Escritorio\ETC\Programacion\BAXY DEFINITIVO\tests\Baxy.Providers.Windows.Tests\SystemStatus\WindowsSystemStatusProviderTests.cs(148,56): error ENDOFLINE: Corrija el marcador de fin de línea. Reemplazar 2 caracteres por "\n". [D:\Perfil\Escritorio\ETC\Programacion\BAXY DEFINITIVO\tests\Baxy.Providers.Windows.Tests\Baxy.Providers.Windows.Tests.csproj]
D:\Perfil\Escritorio\ETC\Programacion\BAXY DEFINITIVO\tests\Baxy.Providers.Windows.Tests\SystemStatus\WindowsSystemStatusProviderTests.cs(149,64): error ENDOFLINE: Corrija el marcador de fin de línea. Reemplazar 2 caracteres por "\n". [D:\Perfil\Escritorio\ETC\Programacion\BAXY DEFINITIVO\tests\Baxy.Providers.Windows.Tests\Baxy.Providers.Windows.Tests.csproj]
D:\Perfil\Escritorio\ETC\Programacion\BAXY DEFINITIVO\tests\Baxy.Providers.Windows.Tests\SystemStatus\WindowsSystemStatusProviderTests.cs(150,25): error ENDOFLINE: Corrija el marcador de fin de línea. Reemplazar 2 caracteres por "\n". [D:\Perfil\Escritorio\ETC\Programacion\BAXY DEFINITIVO\tests\Baxy.Providers.Windows.Tests\Baxy.Providers.Windows.Tests.csproj]
D:\Perfil\Escritorio\ETC\Programacion\BAXY DEFINITIVO\tests\Baxy.Providers.Windows.Tests\SystemStatus\WindowsSystemStatusProviderTests.cs(151,27): error ENDOFLINE: Corrija el marcador de fin de línea. Reemplazar 2 caracteres por "\n". [D:\Perfil\Escritorio\ETC\Programacion\BAXY DEFINITIVO\tests\Baxy.Providers.Windows.Tests\Baxy.Providers.Windows.Tests.csproj]
D:\Perfil\Escritorio\ETC\Programacion\BAXY DEFINITIVO\tests\Baxy.Providers.Windows.Tests\SystemStatus\WindowsSystemStatusProviderTests.cs(152,25): error ENDOFLINE: Corrija el marcador de fin de línea. Reemplazar 2 caracteres por "\n". [D:\Perfil\Escritorio\ETC\Programacion\BAXY DEFINITIVO\tests\Baxy.Providers.Windows.Tests\Baxy.Providers.Windows.Tests.csproj]
D:\Perfil\Escritorio\ETC\Programacion\BAXY DEFINITIVO\tests\Baxy.Providers.Windows.Tests\SystemStatus\WindowsSystemStatusProviderTests.cs(153,26): error ENDOFLINE: Corrija el marcador de fin de línea. Reemplazar 2 caracteres por "\n". [D:\Perfil\Escritorio\ETC\Programacion\BAXY DEFINITIVO\tests\Baxy.Providers.Windows.Tests\Baxy.Providers.Windows.Tests.csproj]
D:\Perfil\Escritorio\ETC\Programacion\BAXY DEFINITIVO\tests\Baxy.Providers.Windows.Tests\SystemStatus\WindowsSystemStatusProviderTests.cs(154,28): error ENDOFLINE: Corrija el marcador de fin de línea. Reemplazar 2 caracteres por "\n". [D:\Perfil\Escritorio\ETC\Programacion\BAXY DEFINITIVO\tests\Baxy.Providers.Windows.Tests\Baxy.Providers.Windows.Tests.csproj]
D:\Perfil\Escritorio\ETC\Programacion\BAXY DEFINITIVO\tests\Baxy.Providers.Windows.Tests\SystemStatus\WindowsSystemStatusProviderTests.cs(155,26): error ENDOFLINE: Corrija el marcador de fin de línea. Reemplazar 2 caracteres por "\n". [D:\Perfil\Escritorio\ETC\Programacion\BAXY DEFINITIVO\tests\Baxy.Providers.Windows.Tests\Baxy.Providers.Windows.Tests.csproj]
D:\Perfil\Escritorio\ETC\Programacion\BAXY DEFINITIVO\tests\Baxy.Providers.Windows.Tests\SystemStatus\WindowsSystemStatusProviderTests.cs(156,6): error ENDOFLINE: Corrija el marcador de fin de línea. Reemplazar 2 caracteres por "\n". [D:\Perfil\Escritorio\ETC\Programacion\BAXY DEFINITIVO\tests\Baxy.Providers.Windows.Tests\Baxy.Providers.Windows.Tests.csproj]
D:\Perfil\Escritorio\ETC\Programacion\BAXY DEFINITIVO\tests\Baxy.Providers.Windows.Tests\SystemStatus\WindowsSystemStatusProviderTests.cs(157,49): error ENDOFLINE: Corrija el marcador de fin de línea. Reemplazar 2 caracteres por "\n". [D:\Perfil\Escritorio\ETC\Programacion\BAXY DEFINITIVO\tests\Baxy.Providers.Windows.Tests\Baxy.Providers.Windows.Tests.csproj]
D:\Perfil\Escritorio\ETC\Programacion\BAXY DEFINITIVO\tests\Baxy.Providers.Windows.Tests\SystemStatus\WindowsSystemStatusProviderTests.cs(158,88): error ENDOFLINE: Corrija el marcador de fin de línea. Reemplazar 2 caracteres por "\n". [D:\Perfil\Escritorio\ETC\Programacion\BAXY DEFINITIVO\tests\Baxy.Providers.Windows.Tests\Baxy.Providers.Windows.Tests.csproj]
D:\Perfil\Escritorio\ETC\Programacion\BAXY DEFINITIVO\tests\Baxy.Providers.Windows.Tests\SystemStatus\WindowsSystemStatusProviderTests.cs(159,91): error ENDOFLINE: Corrija el marcador de fin de línea. Reemplazar 2 caracteres por "\n". [D:\Perfil\Escritorio\ETC\Programacion\BAXY DEFINITIVO\tests\Baxy.Providers.Windows.Tests\Baxy.Providers.Windows.Tests.csproj]
D:\Perfil\Escritorio\ETC\Programacion\BAXY DEFINITIVO\tests\Baxy.Providers.Windows.Tests\SystemStatus\WindowsSystemStatusProviderTests.cs(160,46): error ENDOFLINE: Corrija el marcador de fin de línea. Reemplazar 2 caracteres por "\n". [D:\Perfil\Escritorio\ETC\Programacion\BAXY DEFINITIVO\tests\Baxy.Providers.Windows.Tests\Baxy.Providers.Windows.Tests.csproj]
D:\Perfil\Escritorio\ETC\Programacion\BAXY DEFINITIVO\tests\Baxy.Providers.Windows.Tests\SystemStatus\WindowsSystemStatusProviderTests.cs(161,1): error ENDOFLINE: Corrija el marcador de fin de línea. Reemplazar 2 caracteres por "\n". [D:\Perfil\Escritorio\ETC\Programacion\BAXY DEFINITIVO\tests\Baxy.Providers.Windows.Tests\Baxy.Providers.Windows.Tests.csproj]
D:\Perfil\Escritorio\ETC\Programacion\BAXY DEFINITIVO\tests\Baxy.Providers.Windows.Tests\SystemStatus\WindowsSystemStatusProviderTests.cs(162,71): error ENDOFLINE: Corrija el marcador de fin de línea. Reemplazar 2 caracteres por "\n". [D:\Perfil\Escritorio\ETC\Programacion\BAXY DEFINITIVO\tests\Baxy.Providers.Windows.Tests\Baxy.Providers.Windows.Tests.csproj]
D:\Perfil\Escritorio\ETC\Programacion\BAXY DEFINITIVO\tests\Baxy.Providers.Windows.Tests\SystemStatus\WindowsSystemStatusProviderTests.cs(163,35): error ENDOFLINE: Corrija el marcador de fin de línea. Reemplazar 2 caracteres por "\n". [D:\Perfil\Escritorio\ETC\Programacion\BAXY DEFINITIVO\tests\Baxy.Providers.Windows.Tests\Baxy.Providers.Windows.Tests.csproj]
D:\Perfil\Escritorio\ETC\Programacion\BAXY DEFINITIVO\tests\Baxy.Providers.Windows.Tests\SystemStatus\WindowsSystemStatusProviderTests.cs(164,37): error ENDOFLINE: Corrija el marcador de fin de línea. Reemplazar 2 caracteres por "\n". [D:\Perfil\Escritorio\ETC\Programacion\BAXY DEFINITIVO\tests\Baxy.Providers.Windows.Tests\Baxy.Providers.Windows.Tests.csproj]
D:\Perfil\Escritorio\ETC\Programacion\BAXY DEFINITIVO\tests\Baxy.Providers.Windows.Tests\SystemStatus\WindowsSystemStatusProviderTests.cs(165,1): error ENDOFLINE: Corrija el marcador de fin de línea. Reemplazar 2 caracteres por "\n". [D:\Perfil\Escritorio\ETC\Programacion\BAXY DEFINITIVO\tests\Baxy.Providers.Windows.Tests\Baxy.Providers.Windows.Tests.csproj]
D:\Perfil\Escritorio\ETC\Programacion\BAXY DEFINITIVO\tests\Baxy.Providers.Windows.Tests\SystemStatus\WindowsSystemStatusProviderTests.cs(166,30): error ENDOFLINE: Corrija el marcador de fin de línea. Reemplazar 2 caracteres por "\n". [D:\Perfil\Escritorio\ETC\Programacion\BAXY DEFINITIVO\tests\Baxy.Providers.Windows.Tests\Baxy.Providers.Windows.Tests.csproj]
D:\Perfil\Escritorio\ETC\Programacion\BAXY DEFINITIVO\tests\Baxy.Providers.Windows.Tests\SystemStatus\WindowsSystemStatusProviderTests.cs(167,10): error ENDOFLINE: Corrija el marcador de fin de línea. Reemplazar 2 caracteres por "\n". [D:\Perfil\Escritorio\ETC\Programacion\BAXY DEFINITIVO\tests\Baxy.Providers.Windows.Tests\Baxy.Providers.Windows.Tests.csproj]
D:\Perfil\Escritorio\ETC\Programacion\BAXY DEFINITIVO\tests\Baxy.Providers.Windows.Tests\SystemStatus\WindowsSystemStatusProviderTests.cs(168,48): error ENDOFLINE: Corrija el marcador de fin de línea. Reemplazar 2 caracteres por "\n". [D:\Perfil\Escritorio\ETC\Programacion\BAXY DEFINITIVO\tests\Baxy.Providers.Windows.Tests\Baxy.Providers.Windows.Tests.csproj]
D:\Perfil\Escritorio\ETC\Programacion\BAXY DEFINITIVO\tests\Baxy.Providers.Windows.Tests\SystemStatus\WindowsSystemStatusProviderTests.cs(169,25): error ENDOFLINE: Corrija el marcador de fin de línea. Reemplazar 2 caracteres por "\n". [D:\Perfil\Escritorio\ETC\Programacion\BAXY DEFINITIVO\tests\Baxy.Providers.Windows.Tests\Baxy.Providers.Windows.Tests.csproj]
D:\Perfil\Escritorio\ETC\Programacion\BAXY DEFINITIVO\tests\Baxy.Providers.Windows.Tests\SystemStatus\WindowsSystemStatusProviderTests.cs(170,35): error ENDOFLINE: Corrija el marcador de fin de línea. Reemplazar 2 caracteres por "\n". [D:\Perfil\Escritorio\ETC\Programacion\BAXY DEFINITIVO\tests\Baxy.Providers.Windows.Tests\Baxy.Providers.Windows.Tests.csproj]
D:\Perfil\Escritorio\ETC\Programacion\BAXY DEFINITIVO\tests\Baxy.Providers.Windows.Tests\SystemStatus\WindowsSystemStatusProviderTests.cs(171,33): error ENDOFLINE: Corrija el marcador de fin de línea. Reemplazar 2 caracteres por "\n". [D:\Perfil\Escritorio\ETC\Programacion\BAXY DEFINITIVO\tests\Baxy.Providers.Windows.Tests\Baxy.Providers.Windows.Tests.csproj]
D:\Perfil\Escritorio\ETC\Programacion\BAXY DEFINITIVO\tests\Baxy.Providers.Windows.Tests\SystemStatus\WindowsSystemStatusProviderTests.cs(172,18): error ENDOFLINE: Corrija el marcador de fin de línea. Reemplazar 2 caracteres por "\n". [D:\Perfil\Escritorio\ETC\Programacion\BAXY DEFINITIVO\tests\Baxy.Providers.Windows.Tests\Baxy.Providers.Windows.Tests.csproj]
D:\Perfil\Escritorio\ETC\Programacion\BAXY DEFINITIVO\tests\Baxy.Providers.Windows.Tests\SystemStatus\WindowsSystemStatusProviderTests.cs(173,45): error ENDOFLINE: Corrija el marcador de fin de línea. Reemplazar 2 caracteres por "\n". [D:\Perfil\Escritorio\ETC\Programacion\BAXY DEFINITIVO\tests\Baxy.Providers.Windows.Tests\Baxy.Providers.Windows.Tests.csproj]
D:\Perfil\Escritorio\ETC\Programacion\BAXY DEFINITIVO\tests\Baxy.Providers.Windows.Tests\SystemStatus\WindowsSystemStatusProviderTests.cs(174,47): error ENDOFLINE: Corrija el marcador de fin de línea. Reemplazar 2 caracteres por "\n". [D:\Perfil\Escritorio\ETC\Programacion\BAXY DEFINITIVO\tests\Baxy.Providers.Windows.Tests\Baxy.Providers.Windows.Tests.csproj]
D:\Perfil\Escritorio\ETC\Programacion\BAXY DEFINITIVO\tests\Baxy.Providers.Windows.Tests\SystemStatus\WindowsSystemStatusProviderTests.cs(175,68): error ENDOFLINE: Corrija el marcador de fin de línea. Reemplazar 2 caracteres por "\n". [D:\Perfil\Escritorio\ETC\Programacion\BAXY DEFINITIVO\tests\Baxy.Providers.Windows.Tests\Baxy.Providers.Windows.Tests.csproj]
D:\Perfil\Escritorio\ETC\Programacion\BAXY DEFINITIVO\tests\Baxy.Providers.Windows.Tests\SystemStatus\WindowsSystemStatusProviderTests.cs(176,21): error ENDOFLINE: Corrija el marcador de fin de línea. Reemplazar 2 caracteres por "\n". [D:\Perfil\Escritorio\ETC\Programacion\BAXY DEFINITIVO\tests\Baxy.Providers.Windows.Tests\Baxy.Providers.Windows.Tests.csproj]
D:\Perfil\Escritorio\ETC\Programacion\BAXY DEFINITIVO\tests\Baxy.Providers.Windows.Tests\SystemStatus\WindowsSystemStatusProviderTests.cs(177,12): error ENDOFLINE: Corrija el marcador de fin de línea. Reemplazar 2 caracteres por "\n". [D:\Perfil\Escritorio\ETC\Programacion\BAXY DEFINITIVO\tests\Baxy.Providers.Windows.Tests\Baxy.Providers.Windows.Tests.csproj]
D:\Perfil\Escritorio\ETC\Programacion\BAXY DEFINITIVO\tests\Baxy.Providers.Windows.Tests\SystemStatus\WindowsSystemStatusProviderTests.cs(178,6): error ENDOFLINE: Corrija el marcador de fin de línea. Reemplazar 2 caracteres por "\n". [D:\Perfil\Escritorio\ETC\Programacion\BAXY DEFINITIVO\tests\Baxy.Providers.Windows.Tests\Baxy.Providers.Windows.Tests.csproj]
D:\Perfil\Escritorio\ETC\Programacion\BAXY DEFINITIVO\tests\Baxy.Providers.Windows.Tests\SystemStatus\WindowsSystemStatusProviderTests.cs(179,1): error ENDOFLINE: Corrija el marcador de fin de línea. Reemplazar 2 caracteres por "\n". [D:\Perfil\Escritorio\ETC\Programacion\BAXY DEFINITIVO\tests\Baxy.Providers.Windows.Tests\Baxy.Providers.Windows.Tests.csproj]
D:\Perfil\Escritorio\ETC\Programacion\BAXY DEFINITIVO\tests\Baxy.Providers.Windows.Tests\SystemStatus\WindowsSystemStatusProviderTests.cs(180,11): error ENDOFLINE: Corrija el marcador de fin de línea. Reemplazar 2 caracteres por "\n". [D:\Perfil\Escritorio\ETC\Programacion\BAXY DEFINITIVO\tests\Baxy.Providers.Windows.Tests\Baxy.Providers.Windows.Tests.csproj]
D:\Perfil\Escritorio\ETC\Programacion\BAXY DEFINITIVO\tests\Baxy.Providers.Windows.Tests\SystemStatus\WindowsSystemStatusProviderTests.cs(181,67): error ENDOFLINE: Corrija el marcador de fin de línea. Reemplazar 2 caracteres por "\n". [D:\Perfil\Escritorio\ETC\Programacion\BAXY DEFINITIVO\tests\Baxy.Providers.Windows.Tests\Baxy.Providers.Windows.Tests.csproj]
D:\Perfil\Escritorio\ETC\Programacion\BAXY DEFINITIVO\tests\Baxy.Providers.Windows.Tests\SystemStatus\WindowsSystemStatusProviderTests.cs(182,6): error ENDOFLINE: Corrija el marcador de fin de línea. Reemplazar 2 caracteres por "\n". [D:\Perfil\Escritorio\ETC\Programacion\BAXY DEFINITIVO\tests\Baxy.Providers.Windows.Tests\Baxy.Providers.Windows.Tests.csproj]
D:\Perfil\Escritorio\ETC\Programacion\BAXY DEFINITIVO\tests\Baxy.Providers.Windows.Tests\SystemStatus\WindowsSystemStatusProviderTests.cs(183,37): error ENDOFLINE: Corrija el marcador de fin de línea. Reemplazar 2 caracteres por "\n". [D:\Perfil\Escritorio\ETC\Programacion\BAXY DEFINITIVO\tests\Baxy.Providers.Windows.Tests\Baxy.Providers.Windows.Tests.csproj]
D:\Perfil\Escritorio\ETC\Programacion\BAXY DEFINITIVO\tests\Baxy.Providers.Windows.Tests\SystemStatus\WindowsSystemStatusProviderTests.cs(184,41): error ENDOFLINE: Corrija el marcador de fin de línea. Reemplazar 2 caracteres por "\n". [D:\Perfil\Escritorio\ETC\Programacion\BAXY DEFINITIVO\tests\Baxy.Providers.Windows.Tests\Baxy.Providers.Windows.Tests.csproj]
D:\Perfil\Escritorio\ETC\Programacion\BAXY DEFINITIVO\tests\Baxy.Providers.Windows.Tests\SystemStatus\WindowsSystemStatusProviderTests.cs(185,46): error ENDOFLINE: Corrija el marcador de fin de línea. Reemplazar 2 caracteres por "\n". [D:\Perfil\Escritorio\ETC\Programacion\BAXY DEFINITIVO\tests\Baxy.Providers.Windows.Tests\Baxy.Providers.Windows.Tests.csproj]
D:\Perfil\Escritorio\ETC\Programacion\BAXY DEFINITIVO\tests\Baxy.Providers.Windows.Tests\SystemStatus\WindowsSystemStatusProviderTests.cs(186,1): error ENDOFLINE: Corrija el marcador de fin de línea. Reemplazar 2 caracteres por "\n". [D:\Perfil\Escritorio\ETC\Programacion\BAXY DEFINITIVO\tests\Baxy.Providers.Windows.Tests\Baxy.Providers.Windows.Tests.csproj]
D:\Perfil\Escritorio\ETC\Programacion\BAXY DEFINITIVO\tests\Baxy.Providers.Windows.Tests\SystemStatus\WindowsSystemStatusProviderTests.cs(187,71): error ENDOFLINE: Corrija el marcador de fin de línea. Reemplazar 2 caracteres por "\n". [D:\Perfil\Escritorio\ETC\Programacion\BAXY DEFINITIVO\tests\Baxy.Providers.Windows.Tests\Baxy.Providers.Windows.Tests.csproj]
D:\Perfil\Escritorio\ETC\Programacion\BAXY DEFINITIVO\tests\Baxy.Providers.Windows.Tests\SystemStatus\WindowsSystemStatusProviderTests.cs(188,35): error ENDOFLINE: Corrija el marcador de fin de línea. Reemplazar 2 caracteres por "\n". [D:\Perfil\Escritorio\ETC\Programacion\BAXY DEFINITIVO\tests\Baxy.Providers.Windows.Tests\Baxy.Providers.Windows.Tests.csproj]
D:\Perfil\Escritorio\ETC\Programacion\BAXY DEFINITIVO\tests\Baxy.Providers.Windows.Tests\SystemStatus\WindowsSystemStatusProviderTests.cs(189,37): error ENDOFLINE: Corrija el marcador de fin de línea. Reemplazar 2 caracteres por "\n". [D:\Perfil\Escritorio\ETC\Programacion\BAXY DEFINITIVO\tests\Baxy.Providers.Windows.Tests\Baxy.Providers.Windows.Tests.csproj]
D:\Perfil\Escritorio\ETC\Programacion\BAXY DEFINITIVO\tests\Baxy.Providers.Windows.Tests\SystemStatus\WindowsSystemStatusProviderTests.cs(190,1): error ENDOFLINE: Corrija el marcador de fin de línea. Reemplazar 2 caracteres por "\n". [D:\Perfil\Escritorio\ETC\Programacion\BAXY DEFINITIVO\tests\Baxy.Providers.Windows.Tests\Baxy.Providers.Windows.Tests.csproj]
D:\Perfil\Escritorio\ETC\Programacion\BAXY DEFINITIVO\tests\Baxy.Providers.Windows.Tests\SystemStatus\WindowsSystemStatusProviderTests.cs(191,44): error ENDOFLINE: Corrija el marcador de fin de línea. Reemplazar 2 caracteres por "\n". [D:\Perfil\Escritorio\ETC\Programacion\BAXY DEFINITIVO\tests\Baxy.Providers.Windows.Tests\Baxy.Providers.Windows.Tests.csproj]
D:\Perfil\Escritorio\ETC\Programacion\BAXY DEFINITIVO\tests\Baxy.Providers.Windows.Tests\SystemStatus\WindowsSystemStatusProviderTests.cs(192,21): error ENDOFLINE: Corrija el marcador de fin de línea. Reemplazar 2 caracteres por "\n". [D:\Perfil\Escritorio\ETC\Programacion\BAXY DEFINITIVO\tests\Baxy.Providers.Windows.Tests\Baxy.Providers.Windows.Tests.csproj]
D:\Perfil\Escritorio\ETC\Programacion\BAXY DEFINITIVO\tests\Baxy.Providers.Windows.Tests\SystemStatus\WindowsSystemStatusProviderTests.cs(193,40): error ENDOFLINE: Corrija el marcador de fin de línea. Reemplazar 2 caracteres por "\n". [D:\Perfil\Escritorio\ETC\Programacion\BAXY DEFINITIVO\tests\Baxy.Providers.Windows.Tests\Baxy.Providers.Windows.Tests.csproj]
D:\Perfil\Escritorio\ETC\Programacion\BAXY DEFINITIVO\tests\Baxy.Providers.Windows.Tests\SystemStatus\WindowsSystemStatusProviderTests.cs(194,48): error ENDOFLINE: Corrija el marcador de fin de línea. Reemplazar 2 caracteres por "\n". [D:\Perfil\Escritorio\ETC\Programacion\BAXY DEFINITIVO\tests\Baxy.Providers.Windows.Tests\Baxy.Providers.Windows.Tests.csproj]
D:\Perfil\Escritorio\ETC\Programacion\BAXY DEFINITIVO\tests\Baxy.Providers.Windows.Tests\SystemStatus\WindowsSystemStatusProviderTests.cs(195,39): error ENDOFLINE: Corrija el marcador de fin de línea. Reemplazar 2 caracteres por "\n". [D:\Perfil\Escritorio\ETC\Programacion\BAXY DEFINITIVO\tests\Baxy.Providers.Windows.Tests\Baxy.Providers.Windows.Tests.csproj]
D:\Perfil\Escritorio\ETC\Programacion\BAXY DEFINITIVO\tests\Baxy.Providers.Windows.Tests\SystemStatus\WindowsSystemStatusProviderTests.cs(196,62): error ENDOFLINE: Corrija el marcador de fin de línea. Reemplazar 2 caracteres por "\n". [D:\Perfil\Escritorio\ETC\Programacion\BAXY DEFINITIVO\tests\Baxy.Providers.Windows.Tests\Baxy.Providers.Windows.Tests.csproj]
D:\Perfil\Escritorio\ETC\Programacion\BAXY DEFINITIVO\tests\Baxy.Providers.Windows.Tests\SystemStatus\WindowsSystemStatusProviderTests.cs(197,6): error ENDOFLINE: Corrija el marcador de fin de línea. Reemplazar 2 caracteres por "\n". [D:\Perfil\Escritorio\ETC\Programacion\BAXY DEFINITIVO\tests\Baxy.Providers.Windows.Tests\Baxy.Providers.Windows.Tests.csproj]
D:\Perfil\Escritorio\ETC\Programacion\BAXY DEFINITIVO\tests\Baxy.Providers.Windows.Tests\SystemStatus\WindowsSystemStatusProviderTests.cs(198,1): error ENDOFLINE: Corrija el marcador de fin de línea. Reemplazar 2 caracteres por "\n". [D:\Perfil\Escritorio\ETC\Programacion\BAXY DEFINITIVO\tests\Baxy.Providers.Windows.Tests\Baxy.Providers.Windows.Tests.csproj]
D:\Perfil\Escritorio\ETC\Programacion\BAXY DEFINITIVO\tests\Baxy.Providers.Windows.Tests\SystemStatus\WindowsSystemStatusProviderTests.cs(199,11): error ENDOFLINE: Corrija el marcador de fin de línea. Reemplazar 2 caracteres por "\n". [D:\Perfil\Escritorio\ETC\Programacion\BAXY DEFINITIVO\tests\Baxy.Providers.Windows.Tests\Baxy.Providers.Windows.Tests.csproj]
D:\Perfil\Escritorio\ETC\Programacion\BAXY DEFINITIVO\tests\Baxy.Providers.Windows.Tests\SystemStatus\WindowsSystemStatusProviderTests.cs(200,84): error ENDOFLINE: Corrija el marcador de fin de línea. Reemplazar 2 caracteres por "\n". [D:\Perfil\Escritorio\ETC\Programacion\BAXY DEFINITIVO\tests\Baxy.Providers.Windows.Tests\Baxy.Providers.Windows.Tests.csproj]
D:\Perfil\Escritorio\ETC\Programacion\BAXY DEFINITIVO\tests\Baxy.Providers.Windows.Tests\SystemStatus\WindowsSystemStatusProviderTests.cs(201,6): error ENDOFLINE: Corrija el marcador de fin de línea. Reemplazar 2 caracteres por "\n". [D:\Perfil\Escritorio\ETC\Programacion\BAXY DEFINITIVO\tests\Baxy.Providers.Windows.Tests\Baxy.Providers.Windows.Tests.csproj]
D:\Perfil\Escritorio\ETC\Programacion\BAXY DEFINITIVO\tests\Baxy.Providers.Windows.Tests\SystemStatus\WindowsSystemStatusProviderTests.cs(202,36): error ENDOFLINE: Corrija el marcador de fin de línea. Reemplazar 2 caracteres por "\n". [D:\Perfil\Escritorio\ETC\Programacion\BAXY DEFINITIVO\tests\Baxy.Providers.Windows.Tests\Baxy.Providers.Windows.Tests.csproj]
D:\Perfil\Escritorio\ETC\Programacion\BAXY DEFINITIVO\tests\Baxy.Providers.Windows.Tests\SystemStatus\WindowsSystemStatusProviderTests.cs(203,10): error ENDOFLINE: Corrija el marcador de fin de línea. Reemplazar 2 caracteres por "\n". [D:\Perfil\Escritorio\ETC\Programacion\BAXY DEFINITIVO\tests\Baxy.Providers.Windows.Tests\Baxy.Providers.Windows.Tests.csproj]
D:\Perfil\Escritorio\ETC\Programacion\BAXY DEFINITIVO\tests\Baxy.Providers.Windows.Tests\SystemStatus\WindowsSystemStatusProviderTests.cs(204,39): error ENDOFLINE: Corrija el marcador de fin de línea. Reemplazar 2 caracteres por "\n". [D:\Perfil\Escritorio\ETC\Programacion\BAXY DEFINITIVO\tests\Baxy.Providers.Windows.Tests\Baxy.Providers.Windows.Tests.csproj]
D:\Perfil\Escritorio\ETC\Programacion\BAXY DEFINITIVO\tests\Baxy.Providers.Windows.Tests\SystemStatus\WindowsSystemStatusProviderTests.cs(205,30): error ENDOFLINE: Corrija el marcador de fin de línea. Reemplazar 2 caracteres por "\n". [D:\Perfil\Escritorio\ETC\Programacion\BAXY DEFINITIVO\tests\Baxy.Providers.Windows.Tests\Baxy.Providers.Windows.Tests.csproj]
D:\Perfil\Escritorio\ETC\Programacion\BAXY DEFINITIVO\tests\Baxy.Providers.Windows.Tests\SystemStatus\WindowsSystemStatusProviderTests.cs(206,11): error ENDOFLINE: Corrija el marcador de fin de línea. Reemplazar 2 caracteres por "\n". [D:\Perfil\Escritorio\ETC\Programacion\BAXY DEFINITIVO\tests\Baxy.Providers.Windows.Tests\Baxy.Providers.Windows.Tests.csproj]
D:\Perfil\Escritorio\ETC\Programacion\BAXY DEFINITIVO\tests\Baxy.Providers.Windows.Tests\SystemStatus\WindowsSystemStatusProviderTests.cs(207,1): error ENDOFLINE: Corrija el marcador de fin de línea. Reemplazar 2 caracteres por "\n". [D:\Perfil\Escritorio\ETC\Programacion\BAXY DEFINITIVO\tests\Baxy.Providers.Windows.Tests\Baxy.Providers.Windows.Tests.csproj]
D:\Perfil\Escritorio\ETC\Programacion\BAXY DEFINITIVO\tests\Baxy.Providers.Windows.Tests\SystemStatus\WindowsSystemStatusProviderTests.cs(208,61): error ENDOFLINE: Corrija el marcador de fin de línea. Reemplazar 2 caracteres por "\n". [D:\Perfil\Escritorio\ETC\Programacion\BAXY DEFINITIVO\tests\Baxy.Providers.Windows.Tests\Baxy.Providers.Windows.Tests.csproj]
D:\Perfil\Escritorio\ETC\Programacion\BAXY DEFINITIVO\tests\Baxy.Providers.Windows.Tests\SystemStatus\WindowsSystemStatusProviderTests.cs(209,10): error ENDOFLINE: Corrija el marcador de fin de línea. Reemplazar 2 caracteres por "\n". [D:\Perfil\Escritorio\ETC\Programacion\BAXY DEFINITIVO\tests\Baxy.Providers.Windows.Tests\Baxy.Providers.Windows.Tests.csproj]
D:\Perfil\Escritorio\ETC\Programacion\BAXY DEFINITIVO\tests\Baxy.Providers.Windows.Tests\SystemStatus\WindowsSystemStatusProviderTests.cs(210,59): error ENDOFLINE: Corrija el marcador de fin de línea. Reemplazar 2 caracteres por "\n". [D:\Perfil\Escritorio\ETC\Programacion\BAXY DEFINITIVO\tests\Baxy.Providers.Windows.Tests\Baxy.Providers.Windows.Tests.csproj]
D:\Perfil\Escritorio\ETC\Programacion\BAXY DEFINITIVO\tests\Baxy.Providers.Windows.Tests\SystemStatus\WindowsSystemStatusProviderTests.cs(211,46): error ENDOFLINE: Corrija el marcador de fin de línea. Reemplazar 2 caracteres por "\n". [D:\Perfil\Escritorio\ETC\Programacion\BAXY DEFINITIVO\tests\Baxy.Providers.Windows.Tests\Baxy.Providers.Windows.Tests.csproj]
D:\Perfil\Escritorio\ETC\Programacion\BAXY DEFINITIVO\tests\Baxy.Providers.Windows.Tests\SystemStatus\WindowsSystemStatusProviderTests.cs(212,50): error ENDOFLINE: Corrija el marcador de fin de línea. Reemplazar 2 caracteres por "\n". [D:\Perfil\Escritorio\ETC\Programacion\BAXY DEFINITIVO\tests\Baxy.Providers.Windows.Tests\Baxy.Providers.Windows.Tests.csproj]
D:\Perfil\Escritorio\ETC\Programacion\BAXY DEFINITIVO\tests\Baxy.Providers.Windows.Tests\SystemStatus\WindowsSystemStatusProviderTests.cs(213,1): error ENDOFLINE: Corrija el marcador de fin de línea. Reemplazar 2 caracteres por "\n". [D:\Perfil\Escritorio\ETC\Programacion\BAXY DEFINITIVO\tests\Baxy.Providers.Windows.Tests\Baxy.Providers.Windows.Tests.csproj]
D:\Perfil\Escritorio\ETC\Programacion\BAXY DEFINITIVO\tests\Baxy.Providers.Windows.Tests\SystemStatus\WindowsSystemStatusProviderTests.cs(214,75): error ENDOFLINE: Corrija el marcador de fin de línea. Reemplazar 2 caracteres por "\n". [D:\Perfil\Escritorio\ETC\Programacion\BAXY DEFINITIVO\tests\Baxy.Providers.Windows.Tests\Baxy.Providers.Windows.Tests.csproj]
D:\Perfil\Escritorio\ETC\Programacion\BAXY DEFINITIVO\tests\Baxy.Providers.Windows.Tests\SystemStatus\WindowsSystemStatusProviderTests.cs(215,39): error ENDOFLINE: Corrija el marcador de fin de línea. Reemplazar 2 caracteres por "\n". [D:\Perfil\Escritorio\ETC\Programacion\BAXY DEFINITIVO\tests\Baxy.Providers.Windows.Tests\Baxy.Providers.Windows.Tests.csproj]
D:\Perfil\Escritorio\ETC\Programacion\BAXY DEFINITIVO\tests\Baxy.Providers.Windows.Tests\SystemStatus\WindowsSystemStatusProviderTests.cs(216,41): error ENDOFLINE: Corrija el marcador de fin de línea. Reemplazar 2 caracteres por "\n". [D:\Perfil\Escritorio\ETC\Programacion\BAXY DEFINITIVO\tests\Baxy.Providers.Windows.Tests\Baxy.Providers.Windows.Tests.csproj]
D:\Perfil\Escritorio\ETC\Programacion\BAXY DEFINITIVO\tests\Baxy.Providers.Windows.Tests\SystemStatus\WindowsSystemStatusProviderTests.cs(217,1): error ENDOFLINE: Corrija el marcador de fin de línea. Reemplazar 2 caracteres por "\n". [D:\Perfil\Escritorio\ETC\Programacion\BAXY DEFINITIVO\tests\Baxy.Providers.Windows.Tests\Baxy.Providers.Windows.Tests.csproj]
D:\Perfil\Escritorio\ETC\Programacion\BAXY DEFINITIVO\tests\Baxy.Providers.Windows.Tests\SystemStatus\WindowsSystemStatusProviderTests.cs(218,34): error ENDOFLINE: Corrija el marcador de fin de línea. Reemplazar 2 caracteres por "\n". [D:\Perfil\Escritorio\ETC\Programacion\BAXY DEFINITIVO\tests\Baxy.Providers.Windows.Tests\Baxy.Providers.Windows.Tests.csproj]
D:\Perfil\Escritorio\ETC\Programacion\BAXY DEFINITIVO\tests\Baxy.Providers.Windows.Tests\SystemStatus\WindowsSystemStatusProviderTests.cs(219,14): error ENDOFLINE: Corrija el marcador de fin de línea. Reemplazar 2 caracteres por "\n". [D:\Perfil\Escritorio\ETC\Programacion\BAXY DEFINITIVO\tests\Baxy.Providers.Windows.Tests\Baxy.Providers.Windows.Tests.csproj]
D:\Perfil\Escritorio\ETC\Programacion\BAXY DEFINITIVO\tests\Baxy.Providers.Windows.Tests\SystemStatus\WindowsSystemStatusProviderTests.cs(220,58): error ENDOFLINE: Corrija el marcador de fin de línea. Reemplazar 2 caracteres por "\n". [D:\Perfil\Escritorio\ETC\Programacion\BAXY DEFINITIVO\tests\Baxy.Providers.Windows.Tests\Baxy.Providers.Windows.Tests.csproj]
D:\Perfil\Escritorio\ETC\Programacion\BAXY DEFINITIVO\tests\Baxy.Providers.Windows.Tests\SystemStatus\WindowsSystemStatusProviderTests.cs(221,56): error ENDOFLINE: Corrija el marcador de fin de línea. Reemplazar 2 caracteres por "\n". [D:\Perfil\Escritorio\ETC\Programacion\BAXY DEFINITIVO\tests\Baxy.Providers.Windows.Tests\Baxy.Providers.Windows.Tests.csproj]
D:\Perfil\Escritorio\ETC\Programacion\BAXY DEFINITIVO\tests\Baxy.Providers.Windows.Tests\SystemStatus\WindowsSystemStatusProviderTests.cs(222,59): error ENDOFLINE: Corrija el marcador de fin de línea. Reemplazar 2 caracteres por "\n". [D:\Perfil\Escritorio\ETC\Programacion\BAXY DEFINITIVO\tests\Baxy.Providers.Windows.Tests\Baxy.Providers.Windows.Tests.csproj]
D:\Perfil\Escritorio\ETC\Programacion\BAXY DEFINITIVO\tests\Baxy.Providers.Windows.Tests\SystemStatus\WindowsSystemStatusProviderTests.cs(223,82): error ENDOFLINE: Corrija el marcador de fin de línea. Reemplazar 2 caracteres por "\n". [D:\Perfil\Escritorio\ETC\Programacion\BAXY DEFINITIVO\tests\Baxy.Providers.Windows.Tests\Baxy.Providers.Windows.Tests.csproj]
D:\Perfil\Escritorio\ETC\Programacion\BAXY DEFINITIVO\tests\Baxy.Providers.Windows.Tests\SystemStatus\WindowsSystemStatusProviderTests.cs(224,16): error ENDOFLINE: Corrija el marcador de fin de línea. Reemplazar 2 caracteres por "\n". [D:\Perfil\Escritorio\ETC\Programacion\BAXY DEFINITIVO\tests\Baxy.Providers.Windows.Tests\Baxy.Providers.Windows.Tests.csproj]
D:\Perfil\Escritorio\ETC\Programacion\BAXY DEFINITIVO\tests\Baxy.Providers.Windows.Tests\SystemStatus\WindowsSystemStatusProviderTests.cs(225,10): error ENDOFLINE: Corrija el marcador de fin de línea. Reemplazar 2 caracteres por "\n". [D:\Perfil\Escritorio\ETC\Programacion\BAXY DEFINITIVO\tests\Baxy.Providers.Windows.Tests\Baxy.Providers.Windows.Tests.csproj]
D:\Perfil\Escritorio\ETC\Programacion\BAXY DEFINITIVO\tests\Baxy.Providers.Windows.Tests\SystemStatus\WindowsSystemStatusProviderTests.cs(226,6): error ENDOFLINE: Corrija el marcador de fin de línea. Reemplazar 2 caracteres por "\n". [D:\Perfil\Escritorio\ETC\Programacion\BAXY DEFINITIVO\tests\Baxy.Providers.Windows.Tests\Baxy.Providers.Windows.Tests.csproj]
D:\Perfil\Escritorio\ETC\Programacion\BAXY DEFINITIVO\tests\Baxy.Providers.Windows.Tests\SystemStatus\WindowsSystemStatusProviderTests.cs(227,1): error ENDOFLINE: Corrija el marcador de fin de línea. Reemplazar 2 caracteres por "\n". [D:\Perfil\Escritorio\ETC\Programacion\BAXY DEFINITIVO\tests\Baxy.Providers.Windows.Tests\Baxy.Providers.Windows.Tests.csproj]
D:\Perfil\Escritorio\ETC\Programacion\BAXY DEFINITIVO\tests\Baxy.Providers.Windows.Tests\SystemStatus\WindowsSystemStatusProviderTests.cs(228,11): error ENDOFLINE: Corrija el marcador de fin de línea. Reemplazar 2 caracteres por "\n". [D:\Perfil\Escritorio\ETC\Programacion\BAXY DEFINITIVO\tests\Baxy.Providers.Windows.Tests\Baxy.Providers.Windows.Tests.csproj]
D:\Perfil\Escritorio\ETC\Programacion\BAXY DEFINITIVO\tests\Baxy.Providers.Windows.Tests\SystemStatus\WindowsSystemStatusProviderTests.cs(229,84): error ENDOFLINE: Corrija el marcador de fin de línea. Reemplazar 2 caracteres por "\n". [D:\Perfil\Escritorio\ETC\Programacion\BAXY DEFINITIVO\tests\Baxy.Providers.Windows.Tests\Baxy.Providers.Windows.Tests.csproj]
D:\Perfil\Escritorio\ETC\Programacion\BAXY DEFINITIVO\tests\Baxy.Providers.Windows.Tests\SystemStatus\WindowsSystemStatusProviderTests.cs(230,6): error ENDOFLINE: Corrija el marcador de fin de línea. Reemplazar 2 caracteres por "\n". [D:\Perfil\Escritorio\ETC\Programacion\BAXY DEFINITIVO\tests\Baxy.Providers.Windows.Tests\Baxy.Providers.Windows.Tests.csproj]
D:\Perfil\Escritorio\ETC\Programacion\BAXY DEFINITIVO\tests\Baxy.Providers.Windows.Tests\SystemStatus\WindowsSystemStatusProviderTests.cs(231,93): error ENDOFLINE: Corrija el marcador de fin de línea. Reemplazar 2 caracteres por "\n". [D:\Perfil\Escritorio\ETC\Programacion\BAXY DEFINITIVO\tests\Baxy.Providers.Windows.Tests\Baxy.Providers.Windows.Tests.csproj]
D:\Perfil\Escritorio\ETC\Programacion\BAXY DEFINITIVO\tests\Baxy.Providers.Windows.Tests\SystemStatus\WindowsSystemStatusProviderTests.cs(232,46): error ENDOFLINE: Corrija el marcador de fin de línea. Reemplazar 2 caracteres por "\n". [D:\Perfil\Escritorio\ETC\Programacion\BAXY DEFINITIVO\tests\Baxy.Providers.Windows.Tests\Baxy.Providers.Windows.Tests.csproj]
D:\Perfil\Escritorio\ETC\Programacion\BAXY DEFINITIVO\tests\Baxy.Providers.Windows.Tests\SystemStatus\WindowsSystemStatusProviderTests.cs(233,10): error ENDOFLINE: Corrija el marcador de fin de línea. Reemplazar 2 caracteres por "\n". [D:\Perfil\Escritorio\ETC\Programacion\BAXY DEFINITIVO\tests\Baxy.Providers.Windows.Tests\Baxy.Providers.Windows.Tests.csproj]
D:\Perfil\Escritorio\ETC\Programacion\BAXY DEFINITIVO\tests\Baxy.Providers.Windows.Tests\SystemStatus\WindowsSystemStatusProviderTests.cs(234,65): error ENDOFLINE: Corrija el marcador de fin de línea. Reemplazar 2 caracteres por "\n". [D:\Perfil\Escritorio\ETC\Programacion\BAXY DEFINITIVO\tests\Baxy.Providers.Windows.Tests\Baxy.Providers.Windows.Tests.csproj]
D:\Perfil\Escritorio\ETC\Programacion\BAXY DEFINITIVO\tests\Baxy.Providers.Windows.Tests\SystemStatus\WindowsSystemStatusProviderTests.cs(235,47): error ENDOFLINE: Corrija el marcador de fin de línea. Reemplazar 2 caracteres por "\n". [D:\Perfil\Escritorio\ETC\Programacion\BAXY DEFINITIVO\tests\Baxy.Providers.Windows.Tests\Baxy.Providers.Windows.Tests.csproj]
D:\Perfil\Escritorio\ETC\Programacion\BAXY DEFINITIVO\tests\Baxy.Providers.Windows.Tests\SystemStatus\WindowsSystemStatusProviderTests.cs(236,11): error ENDOFLINE: Corrija el marcador de fin de línea. Reemplazar 2 caracteres por "\n". [D:\Perfil\Escritorio\ETC\Programacion\BAXY DEFINITIVO\tests\Baxy.Providers.Windows.Tests\Baxy.Providers.Windows.Tests.csproj]
D:\Perfil\Escritorio\ETC\Programacion\BAXY DEFINITIVO\tests\Baxy.Providers.Windows.Tests\SystemStatus\WindowsSystemStatusProviderTests.cs(237,46): error ENDOFLINE: Corrija el marcador de fin de línea. Reemplazar 2 caracteres por "\n". [D:\Perfil\Escritorio\ETC\Programacion\BAXY DEFINITIVO\tests\Baxy.Providers.Windows.Tests\Baxy.Providers.Windows.Tests.csproj]
D:\Perfil\Escritorio\ETC\Programacion\BAXY DEFINITIVO\tests\Baxy.Providers.Windows.Tests\SystemStatus\WindowsSystemStatusProviderTests.cs(238,1): error ENDOFLINE: Corrija el marcador de fin de línea. Reemplazar 2 caracteres por "\n". [D:\Perfil\Escritorio\ETC\Programacion\BAXY DEFINITIVO\tests\Baxy.Providers.Windows.Tests\Baxy.Providers.Windows.Tests.csproj]
D:\Perfil\Escritorio\ETC\Programacion\BAXY DEFINITIVO\tests\Baxy.Providers.Windows.Tests\SystemStatus\WindowsSystemStatusProviderTests.cs(239,71): error ENDOFLINE: Corrija el marcador de fin de línea. Reemplazar 2 caracteres por "\n". [D:\Perfil\Escritorio\ETC\Programacion\BAXY DEFINITIVO\tests\Baxy.Providers.Windows.Tests\Baxy.Providers.Windows.Tests.csproj]
D:\Perfil\Escritorio\ETC\Programacion\BAXY DEFINITIVO\tests\Baxy.Providers.Windows.Tests\SystemStatus\WindowsSystemStatusProviderTests.cs(240,69): error ENDOFLINE: Corrija el marcador de fin de línea. Reemplazar 2 caracteres por "\n". [D:\Perfil\Escritorio\ETC\Programacion\BAXY DEFINITIVO\tests\Baxy.Providers.Windows.Tests\Baxy.Providers.Windows.Tests.csproj]
D:\Perfil\Escritorio\ETC\Programacion\BAXY DEFINITIVO\tests\Baxy.Providers.Windows.Tests\SystemStatus\WindowsSystemStatusProviderTests.cs(241,37): error ENDOFLINE: Corrija el marcador de fin de línea. Reemplazar 2 caracteres por "\n". [D:\Perfil\Escritorio\ETC\Programacion\BAXY DEFINITIVO\tests\Baxy.Providers.Windows.Tests\Baxy.Providers.Windows.Tests.csproj]
D:\Perfil\Escritorio\ETC\Programacion\BAXY DEFINITIVO\tests\Baxy.Providers.Windows.Tests\SystemStatus\WindowsSystemStatusProviderTests.cs(242,1): error ENDOFLINE: Corrija el marcador de fin de línea. Reemplazar 2 caracteres por "\n". [D:\Perfil\Escritorio\ETC\Programacion\BAXY DEFINITIVO\tests\Baxy.Providers.Windows.Tests\Baxy.Providers.Windows.Tests.csproj]
D:\Perfil\Escritorio\ETC\Programacion\BAXY DEFINITIVO\tests\Baxy.Providers.Windows.Tests\SystemStatus\WindowsSystemStatusProviderTests.cs(243,30): error ENDOFLINE: Corrija el marcador de fin de línea. Reemplazar 2 caracteres por "\n". [D:\Perfil\Escritorio\ETC\Programacion\BAXY DEFINITIVO\tests\Baxy.Providers.Windows.Tests\Baxy.Providers.Windows.Tests.csproj]
D:\Perfil\Escritorio\ETC\Programacion\BAXY DEFINITIVO\tests\Baxy.Providers.Windows.Tests\SystemStatus\WindowsSystemStatusProviderTests.cs(244,10): error ENDOFLINE: Corrija el marcador de fin de línea. Reemplazar 2 caracteres por "\n". [D:\Perfil\Escritorio\ETC\Programacion\BAXY DEFINITIVO\tests\Baxy.Providers.Windows.Tests\Baxy.Providers.Windows.Tests.csproj]
D:\Perfil\Escritorio\ETC\Programacion\BAXY DEFINITIVO\tests\Baxy.Providers.Windows.Tests\SystemStatus\WindowsSystemStatusProviderTests.cs(245,51): error ENDOFLINE: Corrija el marcador de fin de línea. Reemplazar 2 caracteres por "\n". [D:\Perfil\Escritorio\ETC\Programacion\BAXY DEFINITIVO\tests\Baxy.Providers.Windows.Tests\Baxy.Providers.Windows.Tests.csproj]
D:\Perfil\Escritorio\ETC\Programacion\BAXY DEFINITIVO\tests\Baxy.Providers.Windows.Tests\SystemStatus\WindowsSystemStatusProviderTests.cs(246,91): error ENDOFLINE: Corrija el marcador de fin de línea. Reemplazar 2 caracteres por "\n". [D:\Perfil\Escritorio\ETC\Programacion\BAXY DEFINITIVO\tests\Baxy.Providers.Windows.Tests\Baxy.Providers.Windows.Tests.csproj]
D:\Perfil\Escritorio\ETC\Programacion\BAXY DEFINITIVO\tests\Baxy.Providers.Windows.Tests\SystemStatus\WindowsSystemStatusProviderTests.cs(247,25): error ENDOFLINE: Corrija el marcador de fin de línea. Reemplazar 2 caracteres por "\n". [D:\Perfil\Escritorio\ETC\Programacion\BAXY DEFINITIVO\tests\Baxy.Providers.Windows.Tests\Baxy.Providers.Windows.Tests.csproj]
D:\Perfil\Escritorio\ETC\Programacion\BAXY DEFINITIVO\tests\Baxy.Providers.Windows.Tests\SystemStatus\WindowsSystemStatusProviderTests.cs(248,35): error ENDOFLINE: Corrija el marcador de fin de línea. Reemplazar 2 caracteres por "\n". [D:\Perfil\Escritorio\ETC\Programacion\BAXY DEFINITIVO\tests\Baxy.Providers.Windows.Tests\Baxy.Providers.Windows.Tests.csproj]
D:\Perfil\Escritorio\ETC\Programacion\BAXY DEFINITIVO\tests\Baxy.Providers.Windows.Tests\SystemStatus\WindowsSystemStatusProviderTests.cs(249,33): error ENDOFLINE: Corrija el marcador de fin de línea. Reemplazar 2 caracteres por "\n". [D:\Perfil\Escritorio\ETC\Programacion\BAXY DEFINITIVO\tests\Baxy.Providers.Windows.Tests\Baxy.Providers.Windows.Tests.csproj]
D:\Perfil\Escritorio\ETC\Programacion\BAXY DEFINITIVO\tests\Baxy.Providers.Windows.Tests\SystemStatus\WindowsSystemStatusProviderTests.cs(250,18): error ENDOFLINE: Corrija el marcador de fin de línea. Reemplazar 2 caracteres por "\n". [D:\Perfil\Escritorio\ETC\Programacion\BAXY DEFINITIVO\tests\Baxy.Providers.Windows.Tests\Baxy.Providers.Windows.Tests.csproj]
D:\Perfil\Escritorio\ETC\Programacion\BAXY DEFINITIVO\tests\Baxy.Providers.Windows.Tests\SystemStatus\WindowsSystemStatusProviderTests.cs(251,45): error ENDOFLINE: Corrija el marcador de fin de línea. Reemplazar 2 caracteres por "\n". [D:\Perfil\Escritorio\ETC\Programacion\BAXY DEFINITIVO\tests\Baxy.Providers.Windows.Tests\Baxy.Providers.Windows.Tests.csproj]
D:\Perfil\Escritorio\ETC\Programacion\BAXY DEFINITIVO\tests\Baxy.Providers.Windows.Tests\SystemStatus\WindowsSystemStatusProviderTests.cs(252,50): error ENDOFLINE: Corrija el marcador de fin de línea. Reemplazar 2 caracteres por "\n". [D:\Perfil\Escritorio\ETC\Programacion\BAXY DEFINITIVO\tests\Baxy.Providers.Windows.Tests\Baxy.Providers.Windows.Tests.csproj]
D:\Perfil\Escritorio\ETC\Programacion\BAXY DEFINITIVO\tests\Baxy.Providers.Windows.Tests\SystemStatus\WindowsSystemStatusProviderTests.cs(253,67): error ENDOFLINE: Corrija el marcador de fin de línea. Reemplazar 2 caracteres por "\n". [D:\Perfil\Escritorio\ETC\Programacion\BAXY DEFINITIVO\tests\Baxy.Providers.Windows.Tests\Baxy.Providers.Windows.Tests.csproj]
D:\Perfil\Escritorio\ETC\Programacion\BAXY DEFINITIVO\tests\Baxy.Providers.Windows.Tests\SystemStatus\WindowsSystemStatusProviderTests.cs(254,21): error ENDOFLINE: Corrija el marcador de fin de línea. Reemplazar 2 caracteres por "\n". [D:\Perfil\Escritorio\ETC\Programacion\BAXY DEFINITIVO\tests\Baxy.Providers.Windows.Tests\Baxy.Providers.Windows.Tests.csproj]
D:\Perfil\Escritorio\ETC\Programacion\BAXY DEFINITIVO\tests\Baxy.Providers.Windows.Tests\SystemStatus\WindowsSystemStatusProviderTests.cs(255,82): error ENDOFLINE: Corrija el marcador de fin de línea. Reemplazar 2 caracteres por "\n". [D:\Perfil\Escritorio\ETC\Programacion\BAXY DEFINITIVO\tests\Baxy.Providers.Windows.Tests\Baxy.Providers.Windows.Tests.csproj]
D:\Perfil\Escritorio\ETC\Programacion\BAXY DEFINITIVO\tests\Baxy.Providers.Windows.Tests\SystemStatus\WindowsSystemStatusProviderTests.cs(256,78): error ENDOFLINE: Corrija el marcador de fin de línea. Reemplazar 2 caracteres por "\n". [D:\Perfil\Escritorio\ETC\Programacion\BAXY DEFINITIVO\tests\Baxy.Providers.Windows.Tests\Baxy.Providers.Windows.Tests.csproj]
D:\Perfil\Escritorio\ETC\Programacion\BAXY DEFINITIVO\tests\Baxy.Providers.Windows.Tests\SystemStatus\WindowsSystemStatusProviderTests.cs(257,75): error ENDOFLINE: Corrija el marcador de fin de línea. Reemplazar 2 caracteres por "\n". [D:\Perfil\Escritorio\ETC\Programacion\BAXY DEFINITIVO\tests\Baxy.Providers.Windows.Tests\Baxy.Providers.Windows.Tests.csproj]
D:\Perfil\Escritorio\ETC\Programacion\BAXY DEFINITIVO\tests\Baxy.Providers.Windows.Tests\SystemStatus\WindowsSystemStatusProviderTests.cs(258,12): error ENDOFLINE: Corrija el marcador de fin de línea. Reemplazar 2 caracteres por "\n". [D:\Perfil\Escritorio\ETC\Programacion\BAXY DEFINITIVO\tests\Baxy.Providers.Windows.Tests\Baxy.Providers.Windows.Tests.csproj]
D:\Perfil\Escritorio\ETC\Programacion\BAXY DEFINITIVO\tests\Baxy.Providers.Windows.Tests\SystemStatus\WindowsSystemStatusProviderTests.cs(259,6): error ENDOFLINE: Corrija el marcador de fin de línea. Reemplazar 2 caracteres por "\n". [D:\Perfil\Escritorio\ETC\Programacion\BAXY DEFINITIVO\tests\Baxy.Providers.Windows.Tests\Baxy.Providers.Windows.Tests.csproj]
D:\Perfil\Escritorio\ETC\Programacion\BAXY DEFINITIVO\tests\Baxy.Providers.Windows.Tests\SystemStatus\WindowsSystemStatusProviderTests.cs(260,1): error ENDOFLINE: Corrija el marcador de fin de línea. Reemplazar 2 caracteres por "\n". [D:\Perfil\Escritorio\ETC\Programacion\BAXY DEFINITIVO\tests\Baxy.Providers.Windows.Tests\Baxy.Providers.Windows.Tests.csproj]
D:\Perfil\Escritorio\ETC\Programacion\BAXY DEFINITIVO\tests\Baxy.Providers.Windows.Tests\SystemStatus\WindowsSystemStatusProviderTests.cs(261,11): error ENDOFLINE: Corrija el marcador de fin de línea. Reemplazar 2 caracteres por "\n". [D:\Perfil\Escritorio\ETC\Programacion\BAXY DEFINITIVO\tests\Baxy.Providers.Windows.Tests\Baxy.Providers.Windows.Tests.csproj]
D:\Perfil\Escritorio\ETC\Programacion\BAXY DEFINITIVO\tests\Baxy.Providers.Windows.Tests\SystemStatus\WindowsSystemStatusProviderTests.cs(262,83): error ENDOFLINE: Corrija el marcador de fin de línea. Reemplazar 2 caracteres por "\n". [D:\Perfil\Escritorio\ETC\Programacion\BAXY DEFINITIVO\tests\Baxy.Providers.Windows.Tests\Baxy.Providers.Windows.Tests.csproj]
D:\Perfil\Escritorio\ETC\Programacion\BAXY DEFINITIVO\tests\Baxy.Providers.Windows.Tests\SystemStatus\WindowsSystemStatusProviderTests.cs(263,6): error ENDOFLINE: Corrija el marcador de fin de línea. Reemplazar 2 caracteres por "\n". [D:\Perfil\Escritorio\ETC\Programacion\BAXY DEFINITIVO\tests\Baxy.Providers.Windows.Tests\Baxy.Providers.Windows.Tests.csproj]
D:\Perfil\Escritorio\ETC\Programacion\BAXY DEFINITIVO\tests\Baxy.Providers.Windows.Tests\SystemStatus\WindowsSystemStatusProviderTests.cs(264,46): error ENDOFLINE: Corrija el marcador de fin de línea. Reemplazar 2 caracteres por "\n". [D:\Perfil\Escritorio\ETC\Programacion\BAXY DEFINITIVO\tests\Baxy.Providers.Windows.Tests\Baxy.Providers.Windows.Tests.csproj]
D:\Perfil\Escritorio\ETC\Programacion\BAXY DEFINITIVO\tests\Baxy.Providers.Windows.Tests\SystemStatus\WindowsSystemStatusProviderTests.cs(265,10): error ENDOFLINE: Corrija el marcador de fin de línea. Reemplazar 2 caracteres por "\n". [D:\Perfil\Escritorio\ETC\Programacion\BAXY DEFINITIVO\tests\Baxy.Providers.Windows.Tests\Baxy.Providers.Windows.Tests.csproj]
D:\Perfil\Escritorio\ETC\Programacion\BAXY DEFINITIVO\tests\Baxy.Providers.Windows.Tests\SystemStatus\WindowsSystemStatusProviderTests.cs(266,92): error ENDOFLINE: Corrija el marcador de fin de línea. Reemplazar 2 caracteres por "\n". [D:\Perfil\Escritorio\ETC\Programacion\BAXY DEFINITIVO\tests\Baxy.Providers.Windows.Tests\Baxy.Providers.Windows.Tests.csproj]
D:\Perfil\Escritorio\ETC\Programacion\BAXY DEFINITIVO\tests\Baxy.Providers.Windows.Tests\SystemStatus\WindowsSystemStatusProviderTests.cs(267,46): error ENDOFLINE: Corrija el marcador de fin de línea. Reemplazar 2 caracteres por "\n". [D:\Perfil\Escritorio\ETC\Programacion\BAXY DEFINITIVO\tests\Baxy.Providers.Windows.Tests\Baxy.Providers.Windows.Tests.csproj]
D:\Perfil\Escritorio\ETC\Programacion\BAXY DEFINITIVO\tests\Baxy.Providers.Windows.Tests\SystemStatus\WindowsSystemStatusProviderTests.cs(268,11): error ENDOFLINE: Corrija el marcador de fin de línea. Reemplazar 2 caracteres por "\n". [D:\Perfil\Escritorio\ETC\Programacion\BAXY DEFINITIVO\tests\Baxy.Providers.Windows.Tests\Baxy.Providers.Windows.Tests.csproj]
D:\Perfil\Escritorio\ETC\Programacion\BAXY DEFINITIVO\tests\Baxy.Providers.Windows.Tests\SystemStatus\WindowsSystemStatusProviderTests.cs(269,46): error ENDOFLINE: Corrija el marcador de fin de línea. Reemplazar 2 caracteres por "\n". [D:\Perfil\Escritorio\ETC\Programacion\BAXY DEFINITIVO\tests\Baxy.Providers.Windows.Tests\Baxy.Providers.Windows.Tests.csproj]
D:\Perfil\Escritorio\ETC\Programacion\BAXY DEFINITIVO\tests\Baxy.Providers.Windows.Tests\SystemStatus\WindowsSystemStatusProviderTests.cs(270,1): error ENDOFLINE: Corrija el marcador de fin de línea. Reemplazar 2 caracteres por "\n". [D:\Perfil\Escritorio\ETC\Programacion\BAXY DEFINITIVO\tests\Baxy.Providers.Windows.Tests\Baxy.Providers.Windows.Tests.csproj]
D:\Perfil\Escritorio\ETC\Programacion\BAXY DEFINITIVO\tests\Baxy.Providers.Windows.Tests\SystemStatus\WindowsSystemStatusProviderTests.cs(271,71): error ENDOFLINE: Corrija el marcador de fin de línea. Reemplazar 2 caracteres por "\n". [D:\Perfil\Escritorio\ETC\Programacion\BAXY DEFINITIVO\tests\Baxy.Providers.Windows.Tests\Baxy.Providers.Windows.Tests.csproj]
D:\Perfil\Escritorio\ETC\Programacion\BAXY DEFINITIVO\tests\Baxy.Providers.Windows.Tests\SystemStatus\WindowsSystemStatusProviderTests.cs(272,74): error ENDOFLINE: Corrija el marcador de fin de línea. Reemplazar 2 caracteres por "\n". [D:\Perfil\Escritorio\ETC\Programacion\BAXY DEFINITIVO\tests\Baxy.Providers.Windows.Tests\Baxy.Providers.Windows.Tests.csproj]
D:\Perfil\Escritorio\ETC\Programacion\BAXY DEFINITIVO\tests\Baxy.Providers.Windows.Tests\SystemStatus\WindowsSystemStatusProviderTests.cs(273,37): error ENDOFLINE: Corrija el marcador de fin de línea. Reemplazar 2 caracteres por "\n". [D:\Perfil\Escritorio\ETC\Programacion\BAXY DEFINITIVO\tests\Baxy.Providers.Windows.Tests\Baxy.Providers.Windows.Tests.csproj]
D:\Perfil\Escritorio\ETC\Programacion\BAXY DEFINITIVO\tests\Baxy.Providers.Windows.Tests\SystemStatus\WindowsSystemStatusProviderTests.cs(274,1): error ENDOFLINE: Corrija el marcador de fin de línea. Reemplazar 2 caracteres por "\n". [D:\Perfil\Escritorio\ETC\Programacion\BAXY DEFINITIVO\tests\Baxy.Providers.Windows.Tests\Baxy.Providers.Windows.Tests.csproj]
D:\Perfil\Escritorio\ETC\Programacion\BAXY DEFINITIVO\tests\Baxy.Providers.Windows.Tests\SystemStatus\WindowsSystemStatusProviderTests.cs(275,21): error ENDOFLINE: Corrija el marcador de fin de línea. Reemplazar 2 caracteres por "\n". [D:\Perfil\Escritorio\ETC\Programacion\BAXY DEFINITIVO\tests\Baxy.Providers.Windows.Tests\Baxy.Providers.Windows.Tests.csproj]
D:\Perfil\Escritorio\ETC\Programacion\BAXY DEFINITIVO\tests\Baxy.Providers.Windows.Tests\SystemStatus\WindowsSystemStatusProviderTests.cs(276,31): error ENDOFLINE: Corrija el marcador de fin de línea. Reemplazar 2 caracteres por "\n". [D:\Perfil\Escritorio\ETC\Programacion\BAXY DEFINITIVO\tests\Baxy.Providers.Windows.Tests\Baxy.Providers.Windows.Tests.csproj]
D:\Perfil\Escritorio\ETC\Programacion\BAXY DEFINITIVO\tests\Baxy.Providers.Windows.Tests\SystemStatus\WindowsSystemStatusProviderTests.cs(277,29): error ENDOFLINE: Corrija el marcador de fin de línea. Reemplazar 2 caracteres por "\n". [D:\Perfil\Escritorio\ETC\Programacion\BAXY DEFINITIVO\tests\Baxy.Providers.Windows.Tests\Baxy.Providers.Windows.Tests.csproj]
D:\Perfil\Escritorio\ETC\Programacion\BAXY DEFINITIVO\tests\Baxy.Providers.Windows.Tests\SystemStatus\WindowsSystemStatusProviderTests.cs(278,14): error ENDOFLINE: Corrija el marcador de fin de línea. Reemplazar 2 caracteres por "\n". [D:\Perfil\Escritorio\ETC\Programacion\BAXY DEFINITIVO\tests\Baxy.Providers.Windows.Tests\Baxy.Providers.Windows.Tests.csproj]
D:\Perfil\Escritorio\ETC\Programacion\BAXY DEFINITIVO\tests\Baxy.Providers.Windows.Tests\SystemStatus\WindowsSystemStatusProviderTests.cs(279,41): error ENDOFLINE: Corrija el marcador de fin de línea. Reemplazar 2 caracteres por "\n". [D:\Perfil\Escritorio\ETC\Programacion\BAXY DEFINITIVO\tests\Baxy.Providers.Windows.Tests\Baxy.Providers.Windows.Tests.csproj]
D:\Perfil\Escritorio\ETC\Programacion\BAXY DEFINITIVO\tests\Baxy.Providers.Windows.Tests\SystemStatus\WindowsSystemStatusProviderTests.cs(280,46): error ENDOFLINE: Corrija el marcador de fin de línea. Reemplazar 2 caracteres por "\n". [D:\Perfil\Escritorio\ETC\Programacion\BAXY DEFINITIVO\tests\Baxy.Providers.Windows.Tests\Baxy.Providers.Windows.Tests.csproj]
D:\Perfil\Escritorio\ETC\Programacion\BAXY DEFINITIVO\tests\Baxy.Providers.Windows.Tests\SystemStatus\WindowsSystemStatusProviderTests.cs(281,64): error ENDOFLINE: Corrija el marcador de fin de línea. Reemplazar 2 caracteres por "\n". [D:\Perfil\Escritorio\ETC\Programacion\BAXY DEFINITIVO\tests\Baxy.Providers.Windows.Tests\Baxy.Providers.Windows.Tests.csproj]
D:\Perfil\Escritorio\ETC\Programacion\BAXY DEFINITIVO\tests\Baxy.Providers.Windows.Tests\SystemStatus\WindowsSystemStatusProviderTests.cs(282,41): error ENDOFLINE: Corrija el marcador de fin de línea. Reemplazar 2 caracteres por "\n". [D:\Perfil\Escritorio\ETC\Programacion\BAXY DEFINITIVO\tests\Baxy.Providers.Windows.Tests\Baxy.Providers.Windows.Tests.csproj]
D:\Perfil\Escritorio\ETC\Programacion\BAXY DEFINITIVO\tests\Baxy.Providers.Windows.Tests\SystemStatus\WindowsSystemStatusProviderTests.cs(283,55): error ENDOFLINE: Corrija el marcador de fin de línea. Reemplazar 2 caracteres por "\n". [D:\Perfil\Escritorio\ETC\Programacion\BAXY DEFINITIVO\tests\Baxy.Providers.Windows.Tests\Baxy.Providers.Windows.Tests.csproj]
D:\Perfil\Escritorio\ETC\Programacion\BAXY DEFINITIVO\tests\Baxy.Providers.Windows.Tests\SystemStatus\WindowsSystemStatusProviderTests.cs(284,57): error ENDOFLINE: Corrija el marcador de fin de línea. Reemplazar 2 caracteres por "\n". [D:\Perfil\Escritorio\ETC\Programacion\BAXY DEFINITIVO\tests\Baxy.Providers.Windows.Tests\Baxy.Providers.Windows.Tests.csproj]
D:\Perfil\Escritorio\ETC\Programacion\BAXY DEFINITIVO\tests\Baxy.Providers.Windows.Tests\SystemStatus\WindowsSystemStatusProviderTests.cs(285,17): error ENDOFLINE: Corrija el marcador de fin de línea. Reemplazar 2 caracteres por "\n". [D:\Perfil\Escritorio\ETC\Programacion\BAXY DEFINITIVO\tests\Baxy.Providers.Windows.Tests\Baxy.Providers.Windows.Tests.csproj]
D:\Perfil\Escritorio\ETC\Programacion\BAXY DEFINITIVO\tests\Baxy.Providers.Windows.Tests\SystemStatus\WindowsSystemStatusProviderTests.cs(286,6): error ENDOFLINE: Corrija el marcador de fin de línea. Reemplazar 2 caracteres por "\n". [D:\Perfil\Escritorio\ETC\Programacion\BAXY DEFINITIVO\tests\Baxy.Providers.Windows.Tests\Baxy.Providers.Windows.Tests.csproj]
D:\Perfil\Escritorio\ETC\Programacion\BAXY DEFINITIVO\tests\Baxy.Providers.Windows.Tests\SystemStatus\WindowsSystemStatusProviderTests.cs(287,1): error ENDOFLINE: Corrija el marcador de fin de línea. Reemplazar 2 caracteres por "\n". [D:\Perfil\Escritorio\ETC\Programacion\BAXY DEFINITIVO\tests\Baxy.Providers.Windows.Tests\Baxy.Providers.Windows.Tests.csproj]
D:\Perfil\Escritorio\ETC\Programacion\BAXY DEFINITIVO\tests\Baxy.Providers.Windows.Tests\SystemStatus\WindowsSystemStatusProviderTests.cs(288,11): error ENDOFLINE: Corrija el marcador de fin de línea. Reemplazar 2 caracteres por "\n". [D:\Perfil\Escritorio\ETC\Programacion\BAXY DEFINITIVO\tests\Baxy.Providers.Windows.Tests\Baxy.Providers.Windows.Tests.csproj]
D:\Perfil\Escritorio\ETC\Programacion\BAXY DEFINITIVO\tests\Baxy.Providers.Windows.Tests\SystemStatus\WindowsSystemStatusProviderTests.cs(289,66): error ENDOFLINE: Corrija el marcador de fin de línea. Reemplazar 2 caracteres por "\n". [D:\Perfil\Escritorio\ETC\Programacion\BAXY DEFINITIVO\tests\Baxy.Providers.Windows.Tests\Baxy.Providers.Windows.Tests.csproj]
D:\Perfil\Escritorio\ETC\Programacion\BAXY DEFINITIVO\tests\Baxy.Providers.Windows.Tests\SystemStatus\WindowsSystemStatusProviderTests.cs(290,6): error ENDOFLINE: Corrija el marcador de fin de línea. Reemplazar 2 caracteres por "\n". [D:\Perfil\Escritorio\ETC\Programacion\BAXY DEFINITIVO\tests\Baxy.Providers.Windows.Tests\Baxy.Providers.Windows.Tests.csproj]
D:\Perfil\Escritorio\ETC\Programacion\BAXY DEFINITIVO\tests\Baxy.Providers.Windows.Tests\SystemStatus\WindowsSystemStatusProviderTests.cs(291,49): error ENDOFLINE: Corrija el marcador de fin de línea. Reemplazar 2 caracteres por "\n". [D:\Perfil\Escritorio\ETC\Programacion\BAXY DEFINITIVO\tests\Baxy.Providers.Windows.Tests\Baxy.Providers.Windows.Tests.csproj]
D:\Perfil\Escritorio\ETC\Programacion\BAXY DEFINITIVO\tests\Baxy.Providers.Windows.Tests\SystemStatus\WindowsSystemStatusProviderTests.cs(292,46): error ENDOFLINE: Corrija el marcador de fin de línea. Reemplazar 2 caracteres por "\n". [D:\Perfil\Escritorio\ETC\Programacion\BAXY DEFINITIVO\tests\Baxy.Providers.Windows.Tests\Baxy.Providers.Windows.Tests.csproj]
D:\Perfil\Escritorio\ETC\Programacion\BAXY DEFINITIVO\tests\Baxy.Providers.Windows.Tests\SystemStatus\WindowsSystemStatusProviderTests.cs(293,64): error ENDOFLINE: Corrija el marcador de fin de línea. Reemplazar 2 caracteres por "\n". [D:\Perfil\Escritorio\ETC\Programacion\BAXY DEFINITIVO\tests\Baxy.Providers.Windows.Tests\Baxy.Providers.Windows.Tests.csproj]
D:\Perfil\Escritorio\ETC\Programacion\BAXY DEFINITIVO\tests\Baxy.Providers.Windows.Tests\SystemStatus\WindowsSystemStatusProviderTests.cs(294,31): error ENDOFLINE: Corrija el marcador de fin de línea. Reemplazar 2 caracteres por "\n". [D:\Perfil\Escritorio\ETC\Programacion\BAXY DEFINITIVO\tests\Baxy.Providers.Windows.Tests\Baxy.Providers.Windows.Tests.csproj]
D:\Perfil\Escritorio\ETC\Programacion\BAXY DEFINITIVO\tests\Baxy.Providers.Windows.Tests\SystemStatus\WindowsSystemStatusProviderTests.cs(295,1): error ENDOFLINE: Corrija el marcador de fin de línea. Reemplazar 2 caracteres por "\n". [D:\Perfil\Escritorio\ETC\Programacion\BAXY DEFINITIVO\tests\Baxy.Providers.Windows.Tests\Baxy.Providers.Windows.Tests.csproj]
D:\Perfil\Escritorio\ETC\Programacion\BAXY DEFINITIVO\tests\Baxy.Providers.Windows.Tests\SystemStatus\WindowsSystemStatusProviderTests.cs(296,21): error ENDOFLINE: Corrija el marcador de fin de línea. Reemplazar 2 caracteres por "\n". [D:\Perfil\Escritorio\ETC\Programacion\BAXY DEFINITIVO\tests\Baxy.Providers.Windows.Tests\Baxy.Providers.Windows.Tests.csproj]
D:\Perfil\Escritorio\ETC\Programacion\BAXY DEFINITIVO\tests\Baxy.Providers.Windows.Tests\SystemStatus\WindowsSystemStatusProviderTests.cs(297,98): error ENDOFLINE: Corrija el marcador de fin de línea. Reemplazar 2 caracteres por "\n". [D:\Perfil\Escritorio\ETC\Programacion\BAXY DEFINITIVO\tests\Baxy.Providers.Windows.Tests\Baxy.Providers.Windows.Tests.csproj]
D:\Perfil\Escritorio\ETC\Programacion\BAXY DEFINITIVO\tests\Baxy.Providers.Windows.Tests\SystemStatus\WindowsSystemStatusProviderTests.cs(298,62): error ENDOFLINE: Corrija el marcador de fin de línea. Reemplazar 2 caracteres por "\n". [D:\Perfil\Escritorio\ETC\Programacion\BAXY DEFINITIVO\tests\Baxy.Providers.Windows.Tests\Baxy.Providers.Windows.Tests.csproj]
D:\Perfil\Escritorio\ETC\Programacion\BAXY DEFINITIVO\tests\Baxy.Providers.Windows.Tests\SystemStatus\WindowsSystemStatusProviderTests.cs(299,48): error ENDOFLINE: Corrija el marcador de fin de línea. Reemplazar 2 caracteres por "\n". [D:\Perfil\Escritorio\ETC\Programacion\BAXY DEFINITIVO\tests\Baxy.Providers.Windows.Tests\Baxy.Providers.Windows.Tests.csproj]
D:\Perfil\Escritorio\ETC\Programacion\BAXY DEFINITIVO\tests\Baxy.Providers.Windows.Tests\SystemStatus\WindowsSystemStatusProviderTests.cs(300,6): error ENDOFLINE: Corrija el marcador de fin de línea. Reemplazar 2 caracteres por "\n". [D:\Perfil\Escritorio\ETC\Programacion\BAXY DEFINITIVO\tests\Baxy.Providers.Windows.Tests\Baxy.Providers.Windows.Tests.csproj]
D:\Perfil\Escritorio\ETC\Programacion\BAXY DEFINITIVO\tests\Baxy.Providers.Windows.Tests\SystemStatus\WindowsSystemStatusProviderTests.cs(301,1): error ENDOFLINE: Corrija el marcador de fin de línea. Reemplazar 2 caracteres por "\n". [D:\Perfil\Escritorio\ETC\Programacion\BAXY DEFINITIVO\tests\Baxy.Providers.Windows.Tests\Baxy.Providers.Windows.Tests.csproj]
D:\Perfil\Escritorio\ETC\Programacion\BAXY DEFINITIVO\tests\Baxy.Providers.Windows.Tests\SystemStatus\WindowsSystemStatusProviderTests.cs(302,11): error ENDOFLINE: Corrija el marcador de fin de línea. Reemplazar 2 caracteres por "\n". [D:\Perfil\Escritorio\ETC\Programacion\BAXY DEFINITIVO\tests\Baxy.Providers.Windows.Tests\Baxy.Providers.Windows.Tests.csproj]
D:\Perfil\Escritorio\ETC\Programacion\BAXY DEFINITIVO\tests\Baxy.Providers.Windows.Tests\SystemStatus\WindowsSystemStatusProviderTests.cs(303,80): error ENDOFLINE: Corrija el marcador de fin de línea. Reemplazar 2 caracteres por "\n". [D:\Perfil\Escritorio\ETC\Programacion\BAXY DEFINITIVO\tests\Baxy.Providers.Windows.Tests\Baxy.Providers.Windows.Tests.csproj]
D:\Perfil\Escritorio\ETC\Programacion\BAXY DEFINITIVO\tests\Baxy.Providers.Windows.Tests\SystemStatus\WindowsSystemStatusProviderTests.cs(304,6): error ENDOFLINE: Corrija el marcador de fin de línea. Reemplazar 2 caracteres por "\n". [D:\Perfil\Escritorio\ETC\Programacion\BAXY DEFINITIVO\tests\Baxy.Providers.Windows.Tests\Baxy.Providers.Windows.Tests.csproj]
D:\Perfil\Escritorio\ETC\Programacion\BAXY DEFINITIVO\tests\Baxy.Providers.Windows.Tests\SystemStatus\WindowsSystemStatusProviderTests.cs(305,53): error ENDOFLINE: Corrija el marcador de fin de línea. Reemplazar 2 caracteres por "\n". [D:\Perfil\Escritorio\ETC\Programacion\BAXY DEFINITIVO\tests\Baxy.Providers.Windows.Tests\Baxy.Providers.Windows.Tests.csproj]
D:\Perfil\Escritorio\ETC\Programacion\BAXY DEFINITIVO\tests\Baxy.Providers.Windows.Tests\SystemStatus\WindowsSystemStatusProviderTests.cs(306,65): error ENDOFLINE: Corrija el marcador de fin de línea. Reemplazar 2 caracteres por "\n". [D:\Perfil\Escritorio\ETC\Programacion\BAXY DEFINITIVO\tests\Baxy.Providers.Windows.Tests\Baxy.Providers.Windows.Tests.csproj]
D:\Perfil\Escritorio\ETC\Programacion\BAXY DEFINITIVO\tests\Baxy.Providers.Windows.Tests\SystemStatus\WindowsSystemStatusProviderTests.cs(307,46): error ENDOFLINE: Corrija el marcador de fin de línea. Reemplazar 2 caracteres por "\n". [D:\Perfil\Escritorio\ETC\Programacion\BAXY DEFINITIVO\tests\Baxy.Providers.Windows.Tests\Baxy.Providers.Windows.Tests.csproj]
D:\Perfil\Escritorio\ETC\Programacion\BAXY DEFINITIVO\tests\Baxy.Providers.Windows.Tests\SystemStatus\WindowsSystemStatusProviderTests.cs(308,10): error ENDOFLINE: Corrija el marcador de fin de línea. Reemplazar 2 caracteres por "\n". [D:\Perfil\Escritorio\ETC\Programacion\BAXY DEFINITIVO\tests\Baxy.Providers.Windows.Tests\Baxy.Providers.Windows.Tests.csproj]
D:\Perfil\Escritorio\ETC\Programacion\BAXY DEFINITIVO\tests\Baxy.Providers.Windows.Tests\SystemStatus\WindowsSystemStatusProviderTests.cs(309,52): error ENDOFLINE: Corrija el marcador de fin de línea. Reemplazar 2 caracteres por "\n". [D:\Perfil\Escritorio\ETC\Programacion\BAXY DEFINITIVO\tests\Baxy.Providers.Windows.Tests\Baxy.Providers.Windows.Tests.csproj]
D:\Perfil\Escritorio\ETC\Programacion\BAXY DEFINITIVO\tests\Baxy.Providers.Windows.Tests\SystemStatus\WindowsSystemStatusProviderTests.cs(310,14): error ENDOFLINE: Corrija el marcador de fin de línea. Reemplazar 2 caracteres por "\n". [D:\Perfil\Escritorio\ETC\Programacion\BAXY DEFINITIVO\tests\Baxy.Providers.Windows.Tests\Baxy.Providers.Windows.Tests.csproj]
D:\Perfil\Escritorio\ETC\Programacion\BAXY DEFINITIVO\tests\Baxy.Providers.Windows.Tests\SystemStatus\WindowsSystemStatusProviderTests.cs(311,45): error ENDOFLINE: Corrija el marcador de fin de línea. Reemplazar 2 caracteres por "\n". [D:\Perfil\Escritorio\ETC\Programacion\BAXY DEFINITIVO\tests\Baxy.Providers.Windows.Tests\Baxy.Providers.Windows.Tests.csproj]
D:\Perfil\Escritorio\ETC\Programacion\BAXY DEFINITIVO\tests\Baxy.Providers.Windows.Tests\SystemStatus\WindowsSystemStatusProviderTests.cs(312,79): error ENDOFLINE: Corrija el marcador de fin de línea. Reemplazar 2 caracteres por "\n". [D:\Perfil\Escritorio\ETC\Programacion\BAXY DEFINITIVO\tests\Baxy.Providers.Windows.Tests\Baxy.Providers.Windows.Tests.csproj]
D:\Perfil\Escritorio\ETC\Programacion\BAXY DEFINITIVO\tests\Baxy.Providers.Windows.Tests\SystemStatus\WindowsSystemStatusProviderTests.cs(313,15): error ENDOFLINE: Corrija el marcador de fin de línea. Reemplazar 2 caracteres por "\n". [D:\Perfil\Escritorio\ETC\Programacion\BAXY DEFINITIVO\tests\Baxy.Providers.Windows.Tests\Baxy.Providers.Windows.Tests.csproj]
D:\Perfil\Escritorio\ETC\Programacion\BAXY DEFINITIVO\tests\Baxy.Providers.Windows.Tests\SystemStatus\WindowsSystemStatusProviderTests.cs(314,11): error ENDOFLINE: Corrija el marcador de fin de línea. Reemplazar 2 caracteres por "\n". [D:\Perfil\Escritorio\ETC\Programacion\BAXY DEFINITIVO\tests\Baxy.Providers.Windows.Tests\Baxy.Providers.Windows.Tests.csproj]
D:\Perfil\Escritorio\ETC\Programacion\BAXY DEFINITIVO\tests\Baxy.Providers.Windows.Tests\SystemStatus\WindowsSystemStatusProviderTests.cs(315,68): error ENDOFLINE: Corrija el marcador de fin de línea. Reemplazar 2 caracteres por "\n". [D:\Perfil\Escritorio\ETC\Programacion\BAXY DEFINITIVO\tests\Baxy.Providers.Windows.Tests\Baxy.Providers.Windows.Tests.csproj]
D:\Perfil\Escritorio\ETC\Programacion\BAXY DEFINITIVO\tests\Baxy.Providers.Windows.Tests\SystemStatus\WindowsSystemStatusProviderTests.cs(316,46): error ENDOFLINE: Corrija el marcador de fin de línea. Reemplazar 2 caracteres por "\n". [D:\Perfil\Escritorio\ETC\Programacion\BAXY DEFINITIVO\tests\Baxy.Providers.Windows.Tests\Baxy.Providers.Windows.Tests.csproj]
D:\Perfil\Escritorio\ETC\Programacion\BAXY DEFINITIVO\tests\Baxy.Providers.Windows.Tests\SystemStatus\WindowsSystemStatusProviderTests.cs(317,64): error ENDOFLINE: Corrija el marcador de fin de línea. Reemplazar 2 caracteres por "\n". [D:\Perfil\Escritorio\ETC\Programacion\BAXY DEFINITIVO\tests\Baxy.Providers.Windows.Tests\Baxy.Providers.Windows.Tests.csproj]
D:\Perfil\Escritorio\ETC\Programacion\BAXY DEFINITIVO\tests\Baxy.Providers.Windows.Tests\SystemStatus\WindowsSystemStatusProviderTests.cs(318,1): error ENDOFLINE: Corrija el marcador de fin de línea. Reemplazar 2 caracteres por "\n". [D:\Perfil\Escritorio\ETC\Programacion\BAXY DEFINITIVO\tests\Baxy.Providers.Windows.Tests\Baxy.Providers.Windows.Tests.csproj]
D:\Perfil\Escritorio\ETC\Programacion\BAXY DEFINITIVO\tests\Baxy.Providers.Windows.Tests\SystemStatus\WindowsSystemStatusProviderTests.cs(319,70): error ENDOFLINE: Corrija el marcador de fin de línea. Reemplazar 2 caracteres por "\n". [D:\Perfil\Escritorio\ETC\Programacion\BAXY DEFINITIVO\tests\Baxy.Providers.Windows.Tests\Baxy.Providers.Windows.Tests.csproj]
D:\Perfil\Escritorio\ETC\Programacion\BAXY DEFINITIVO\tests\Baxy.Providers.Windows.Tests\SystemStatus\WindowsSystemStatusProviderTests.cs(320,35): error ENDOFLINE: Corrija el marcador de fin de línea. Reemplazar 2 caracteres por "\n". [D:\Perfil\Escritorio\ETC\Programacion\BAXY DEFINITIVO\tests\Baxy.Providers.Windows.Tests\Baxy.Providers.Windows.Tests.csproj]
D:\Perfil\Escritorio\ETC\Programacion\BAXY DEFINITIVO\tests\Baxy.Providers.Windows.Tests\SystemStatus\WindowsSystemStatusProviderTests.cs(321,42): error ENDOFLINE: Corrija el marcador de fin de línea. Reemplazar 2 caracteres por "\n". [D:\Perfil\Escritorio\ETC\Programacion\BAXY DEFINITIVO\tests\Baxy.Providers.Windows.Tests\Baxy.Providers.Windows.Tests.csproj]
D:\Perfil\Escritorio\ETC\Programacion\BAXY DEFINITIVO\tests\Baxy.Providers.Windows.Tests\SystemStatus\WindowsSystemStatusProviderTests.cs(322,33): error ENDOFLINE: Corrija el marcador de fin de línea. Reemplazar 2 caracteres por "\n". [D:\Perfil\Escritorio\ETC\Programacion\BAXY DEFINITIVO\tests\Baxy.Providers.Windows.Tests\Baxy.Providers.Windows.Tests.csproj]
D:\Perfil\Escritorio\ETC\Programacion\BAXY DEFINITIVO\tests\Baxy.Providers.Windows.Tests\SystemStatus\WindowsSystemStatusProviderTests.cs(323,31): error ENDOFLINE: Corrija el marcador de fin de línea. Reemplazar 2 caracteres por "\n". [D:\Perfil\Escritorio\ETC\Programacion\BAXY DEFINITIVO\tests\Baxy.Providers.Windows.Tests\Baxy.Providers.Windows.Tests.csproj]
D:\Perfil\Escritorio\ETC\Programacion\BAXY DEFINITIVO\tests\Baxy.Providers.Windows.Tests\SystemStatus\WindowsSystemStatusProviderTests.cs(324,1): error ENDOFLINE: Corrija el marcador de fin de línea. Reemplazar 2 caracteres por "\n". [D:\Perfil\Escritorio\ETC\Programacion\BAXY DEFINITIVO\tests\Baxy.Providers.Windows.Tests\Baxy.Providers.Windows.Tests.csproj]
D:\Perfil\Escritorio\ETC\Programacion\BAXY DEFINITIVO\tests\Baxy.Providers.Windows.Tests\SystemStatus\WindowsSystemStatusProviderTests.cs(325,21): error ENDOFLINE: Corrija el marcador de fin de línea. Reemplazar 2 caracteres por "\n". [D:\Perfil\Escritorio\ETC\Programacion\BAXY DEFINITIVO\tests\Baxy.Providers.Windows.Tests\Baxy.Providers.Windows.Tests.csproj]
D:\Perfil\Escritorio\ETC\Programacion\BAXY DEFINITIVO\tests\Baxy.Providers.Windows.Tests\SystemStatus\WindowsSystemStatusProviderTests.cs(326,39): error ENDOFLINE: Corrija el marcador de fin de línea. Reemplazar 2 caracteres por "\n". [D:\Perfil\Escritorio\ETC\Programacion\BAXY DEFINITIVO\tests\Baxy.Providers.Windows.Tests\Baxy.Providers.Windows.Tests.csproj]
D:\Perfil\Escritorio\ETC\Programacion\BAXY DEFINITIVO\tests\Baxy.Providers.Windows.Tests\SystemStatus\WindowsSystemStatusProviderTests.cs(327,62): error ENDOFLINE: Corrija el marcador de fin de línea. Reemplazar 2 caracteres por "\n". [D:\Perfil\Escritorio\ETC\Programacion\BAXY DEFINITIVO\tests\Baxy.Providers.Windows.Tests\Baxy.Providers.Windows.Tests.csproj]
D:\Perfil\Escritorio\ETC\Programacion\BAXY DEFINITIVO\tests\Baxy.Providers.Windows.Tests\SystemStatus\WindowsSystemStatusProviderTests.cs(328,56): error ENDOFLINE: Corrija el marcador de fin de línea. Reemplazar 2 caracteres por "\n". [D:\Perfil\Escritorio\ETC\Programacion\BAXY DEFINITIVO\tests\Baxy.Providers.Windows.Tests\Baxy.Providers.Windows.Tests.csproj]
D:\Perfil\Escritorio\ETC\Programacion\BAXY DEFINITIVO\tests\Baxy.Providers.Windows.Tests\SystemStatus\WindowsSystemStatusProviderTests.cs(329,6): error ENDOFLINE: Corrija el marcador de fin de línea. Reemplazar 2 caracteres por "\n". [D:\Perfil\Escritorio\ETC\Programacion\BAXY DEFINITIVO\tests\Baxy.Providers.Windows.Tests\Baxy.Providers.Windows.Tests.csproj]
D:\Perfil\Escritorio\ETC\Programacion\BAXY DEFINITIVO\tests\Baxy.Providers.Windows.Tests\SystemStatus\WindowsSystemStatusProviderTests.cs(330,1): error ENDOFLINE: Corrija el marcador de fin de línea. Reemplazar 2 caracteres por "\n". [D:\Perfil\Escritorio\ETC\Programacion\BAXY DEFINITIVO\tests\Baxy.Providers.Windows.Tests\Baxy.Providers.Windows.Tests.csproj]
D:\Perfil\Escritorio\ETC\Programacion\BAXY DEFINITIVO\tests\Baxy.Providers.Windows.Tests\SystemStatus\WindowsSystemStatusProviderTests.cs(331,39): error ENDOFLINE: Corrija el marcador de fin de línea. Reemplazar 2 caracteres por "\n". [D:\Perfil\Escritorio\ETC\Programacion\BAXY DEFINITIVO\tests\Baxy.Providers.Windows.Tests\Baxy.Providers.Windows.Tests.csproj]
D:\Perfil\Escritorio\ETC\Programacion\BAXY DEFINITIVO\tests\Baxy.Providers.Windows.Tests\SystemStatus\WindowsSystemStatusProviderTests.cs(332,45): error ENDOFLINE: Corrija el marcador de fin de línea. Reemplazar 2 caracteres por "\n". [D:\Perfil\Escritorio\ETC\Programacion\BAXY DEFINITIVO\tests\Baxy.Providers.Windows.Tests\Baxy.Providers.Windows.Tests.csproj]
D:\Perfil\Escritorio\ETC\Programacion\BAXY DEFINITIVO\tests\Baxy.Providers.Windows.Tests\SystemStatus\WindowsSystemStatusProviderTests.cs(333,80): error ENDOFLINE: Corrija el marcador de fin de línea. Reemplazar 2 caracteres por "\n". [D:\Perfil\Escritorio\ETC\Programacion\BAXY DEFINITIVO\tests\Baxy.Providers.Windows.Tests\Baxy.Providers.Windows.Tests.csproj]
D:\Perfil\Escritorio\ETC\Programacion\BAXY DEFINITIVO\tests\Baxy.Providers.Windows.Tests\SystemStatus\WindowsSystemStatusProviderTests.cs(334,6): error ENDOFLINE: Corrija el marcador de fin de línea. Reemplazar 2 caracteres por "\n". [D:\Perfil\Escritorio\ETC\Programacion\BAXY DEFINITIVO\tests\Baxy.Providers.Windows.Tests\Baxy.Providers.Windows.Tests.csproj]
D:\Perfil\Escritorio\ETC\Programacion\BAXY DEFINITIVO\tests\Baxy.Providers.Windows.Tests\SystemStatus\WindowsSystemStatusProviderTests.cs(335,49): error ENDOFLINE: Corrija el marcador de fin de línea. Reemplazar 2 caracteres por "\n". [D:\Perfil\Escritorio\ETC\Programacion\BAXY DEFINITIVO\tests\Baxy.Providers.Windows.Tests\Baxy.Providers.Windows.Tests.csproj]
D:\Perfil\Escritorio\ETC\Programacion\BAXY DEFINITIVO\tests\Baxy.Providers.Windows.Tests\SystemStatus\WindowsSystemStatusProviderTests.cs(336,46): error ENDOFLINE: Corrija el marcador de fin de línea. Reemplazar 2 caracteres por "\n". [D:\Perfil\Escritorio\ETC\Programacion\BAXY DEFINITIVO\tests\Baxy.Providers.Windows.Tests\Baxy.Providers.Windows.Tests.csproj]
D:\Perfil\Escritorio\ETC\Programacion\BAXY DEFINITIVO\tests\Baxy.Providers.Windows.Tests\SystemStatus\WindowsSystemStatusProviderTests.cs(337,1): error ENDOFLINE: Corrija el marcador de fin de línea. Reemplazar 2 caracteres por "\n". [D:\Perfil\Escritorio\ETC\Programacion\BAXY DEFINITIVO\tests\Baxy.Providers.Windows.Tests\Baxy.Providers.Windows.Tests.csproj]
D:\Perfil\Escritorio\ETC\Programacion\BAXY DEFINITIVO\tests\Baxy.Providers.Windows.Tests\SystemStatus\WindowsSystemStatusProviderTests.cs(338,21): error ENDOFLINE: Corrija el marcador de fin de línea. Reemplazar 2 caracteres por "\n". [D:\Perfil\Escritorio\ETC\Programacion\BAXY DEFINITIVO\tests\Baxy.Providers.Windows.Tests\Baxy.Providers.Windows.Tests.csproj]
D:\Perfil\Escritorio\ETC\Programacion\BAXY DEFINITIVO\tests\Baxy.Providers.Windows.Tests\SystemStatus\WindowsSystemStatusProviderTests.cs(339,86): error ENDOFLINE: Corrija el marcador de fin de línea. Reemplazar 2 caracteres por "\n". [D:\Perfil\Escritorio\ETC\Programacion\BAXY DEFINITIVO\tests\Baxy.Providers.Windows.Tests\Baxy.Providers.Windows.Tests.csproj]
D:\Perfil\Escritorio\ETC\Programacion\BAXY DEFINITIVO\tests\Baxy.Providers.Windows.Tests\SystemStatus\WindowsSystemStatusProviderTests.cs(340,59): error ENDOFLINE: Corrija el marcador de fin de línea. Reemplazar 2 caracteres por "\n". [D:\Perfil\Escritorio\ETC\Programacion\BAXY DEFINITIVO\tests\Baxy.Providers.Windows.Tests\Baxy.Providers.Windows.Tests.csproj]
D:\Perfil\Escritorio\ETC\Programacion\BAXY DEFINITIVO\tests\Baxy.Providers.Windows.Tests\SystemStatus\WindowsSystemStatusProviderTests.cs(341,48): error ENDOFLINE: Corrija el marcador de fin de línea. Reemplazar 2 caracteres por "\n". [D:\Perfil\Escritorio\ETC\Programacion\BAXY DEFINITIVO\tests\Baxy.Providers.Windows.Tests\Baxy.Providers.Windows.Tests.csproj]
D:\Perfil\Escritorio\ETC\Programacion\BAXY DEFINITIVO\tests\Baxy.Providers.Windows.Tests\SystemStatus\WindowsSystemStatusProviderTests.cs(342,6): error ENDOFLINE: Corrija el marcador de fin de línea. Reemplazar 2 caracteres por "\n". [D:\Perfil\Escritorio\ETC\Programacion\BAXY DEFINITIVO\tests\Baxy.Providers.Windows.Tests\Baxy.Providers.Windows.Tests.csproj]
D:\Perfil\Escritorio\ETC\Programacion\BAXY DEFINITIVO\tests\Baxy.Providers.Windows.Tests\SystemStatus\WindowsSystemStatusProviderTests.cs(343,1): error ENDOFLINE: Corrija el marcador de fin de línea. Reemplazar 2 caracteres por "\n". [D:\Perfil\Escritorio\ETC\Programacion\BAXY DEFINITIVO\tests\Baxy.Providers.Windows.Tests\Baxy.Providers.Windows.Tests.csproj]
D:\Perfil\Escritorio\ETC\Programacion\BAXY DEFINITIVO\tests\Baxy.Providers.Windows.Tests\SystemStatus\WindowsSystemStatusProviderTests.cs(344,11): error ENDOFLINE: Corrija el marcador de fin de línea. Reemplazar 2 caracteres por "\n". [D:\Perfil\Escritorio\ETC\Programacion\BAXY DEFINITIVO\tests\Baxy.Providers.Windows.Tests\Baxy.Providers.Windows.Tests.csproj]
D:\Perfil\Escritorio\ETC\Programacion\BAXY DEFINITIVO\tests\Baxy.Providers.Windows.Tests\SystemStatus\WindowsSystemStatusProviderTests.cs(345,84): error ENDOFLINE: Corrija el marcador de fin de línea. Reemplazar 2 caracteres por "\n". [D:\Perfil\Escritorio\ETC\Programacion\BAXY DEFINITIVO\tests\Baxy.Providers.Windows.Tests\Baxy.Providers.Windows.Tests.csproj]
D:\Perfil\Escritorio\ETC\Programacion\BAXY DEFINITIVO\tests\Baxy.Providers.Windows.Tests\SystemStatus\WindowsSystemStatusProviderTests.cs(346,6): error ENDOFLINE: Corrija el marcador de fin de línea. Reemplazar 2 caracteres por "\n". [D:\Perfil\Escritorio\ETC\Programacion\BAXY DEFINITIVO\tests\Baxy.Providers.Windows.Tests\Baxy.Providers.Windows.Tests.csproj]
D:\Perfil\Escritorio\ETC\Programacion\BAXY DEFINITIVO\tests\Baxy.Providers.Windows.Tests\SystemStatus\WindowsSystemStatusProviderTests.cs(347,31): error ENDOFLINE: Corrija el marcador de fin de línea. Reemplazar 2 caracteres por "\n". [D:\Perfil\Escritorio\ETC\Programacion\BAXY DEFINITIVO\tests\Baxy.Providers.Windows.Tests\Baxy.Providers.Windows.Tests.csproj]
D:\Perfil\Escritorio\ETC\Programacion\BAXY DEFINITIVO\tests\Baxy.Providers.Windows.Tests\SystemStatus\WindowsSystemStatusProviderTests.cs(348,10): error ENDOFLINE: Corrija el marcador de fin de línea. Reemplazar 2 caracteres por "\n". [D:\Perfil\Escritorio\ETC\Programacion\BAXY DEFINITIVO\tests\Baxy.Providers.Windows.Tests\Baxy.Providers.Windows.Tests.csproj]
D:\Perfil\Escritorio\ETC\Programacion\BAXY DEFINITIVO\tests\Baxy.Providers.Windows.Tests\SystemStatus\WindowsSystemStatusProviderTests.cs(349,31): error ENDOFLINE: Corrija el marcador de fin de línea. Reemplazar 2 caracteres por "\n". [D:\Perfil\Escritorio\ETC\Programacion\BAXY DEFINITIVO\tests\Baxy.Providers.Windows.Tests\Baxy.Providers.Windows.Tests.csproj]
D:\Perfil\Escritorio\ETC\Programacion\BAXY DEFINITIVO\tests\Baxy.Providers.Windows.Tests\SystemStatus\WindowsSystemStatusProviderTests.cs(350,34): error ENDOFLINE: Corrija el marcador de fin de línea. Reemplazar 2 caracteres por "\n". [D:\Perfil\Escritorio\ETC\Programacion\BAXY DEFINITIVO\tests\Baxy.Providers.Windows.Tests\Baxy.Providers.Windows.Tests.csproj]
D:\Perfil\Escritorio\ETC\Programacion\BAXY DEFINITIVO\tests\Baxy.Providers.Windows.Tests\SystemStatus\WindowsSystemStatusProviderTests.cs(351,38): error ENDOFLINE: Corrija el marcador de fin de línea. Reemplazar 2 caracteres por "\n". [D:\Perfil\Escritorio\ETC\Programacion\BAXY DEFINITIVO\tests\Baxy.Providers.Windows.Tests\Baxy.Providers.Windows.Tests.csproj]
D:\Perfil\Escritorio\ETC\Programacion\BAXY DEFINITIVO\tests\Baxy.Providers.Windows.Tests\SystemStatus\WindowsSystemStatusProviderTests.cs(352,35): error ENDOFLINE: Corrija el marcador de fin de línea. Reemplazar 2 caracteres por "\n". [D:\Perfil\Escritorio\ETC\Programacion\BAXY DEFINITIVO\tests\Baxy.Providers.Windows.Tests\Baxy.Providers.Windows.Tests.csproj]
D:\Perfil\Escritorio\ETC\Programacion\BAXY DEFINITIVO\tests\Baxy.Providers.Windows.Tests\SystemStatus\WindowsSystemStatusProviderTests.cs(353,43): error ENDOFLINE: Corrija el marcador de fin de línea. Reemplazar 2 caracteres por "\n". [D:\Perfil\Escritorio\ETC\Programacion\BAXY DEFINITIVO\tests\Baxy.Providers.Windows.Tests\Baxy.Providers.Windows.Tests.csproj]
D:\Perfil\Escritorio\ETC\Programacion\BAXY DEFINITIVO\tests\Baxy.Providers.Windows.Tests\SystemStatus\WindowsSystemStatusProviderTests.cs(354,41): error ENDOFLINE: Corrija el marcador de fin de línea. Reemplazar 2 caracteres por "\n". [D:\Perfil\Escritorio\ETC\Programacion\BAXY DEFINITIVO\tests\Baxy.Providers.Windows.Tests\Baxy.Providers.Windows.Tests.csproj]
D:\Perfil\Escritorio\ETC\Programacion\BAXY DEFINITIVO\tests\Baxy.Providers.Windows.Tests\SystemStatus\WindowsSystemStatusProviderTests.cs(355,42): error ENDOFLINE: Corrija el marcador de fin de línea. Reemplazar 2 caracteres por "\n". [D:\Perfil\Escritorio\ETC\Programacion\BAXY DEFINITIVO\tests\Baxy.Providers.Windows.Tests\Baxy.Providers.Windows.Tests.csproj]
D:\Perfil\Escritorio\ETC\Programacion\BAXY DEFINITIVO\tests\Baxy.Providers.Windows.Tests\SystemStatus\WindowsSystemStatusProviderTests.cs(356,11): error ENDOFLINE: Corrija el marcador de fin de línea. Reemplazar 2 caracteres por "\n". [D:\Perfil\Escritorio\ETC\Programacion\BAXY DEFINITIVO\tests\Baxy.Providers.Windows.Tests\Baxy.Providers.Windows.Tests.csproj]
D:\Perfil\Escritorio\ETC\Programacion\BAXY DEFINITIVO\tests\Baxy.Providers.Windows.Tests\SystemStatus\WindowsSystemStatusProviderTests.cs(357,34): error ENDOFLINE: Corrija el marcador de fin de línea. Reemplazar 2 caracteres por "\n". [D:\Perfil\Escritorio\ETC\Programacion\BAXY DEFINITIVO\tests\Baxy.Providers.Windows.Tests\Baxy.Providers.Windows.Tests.csproj]
D:\Perfil\Escritorio\ETC\Programacion\BAXY DEFINITIVO\tests\Baxy.Providers.Windows.Tests\SystemStatus\WindowsSystemStatusProviderTests.cs(358,10): error ENDOFLINE: Corrija el marcador de fin de línea. Reemplazar 2 caracteres por "\n". [D:\Perfil\Escritorio\ETC\Programacion\BAXY DEFINITIVO\tests\Baxy.Providers.Windows.Tests\Baxy.Providers.Windows.Tests.csproj]
D:\Perfil\Escritorio\ETC\Programacion\BAXY DEFINITIVO\tests\Baxy.Providers.Windows.Tests\SystemStatus\WindowsSystemStatusProviderTests.cs(359,24): error ENDOFLINE: Corrija el marcador de fin de línea. Reemplazar 2 caracteres por "\n". [D:\Perfil\Escritorio\ETC\Programacion\BAXY DEFINITIVO\tests\Baxy.Providers.Windows.Tests\Baxy.Providers.Windows.Tests.csproj]
D:\Perfil\Escritorio\ETC\Programacion\BAXY DEFINITIVO\tests\Baxy.Providers.Windows.Tests\SystemStatus\WindowsSystemStatusProviderTests.cs(360,24): error ENDOFLINE: Corrija el marcador de fin de línea. Reemplazar 2 caracteres por "\n". [D:\Perfil\Escritorio\ETC\Programacion\BAXY DEFINITIVO\tests\Baxy.Providers.Windows.Tests\Baxy.Providers.Windows.Tests.csproj]
D:\Perfil\Escritorio\ETC\Programacion\BAXY DEFINITIVO\tests\Baxy.Providers.Windows.Tests\SystemStatus\WindowsSystemStatusProviderTests.cs(361,25): error ENDOFLINE: Corrija el marcador de fin de línea. Reemplazar 2 caracteres por "\n". [D:\Perfil\Escritorio\ETC\Programacion\BAXY DEFINITIVO\tests\Baxy.Providers.Windows.Tests\Baxy.Providers.Windows.Tests.csproj]
D:\Perfil\Escritorio\ETC\Programacion\BAXY DEFINITIVO\tests\Baxy.Providers.Windows.Tests\SystemStatus\WindowsSystemStatusProviderTests.cs(362,26): error ENDOFLINE: Corrija el marcador de fin de línea. Reemplazar 2 caracteres por "\n". [D:\Perfil\Escritorio\ETC\Programacion\BAXY DEFINITIVO\tests\Baxy.Providers.Windows.Tests\Baxy.Providers.Windows.Tests.csproj]
D:\Perfil\Escritorio\ETC\Programacion\BAXY DEFINITIVO\tests\Baxy.Providers.Windows.Tests\SystemStatus\WindowsSystemStatusProviderTests.cs(363,25): error ENDOFLINE: Corrija el marcador de fin de línea. Reemplazar 2 caracteres por "\n". [D:\Perfil\Escritorio\ETC\Programacion\BAXY DEFINITIVO\tests\Baxy.Providers.Windows.Tests\Baxy.Providers.Windows.Tests.csproj]
D:\Perfil\Escritorio\ETC\Programacion\BAXY DEFINITIVO\tests\Baxy.Providers.Windows.Tests\SystemStatus\WindowsSystemStatusProviderTests.cs(364,26): error ENDOFLINE: Corrija el marcador de fin de línea. Reemplazar 2 caracteres por "\n". [D:\Perfil\Escritorio\ETC\Programacion\BAXY DEFINITIVO\tests\Baxy.Providers.Windows.Tests\Baxy.Providers.Windows.Tests.csproj]
D:\Perfil\Escritorio\ETC\Programacion\BAXY DEFINITIVO\tests\Baxy.Providers.Windows.Tests\SystemStatus\WindowsSystemStatusProviderTests.cs(365,24): error ENDOFLINE: Corrija el marcador de fin de línea. Reemplazar 2 caracteres por "\n". [D:\Perfil\Escritorio\ETC\Programacion\BAXY DEFINITIVO\tests\Baxy.Providers.Windows.Tests\Baxy.Providers.Windows.Tests.csproj]
D:\Perfil\Escritorio\ETC\Programacion\BAXY DEFINITIVO\tests\Baxy.Providers.Windows.Tests\SystemStatus\WindowsSystemStatusProviderTests.cs(366,11): error ENDOFLINE: Corrija el marcador de fin de línea. Reemplazar 2 caracteres por "\n". [D:\Perfil\Escritorio\ETC\Programacion\BAXY DEFINITIVO\tests\Baxy.Providers.Windows.Tests\Baxy.Providers.Windows.Tests.csproj]
D:\Perfil\Escritorio\ETC\Programacion\BAXY DEFINITIVO\tests\Baxy.Providers.Windows.Tests\SystemStatus\WindowsSystemStatusProviderTests.cs(367,1): error ENDOFLINE: Corrija el marcador de fin de línea. Reemplazar 2 caracteres por "\n". [D:\Perfil\Escritorio\ETC\Programacion\BAXY DEFINITIVO\tests\Baxy.Providers.Windows.Tests\Baxy.Providers.Windows.Tests.csproj]
D:\Perfil\Escritorio\ETC\Programacion\BAXY DEFINITIVO\tests\Baxy.Providers.Windows.Tests\SystemStatus\WindowsSystemStatusProviderTests.cs(368,47): error ENDOFLINE: Corrija el marcador de fin de línea. Reemplazar 2 caracteres por "\n". [D:\Perfil\Escritorio\ETC\Programacion\BAXY DEFINITIVO\tests\Baxy.Providers.Windows.Tests\Baxy.Providers.Windows.Tests.csproj]
D:\Perfil\Escritorio\ETC\Programacion\BAXY DEFINITIVO\tests\Baxy.Providers.Windows.Tests\SystemStatus\WindowsSystemStatusProviderTests.cs(369,104): error ENDOFLINE: Corrija el marcador de fin de línea. Reemplazar 2 caracteres por "\n". [D:\Perfil\Escritorio\ETC\Programacion\BAXY DEFINITIVO\tests\Baxy.Providers.Windows.Tests\Baxy.Providers.Windows.Tests.csproj]
D:\Perfil\Escritorio\ETC\Programacion\BAXY DEFINITIVO\tests\Baxy.Providers.Windows.Tests\SystemStatus\WindowsSystemStatusProviderTests.cs(370,54): error ENDOFLINE: Corrija el marcador de fin de línea. Reemplazar 2 caracteres por "\n". [D:\Perfil\Escritorio\ETC\Programacion\BAXY DEFINITIVO\tests\Baxy.Providers.Windows.Tests\Baxy.Providers.Windows.Tests.csproj]
D:\Perfil\Escritorio\ETC\Programacion\BAXY DEFINITIVO\tests\Baxy.Providers.Windows.Tests\SystemStatus\WindowsSystemStatusProviderTests.cs(371,24): error ENDOFLINE: Corrija el marcador de fin de línea. Reemplazar 2 caracteres por "\n". [D:\Perfil\Escritorio\ETC\Programacion\BAXY DEFINITIVO\tests\Baxy.Providers.Windows.Tests\Baxy.Providers.Windows.Tests.csproj]
D:\Perfil\Escritorio\ETC\Programacion\BAXY DEFINITIVO\tests\Baxy.Providers.Windows.Tests\SystemStatus\WindowsSystemStatusProviderTests.cs(372,1): error ENDOFLINE: Corrija el marcador de fin de línea. Reemplazar 2 caracteres por "\n". [D:\Perfil\Escritorio\ETC\Programacion\BAXY DEFINITIVO\tests\Baxy.Providers.Windows.Tests\Baxy.Providers.Windows.Tests.csproj]
D:\Perfil\Escritorio\ETC\Programacion\BAXY DEFINITIVO\tests\Baxy.Providers.Windows.Tests\SystemStatus\WindowsSystemStatusProviderTests.cs(373,87): error ENDOFLINE: Corrija el marcador de fin de línea. Reemplazar 2 caracteres por "\n". [D:\Perfil\Escritorio\ETC\Programacion\BAXY DEFINITIVO\tests\Baxy.Providers.Windows.Tests\Baxy.Providers.Windows.Tests.csproj]
D:\Perfil\Escritorio\ETC\Programacion\BAXY DEFINITIVO\tests\Baxy.Providers.Windows.Tests\SystemStatus\WindowsSystemStatusProviderTests.cs(374,6): error ENDOFLINE: Corrija el marcador de fin de línea. Reemplazar 2 caracteres por "\n". [D:\Perfil\Escritorio\ETC\Programacion\BAXY DEFINITIVO\tests\Baxy.Providers.Windows.Tests\Baxy.Providers.Windows.Tests.csproj]
D:\Perfil\Escritorio\ETC\Programacion\BAXY DEFINITIVO\tests\Baxy.Providers.Windows.Tests\SystemStatus\WindowsSystemStatusProviderTests.cs(375,1): error ENDOFLINE: Corrija el marcador de fin de línea. Reemplazar 2 caracteres por "\n". [D:\Perfil\Escritorio\ETC\Programacion\BAXY DEFINITIVO\tests\Baxy.Providers.Windows.Tests\Baxy.Providers.Windows.Tests.csproj]
D:\Perfil\Escritorio\ETC\Programacion\BAXY DEFINITIVO\tests\Baxy.Providers.Windows.Tests\SystemStatus\WindowsSystemStatusProviderTests.cs(376,94): error ENDOFLINE: Corrija el marcador de fin de línea. Reemplazar 2 caracteres por "\n". [D:\Perfil\Escritorio\ETC\Programacion\BAXY DEFINITIVO\tests\Baxy.Providers.Windows.Tests\Baxy.Providers.Windows.Tests.csproj]
D:\Perfil\Escritorio\ETC\Programacion\BAXY DEFINITIVO\tests\Baxy.Providers.Windows.Tests\SystemStatus\WindowsSystemStatusProviderTests.cs(377,51): error ENDOFLINE: Corrija el marcador de fin de línea. Reemplazar 2 caracteres por "\n". [D:\Perfil\Escritorio\ETC\Programacion\BAXY DEFINITIVO\tests\Baxy.Providers.Windows.Tests\Baxy.Providers.Windows.Tests.csproj]
D:\Perfil\Escritorio\ETC\Programacion\BAXY DEFINITIVO\tests\Baxy.Providers.Windows.Tests\SystemStatus\WindowsSystemStatusProviderTests.cs(378,1): error ENDOFLINE: Corrija el marcador de fin de línea. Reemplazar 2 caracteres por "\n". [D:\Perfil\Escritorio\ETC\Programacion\BAXY DEFINITIVO\tests\Baxy.Providers.Windows.Tests\Baxy.Providers.Windows.Tests.csproj]
D:\Perfil\Escritorio\ETC\Programacion\BAXY DEFINITIVO\tests\Baxy.Providers.Windows.Tests\SystemStatus\WindowsSystemStatusProviderTests.cs(379,57): error ENDOFLINE: Corrija el marcador de fin de línea. Reemplazar 2 caracteres por "\n". [D:\Perfil\Escritorio\ETC\Programacion\BAXY DEFINITIVO\tests\Baxy.Providers.Windows.Tests\Baxy.Providers.Windows.Tests.csproj]
D:\Perfil\Escritorio\ETC\Programacion\BAXY DEFINITIVO\tests\Baxy.Providers.Windows.Tests\SystemStatus\WindowsSystemStatusProviderTests.cs(380,6): error ENDOFLINE: Corrija el marcador de fin de línea. Reemplazar 2 caracteres por "\n". [D:\Perfil\Escritorio\ETC\Programacion\BAXY DEFINITIVO\tests\Baxy.Providers.Windows.Tests\Baxy.Providers.Windows.Tests.csproj]
D:\Perfil\Escritorio\ETC\Programacion\BAXY DEFINITIVO\tests\Baxy.Providers.Windows.Tests\SystemStatus\WindowsSystemStatusProviderTests.cs(381,49): error ENDOFLINE: Corrija el marcador de fin de línea. Reemplazar 2 caracteres por "\n". [D:\Perfil\Escritorio\ETC\Programacion\BAXY DEFINITIVO\tests\Baxy.Providers.Windows.Tests\Baxy.Providers.Windows.Tests.csproj]
D:\Perfil\Escritorio\ETC\Programacion\BAXY DEFINITIVO\tests\Baxy.Providers.Windows.Tests\SystemStatus\WindowsSystemStatusProviderTests.cs(382,68): error ENDOFLINE: Corrija el marcador de fin de línea. Reemplazar 2 caracteres por "\n". [D:\Perfil\Escritorio\ETC\Programacion\BAXY DEFINITIVO\tests\Baxy.Providers.Windows.Tests\Baxy.Providers.Windows.Tests.csproj]
D:\Perfil\Escritorio\ETC\Programacion\BAXY DEFINITIVO\tests\Baxy.Providers.Windows.Tests\SystemStatus\WindowsSystemStatusProviderTests.cs(383,68): error ENDOFLINE: Corrija el marcador de fin de línea. Reemplazar 2 caracteres por "\n". [D:\Perfil\Escritorio\ETC\Programacion\BAXY DEFINITIVO\tests\Baxy.Providers.Windows.Tests\Baxy.Providers.Windows.Tests.csproj]
D:\Perfil\Escritorio\ETC\Programacion\BAXY DEFINITIVO\tests\Baxy.Providers.Windows.Tests\SystemStatus\WindowsSystemStatusProviderTests.cs(384,22): error ENDOFLINE: Corrija el marcador de fin de línea. Reemplazar 2 caracteres por "\n". [D:\Perfil\Escritorio\ETC\Programacion\BAXY DEFINITIVO\tests\Baxy.Providers.Windows.Tests\Baxy.Providers.Windows.Tests.csproj]
D:\Perfil\Escritorio\ETC\Programacion\BAXY DEFINITIVO\tests\Baxy.Providers.Windows.Tests\SystemStatus\WindowsSystemStatusProviderTests.cs(385,6): error ENDOFLINE: Corrija el marcador de fin de línea. Reemplazar 2 caracteres por "\n". [D:\Perfil\Escritorio\ETC\Programacion\BAXY DEFINITIVO\tests\Baxy.Providers.Windows.Tests\Baxy.Providers.Windows.Tests.csproj]
D:\Perfil\Escritorio\ETC\Programacion\BAXY DEFINITIVO\tests\Baxy.Providers.Windows.Tests\SystemStatus\WindowsSystemStatusProviderTests.cs(386,1): error ENDOFLINE: Corrija el marcador de fin de línea. Reemplazar 2 caracteres por "\n". [D:\Perfil\Escritorio\ETC\Programacion\BAXY DEFINITIVO\tests\Baxy.Providers.Windows.Tests\Baxy.Providers.Windows.Tests.csproj]
D:\Perfil\Escritorio\ETC\Programacion\BAXY DEFINITIVO\tests\Baxy.Providers.Windows.Tests\SystemStatus\WindowsSystemStatusProviderTests.cs(387,68): error ENDOFLINE: Corrija el marcador de fin de línea. Reemplazar 2 caracteres por "\n". [D:\Perfil\Escritorio\ETC\Programacion\BAXY DEFINITIVO\tests\Baxy.Providers.Windows.Tests\Baxy.Providers.Windows.Tests.csproj]
D:\Perfil\Escritorio\ETC\Programacion\BAXY DEFINITIVO\tests\Baxy.Providers.Windows.Tests\SystemStatus\WindowsSystemStatusProviderTests.cs(388,6): error ENDOFLINE: Corrija el marcador de fin de línea. Reemplazar 2 caracteres por "\n". [D:\Perfil\Escritorio\ETC\Programacion\BAXY DEFINITIVO\tests\Baxy.Providers.Windows.Tests\Baxy.Providers.Windows.Tests.csproj]
D:\Perfil\Escritorio\ETC\Programacion\BAXY DEFINITIVO\tests\Baxy.Providers.Windows.Tests\SystemStatus\WindowsSystemStatusProviderTests.cs(389,65): error ENDOFLINE: Corrija el marcador de fin de línea. Reemplazar 2 caracteres por "\n". [D:\Perfil\Escritorio\ETC\Programacion\BAXY DEFINITIVO\tests\Baxy.Providers.Windows.Tests\Baxy.Providers.Windows.Tests.csproj]
D:\Perfil\Escritorio\ETC\Programacion\BAXY DEFINITIVO\tests\Baxy.Providers.Windows.Tests\SystemStatus\WindowsSystemStatusProviderTests.cs(390,1): error ENDOFLINE: Corrija el marcador de fin de línea. Reemplazar 2 caracteres por "\n". [D:\Perfil\Escritorio\ETC\Programacion\BAXY DEFINITIVO\tests\Baxy.Providers.Windows.Tests\Baxy.Providers.Windows.Tests.csproj]
D:\Perfil\Escritorio\ETC\Programacion\BAXY DEFINITIVO\tests\Baxy.Providers.Windows.Tests\SystemStatus\WindowsSystemStatusProviderTests.cs(391,60): error ENDOFLINE: Corrija el marcador de fin de línea. Reemplazar 2 caracteres por "\n". [D:\Perfil\Escritorio\ETC\Programacion\BAXY DEFINITIVO\tests\Baxy.Providers.Windows.Tests\Baxy.Providers.Windows.Tests.csproj]
D:\Perfil\Escritorio\ETC\Programacion\BAXY DEFINITIVO\tests\Baxy.Providers.Windows.Tests\SystemStatus\WindowsSystemStatusProviderTests.cs(392,1): error ENDOFLINE: Corrija el marcador de fin de línea. Reemplazar 2 caracteres por "\n". [D:\Perfil\Escritorio\ETC\Programacion\BAXY DEFINITIVO\tests\Baxy.Providers.Windows.Tests\Baxy.Providers.Windows.Tests.csproj]
D:\Perfil\Escritorio\ETC\Programacion\BAXY DEFINITIVO\tests\Baxy.Providers.Windows.Tests\SystemStatus\WindowsSystemStatusProviderTests.cs(393,63): error ENDOFLINE: Corrija el marcador de fin de línea. Reemplazar 2 caracteres por "\n". [D:\Perfil\Escritorio\ETC\Programacion\BAXY DEFINITIVO\tests\Baxy.Providers.Windows.Tests\Baxy.Providers.Windows.Tests.csproj]
D:\Perfil\Escritorio\ETC\Programacion\BAXY DEFINITIVO\tests\Baxy.Providers.Windows.Tests\SystemStatus\WindowsSystemStatusProviderTests.cs(394,1): error ENDOFLINE: Corrija el marcador de fin de línea. Reemplazar 2 caracteres por "\n". [D:\Perfil\Escritorio\ETC\Programacion\BAXY DEFINITIVO\tests\Baxy.Providers.Windows.Tests\Baxy.Providers.Windows.Tests.csproj]
D:\Perfil\Escritorio\ETC\Programacion\BAXY DEFINITIVO\tests\Baxy.Providers.Windows.Tests\SystemStatus\WindowsSystemStatusProviderTests.cs(395,86): error ENDOFLINE: Corrija el marcador de fin de línea. Reemplazar 2 caracteres por "\n". [D:\Perfil\Escritorio\ETC\Programacion\BAXY DEFINITIVO\tests\Baxy.Providers.Windows.Tests\Baxy.Providers.Windows.Tests.csproj]
D:\Perfil\Escritorio\ETC\Programacion\BAXY DEFINITIVO\tests\Baxy.Providers.Windows.Tests\SystemStatus\WindowsSystemStatusProviderTests.cs(396,1): error ENDOFLINE: Corrija el marcador de fin de línea. Reemplazar 2 caracteres por "\n". [D:\Perfil\Escritorio\ETC\Programacion\BAXY DEFINITIVO\tests\Baxy.Providers.Windows.Tests\Baxy.Providers.Windows.Tests.csproj]
D:\Perfil\Escritorio\ETC\Programacion\BAXY DEFINITIVO\tests\Baxy.Providers.Windows.Tests\SystemStatus\WindowsSystemStatusProviderTests.cs(397,98): error ENDOFLINE: Corrija el marcador de fin de línea. Reemplazar 2 caracteres por "\n". [D:\Perfil\Escritorio\ETC\Programacion\BAXY DEFINITIVO\tests\Baxy.Providers.Windows.Tests\Baxy.Providers.Windows.Tests.csproj]
D:\Perfil\Escritorio\ETC\Programacion\BAXY DEFINITIVO\tests\Baxy.Providers.Windows.Tests\SystemStatus\WindowsSystemStatusProviderTests.cs(398,1): error ENDOFLINE: Corrija el marcador de fin de línea. Reemplazar 2 caracteres por "\n". [D:\Perfil\Escritorio\ETC\Programacion\BAXY DEFINITIVO\tests\Baxy.Providers.Windows.Tests\Baxy.Providers.Windows.Tests.csproj]
D:\Perfil\Escritorio\ETC\Programacion\BAXY DEFINITIVO\tests\Baxy.Providers.Windows.Tests\SystemStatus\WindowsSystemStatusProviderTests.cs(399,65): error ENDOFLINE: Corrija el marcador de fin de línea. Reemplazar 2 caracteres por "\n". [D:\Perfil\Escritorio\ETC\Programacion\BAXY DEFINITIVO\tests\Baxy.Providers.Windows.Tests\Baxy.Providers.Windows.Tests.csproj]
D:\Perfil\Escritorio\ETC\Programacion\BAXY DEFINITIVO\tests\Baxy.Providers.Windows.Tests\SystemStatus\WindowsSystemStatusProviderTests.cs(400,1): error ENDOFLINE: Corrija el marcador de fin de línea. Reemplazar 2 caracteres por "\n". [D:\Perfil\Escritorio\ETC\Programacion\BAXY DEFINITIVO\tests\Baxy.Providers.Windows.Tests\Baxy.Providers.Windows.Tests.csproj]
D:\Perfil\Escritorio\ETC\Programacion\BAXY DEFINITIVO\tests\Baxy.Providers.Windows.Tests\SystemStatus\WindowsSystemStatusProviderTests.cs(401,70): error ENDOFLINE: Corrija el marcador de fin de línea. Reemplazar 2 caracteres por "\n". [D:\Perfil\Escritorio\ETC\Programacion\BAXY DEFINITIVO\tests\Baxy.Providers.Windows.Tests\Baxy.Providers.Windows.Tests.csproj]
D:\Perfil\Escritorio\ETC\Programacion\BAXY DEFINITIVO\tests\Baxy.Providers.Windows.Tests\SystemStatus\WindowsSystemStatusProviderTests.cs(402,72): error ENDOFLINE: Corrija el marcador de fin de línea. Reemplazar 2 caracteres por "\n". [D:\Perfil\Escritorio\ETC\Programacion\BAXY DEFINITIVO\tests\Baxy.Providers.Windows.Tests\Baxy.Providers.Windows.Tests.csproj]
D:\Perfil\Escritorio\ETC\Programacion\BAXY DEFINITIVO\tests\Baxy.Providers.Windows.Tests\SystemStatus\WindowsSystemStatusProviderTests.cs(403,1): error ENDOFLINE: Corrija el marcador de fin de línea. Reemplazar 2 caracteres por "\n". [D:\Perfil\Escritorio\ETC\Programacion\BAXY DEFINITIVO\tests\Baxy.Providers.Windows.Tests\Baxy.Providers.Windows.Tests.csproj]
D:\Perfil\Escritorio\ETC\Programacion\BAXY DEFINITIVO\tests\Baxy.Providers.Windows.Tests\SystemStatus\WindowsSystemStatusProviderTests.cs(404,63): error ENDOFLINE: Corrija el marcador de fin de línea. Reemplazar 2 caracteres por "\n". [D:\Perfil\Escritorio\ETC\Programacion\BAXY DEFINITIVO\tests\Baxy.Providers.Windows.Tests\Baxy.Providers.Windows.Tests.csproj]
D:\Perfil\Escritorio\ETC\Programacion\BAXY DEFINITIVO\tests\Baxy.Providers.Windows.Tests\SystemStatus\WindowsSystemStatusProviderTests.cs(405,1): error ENDOFLINE: Corrija el marcador de fin de línea. Reemplazar 2 caracteres por "\n". [D:\Perfil\Escritorio\ETC\Programacion\BAXY DEFINITIVO\tests\Baxy.Providers.Windows.Tests\Baxy.Providers.Windows.Tests.csproj]
D:\Perfil\Escritorio\ETC\Programacion\BAXY DEFINITIVO\tests\Baxy.Providers.Windows.Tests\SystemStatus\WindowsSystemStatusProviderTests.cs(406,53): error ENDOFLINE: Corrija el marcador de fin de línea. Reemplazar 2 caracteres por "\n". [D:\Perfil\Escritorio\ETC\Programacion\BAXY DEFINITIVO\tests\Baxy.Providers.Windows.Tests\Baxy.Providers.Windows.Tests.csproj]
D:\Perfil\Escritorio\ETC\Programacion\BAXY DEFINITIVO\tests\Baxy.Providers.Windows.Tests\SystemStatus\WindowsSystemStatusProviderTests.cs(407,1): error ENDOFLINE: Corrija el marcador de fin de línea. Reemplazar 2 caracteres por "\n". [D:\Perfil\Escritorio\ETC\Programacion\BAXY DEFINITIVO\tests\Baxy.Providers.Windows.Tests\Baxy.Providers.Windows.Tests.csproj]
D:\Perfil\Escritorio\ETC\Programacion\BAXY DEFINITIVO\tests\Baxy.Providers.Windows.Tests\SystemStatus\WindowsSystemStatusProviderTests.cs(408,56): error ENDOFLINE: Corrija el marcador de fin de línea. Reemplazar 2 caracteres por "\n". [D:\Perfil\Escritorio\ETC\Programacion\BAXY DEFINITIVO\tests\Baxy.Providers.Windows.Tests\Baxy.Providers.Windows.Tests.csproj]
D:\Perfil\Escritorio\ETC\Programacion\BAXY DEFINITIVO\tests\Baxy.Providers.Windows.Tests\SystemStatus\WindowsSystemStatusProviderTests.cs(409,1): error ENDOFLINE: Corrija el marcador de fin de línea. Reemplazar 2 caracteres por "\n". [D:\Perfil\Escritorio\ETC\Programacion\BAXY DEFINITIVO\tests\Baxy.Providers.Windows.Tests\Baxy.Providers.Windows.Tests.csproj]
D:\Perfil\Escritorio\ETC\Programacion\BAXY DEFINITIVO\tests\Baxy.Providers.Windows.Tests\SystemStatus\WindowsSystemStatusProviderTests.cs(410,54): error ENDOFLINE: Corrija el marcador de fin de línea. Reemplazar 2 caracteres por "\n". [D:\Perfil\Escritorio\ETC\Programacion\BAXY DEFINITIVO\tests\Baxy.Providers.Windows.Tests\Baxy.Providers.Windows.Tests.csproj]
D:\Perfil\Escritorio\ETC\Programacion\BAXY DEFINITIVO\tests\Baxy.Providers.Windows.Tests\SystemStatus\WindowsSystemStatusProviderTests.cs(411,1): error ENDOFLINE: Corrija el marcador de fin de línea. Reemplazar 2 caracteres por "\n". [D:\Perfil\Escritorio\ETC\Programacion\BAXY DEFINITIVO\tests\Baxy.Providers.Windows.Tests\Baxy.Providers.Windows.Tests.csproj]
D:\Perfil\Escritorio\ETC\Programacion\BAXY DEFINITIVO\tests\Baxy.Providers.Windows.Tests\SystemStatus\WindowsSystemStatusProviderTests.cs(412,55): error ENDOFLINE: Corrija el marcador de fin de línea. Reemplazar 2 caracteres por "\n". [D:\Perfil\Escritorio\ETC\Programacion\BAXY DEFINITIVO\tests\Baxy.Providers.Windows.Tests\Baxy.Providers.Windows.Tests.csproj]
D:\Perfil\Escritorio\ETC\Programacion\BAXY DEFINITIVO\tests\Baxy.Providers.Windows.Tests\SystemStatus\WindowsSystemStatusProviderTests.cs(413,1): error ENDOFLINE: Corrija el marcador de fin de línea. Reemplazar 2 caracteres por "\n". [D:\Perfil\Escritorio\ETC\Programacion\BAXY DEFINITIVO\tests\Baxy.Providers.Windows.Tests\Baxy.Providers.Windows.Tests.csproj]
D:\Perfil\Escritorio\ETC\Programacion\BAXY DEFINITIVO\tests\Baxy.Providers.Windows.Tests\SystemStatus\WindowsSystemStatusProviderTests.cs(414,65): error ENDOFLINE: Corrija el marcador de fin de línea. Reemplazar 2 caracteres por "\n". [D:\Perfil\Escritorio\ETC\Programacion\BAXY DEFINITIVO\tests\Baxy.Providers.Windows.Tests\Baxy.Providers.Windows.Tests.csproj]
D:\Perfil\Escritorio\ETC\Programacion\BAXY DEFINITIVO\tests\Baxy.Providers.Windows.Tests\SystemStatus\WindowsSystemStatusProviderTests.cs(415,1): error ENDOFLINE: Corrija el marcador de fin de línea. Reemplazar 2 caracteres por "\n". [D:\Perfil\Escritorio\ETC\Programacion\BAXY DEFINITIVO\tests\Baxy.Providers.Windows.Tests\Baxy.Providers.Windows.Tests.csproj]
D:\Perfil\Escritorio\ETC\Programacion\BAXY DEFINITIVO\tests\Baxy.Providers.Windows.Tests\SystemStatus\WindowsSystemStatusProviderTests.cs(416,56): error ENDOFLINE: Corrija el marcador de fin de línea. Reemplazar 2 caracteres por "\n". [D:\Perfil\Escritorio\ETC\Programacion\BAXY DEFINITIVO\tests\Baxy.Providers.Windows.Tests\Baxy.Providers.Windows.Tests.csproj]
D:\Perfil\Escritorio\ETC\Programacion\BAXY DEFINITIVO\tests\Baxy.Providers.Windows.Tests\SystemStatus\WindowsSystemStatusProviderTests.cs(417,1): error ENDOFLINE: Corrija el marcador de fin de línea. Reemplazar 2 caracteres por "\n". [D:\Perfil\Escritorio\ETC\Programacion\BAXY DEFINITIVO\tests\Baxy.Providers.Windows.Tests\Baxy.Providers.Windows.Tests.csproj]
D:\Perfil\Escritorio\ETC\Programacion\BAXY DEFINITIVO\tests\Baxy.Providers.Windows.Tests\SystemStatus\WindowsSystemStatusProviderTests.cs(418,81): error ENDOFLINE: Corrija el marcador de fin de línea. Reemplazar 2 caracteres por "\n". [D:\Perfil\Escritorio\ETC\Programacion\BAXY DEFINITIVO\tests\Baxy.Providers.Windows.Tests\Baxy.Providers.Windows.Tests.csproj]
D:\Perfil\Escritorio\ETC\Programacion\BAXY DEFINITIVO\tests\Baxy.Providers.Windows.Tests\SystemStatus\WindowsSystemStatusProviderTests.cs(419,1): error ENDOFLINE: Corrija el marcador de fin de línea. Reemplazar 2 caracteres por "\n". [D:\Perfil\Escritorio\ETC\Programacion\BAXY DEFINITIVO\tests\Baxy.Providers.Windows.Tests\Baxy.Providers.Windows.Tests.csproj]
D:\Perfil\Escritorio\ETC\Programacion\BAXY DEFINITIVO\tests\Baxy.Providers.Windows.Tests\SystemStatus\WindowsSystemStatusProviderTests.cs(420,54): error ENDOFLINE: Corrija el marcador de fin de línea. Reemplazar 2 caracteres por "\n". [D:\Perfil\Escritorio\ETC\Programacion\BAXY DEFINITIVO\tests\Baxy.Providers.Windows.Tests\Baxy.Providers.Windows.Tests.csproj]
D:\Perfil\Escritorio\ETC\Programacion\BAXY DEFINITIVO\tests\Baxy.Providers.Windows.Tests\SystemStatus\WindowsSystemStatusProviderTests.cs(421,1): error ENDOFLINE: Corrija el marcador de fin de línea. Reemplazar 2 caracteres por "\n". [D:\Perfil\Escritorio\ETC\Programacion\BAXY DEFINITIVO\tests\Baxy.Providers.Windows.Tests\Baxy.Providers.Windows.Tests.csproj]
D:\Perfil\Escritorio\ETC\Programacion\BAXY DEFINITIVO\tests\Baxy.Providers.Windows.Tests\SystemStatus\WindowsSystemStatusProviderTests.cs(422,52): error ENDOFLINE: Corrija el marcador de fin de línea. Reemplazar 2 caracteres por "\n". [D:\Perfil\Escritorio\ETC\Programacion\BAXY DEFINITIVO\tests\Baxy.Providers.Windows.Tests\Baxy.Providers.Windows.Tests.csproj]
D:\Perfil\Escritorio\ETC\Programacion\BAXY DEFINITIVO\tests\Baxy.Providers.Windows.Tests\SystemStatus\WindowsSystemStatusProviderTests.cs(423,1): error ENDOFLINE: Corrija el marcador de fin de línea. Reemplazar 2 caracteres por "\n". [D:\Perfil\Escritorio\ETC\Programacion\BAXY DEFINITIVO\tests\Baxy.Providers.Windows.Tests\Baxy.Providers.Windows.Tests.csproj]
D:\Perfil\Escritorio\ETC\Programacion\BAXY DEFINITIVO\tests\Baxy.Providers.Windows.Tests\SystemStatus\WindowsSystemStatusProviderTests.cs(424,53): error ENDOFLINE: Corrija el marcador de fin de línea. Reemplazar 2 caracteres por "\n". [D:\Perfil\Escritorio\ETC\Programacion\BAXY DEFINITIVO\tests\Baxy.Providers.Windows.Tests\Baxy.Providers.Windows.Tests.csproj]
D:\Perfil\Escritorio\ETC\Programacion\BAXY DEFINITIVO\tests\Baxy.Providers.Windows.Tests\SystemStatus\WindowsSystemStatusProviderTests.cs(425,1): error ENDOFLINE: Corrija el marcador de fin de línea. Reemplazar 2 caracteres por "\n". [D:\Perfil\Escritorio\ETC\Programacion\BAXY DEFINITIVO\tests\Baxy.Providers.Windows.Tests\Baxy.Providers.Windows.Tests.csproj]
D:\Perfil\Escritorio\ETC\Programacion\BAXY DEFINITIVO\tests\Baxy.Providers.Windows.Tests\SystemStatus\WindowsSystemStatusProviderTests.cs(426,51): error ENDOFLINE: Corrija el marcador de fin de línea. Reemplazar 2 caracteres por "\n". [D:\Perfil\Escritorio\ETC\Programacion\BAXY DEFINITIVO\tests\Baxy.Providers.Windows.Tests\Baxy.Providers.Windows.Tests.csproj]
D:\Perfil\Escritorio\ETC\Programacion\BAXY DEFINITIVO\tests\Baxy.Providers.Windows.Tests\SystemStatus\WindowsSystemStatusProviderTests.cs(427,1): error ENDOFLINE: Corrija el marcador de fin de línea. Reemplazar 2 caracteres por "\n". [D:\Perfil\Escritorio\ETC\Programacion\BAXY DEFINITIVO\tests\Baxy.Providers.Windows.Tests\Baxy.Providers.Windows.Tests.csproj]
D:\Perfil\Escritorio\ETC\Programacion\BAXY DEFINITIVO\tests\Baxy.Providers.Windows.Tests\SystemStatus\WindowsSystemStatusProviderTests.cs(428,52): error ENDOFLINE: Corrija el marcador de fin de línea. Reemplazar 2 caracteres por "\n". [D:\Perfil\Escritorio\ETC\Programacion\BAXY DEFINITIVO\tests\Baxy.Providers.Windows.Tests\Baxy.Providers.Windows.Tests.csproj]
D:\Perfil\Escritorio\ETC\Programacion\BAXY DEFINITIVO\tests\Baxy.Providers.Windows.Tests\SystemStatus\WindowsSystemStatusProviderTests.cs(429,1): error ENDOFLINE: Corrija el marcador de fin de línea. Reemplazar 2 caracteres por "\n". [D:\Perfil\Escritorio\ETC\Programacion\BAXY DEFINITIVO\tests\Baxy.Providers.Windows.Tests\Baxy.Providers.Windows.Tests.csproj]
D:\Perfil\Escritorio\ETC\Programacion\BAXY DEFINITIVO\tests\Baxy.Providers.Windows.Tests\SystemStatus\WindowsSystemStatusProviderTests.cs(430,62): error ENDOFLINE: Corrija el marcador de fin de línea. Reemplazar 2 caracteres por "\n". [D:\Perfil\Escritorio\ETC\Programacion\BAXY DEFINITIVO\tests\Baxy.Providers.Windows.Tests\Baxy.Providers.Windows.Tests.csproj]
D:\Perfil\Escritorio\ETC\Programacion\BAXY DEFINITIVO\tests\Baxy.Providers.Windows.Tests\SystemStatus\WindowsSystemStatusProviderTests.cs(431,1): error ENDOFLINE: Corrija el marcador de fin de línea. Reemplazar 2 caracteres por "\n". [D:\Perfil\Escritorio\ETC\Programacion\BAXY DEFINITIVO\tests\Baxy.Providers.Windows.Tests\Baxy.Providers.Windows.Tests.csproj]
D:\Perfil\Escritorio\ETC\Programacion\BAXY DEFINITIVO\tests\Baxy.Providers.Windows.Tests\SystemStatus\WindowsSystemStatusProviderTests.cs(432,53): error ENDOFLINE: Corrija el marcador de fin de línea. Reemplazar 2 caracteres por "\n". [D:\Perfil\Escritorio\ETC\Programacion\BAXY DEFINITIVO\tests\Baxy.Providers.Windows.Tests\Baxy.Providers.Windows.Tests.csproj]
D:\Perfil\Escritorio\ETC\Programacion\BAXY DEFINITIVO\tests\Baxy.Providers.Windows.Tests\SystemStatus\WindowsSystemStatusProviderTests.cs(433,1): error ENDOFLINE: Corrija el marcador de fin de línea. Reemplazar 2 caracteres por "\n". [D:\Perfil\Escritorio\ETC\Programacion\BAXY DEFINITIVO\tests\Baxy.Providers.Windows.Tests\Baxy.Providers.Windows.Tests.csproj]
D:\Perfil\Escritorio\ETC\Programacion\BAXY DEFINITIVO\tests\Baxy.Providers.Windows.Tests\SystemStatus\WindowsSystemStatusProviderTests.cs(434,56): error ENDOFLINE: Corrija el marcador de fin de línea. Reemplazar 2 caracteres por "\n". [D:\Perfil\Escritorio\ETC\Programacion\BAXY DEFINITIVO\tests\Baxy.Providers.Windows.Tests\Baxy.Providers.Windows.Tests.csproj]
D:\Perfil\Escritorio\ETC\Programacion\BAXY DEFINITIVO\tests\Baxy.Providers.Windows.Tests\SystemStatus\WindowsSystemStatusProviderTests.cs(435,1): error ENDOFLINE: Corrija el marcador de fin de línea. Reemplazar 2 caracteres por "\n". [D:\Perfil\Escritorio\ETC\Programacion\BAXY DEFINITIVO\tests\Baxy.Providers.Windows.Tests\Baxy.Providers.Windows.Tests.csproj]
D:\Perfil\Escritorio\ETC\Programacion\BAXY DEFINITIVO\tests\Baxy.Providers.Windows.Tests\SystemStatus\WindowsSystemStatusProviderTests.cs(436,46): error ENDOFLINE: Corrija el marcador de fin de línea. Reemplazar 2 caracteres por "\n". [D:\Perfil\Escritorio\ETC\Programacion\BAXY DEFINITIVO\tests\Baxy.Providers.Windows.Tests\Baxy.Providers.Windows.Tests.csproj]
D:\Perfil\Escritorio\ETC\Programacion\BAXY DEFINITIVO\tests\Baxy.Providers.Windows.Tests\SystemStatus\WindowsSystemStatusProviderTests.cs(437,25): error ENDOFLINE: Corrija el marcador de fin de línea. Reemplazar 2 caracteres por "\n". [D:\Perfil\Escritorio\ETC\Programacion\BAXY DEFINITIVO\tests\Baxy.Providers.Windows.Tests\Baxy.Providers.Windows.Tests.csproj]
D:\Perfil\Escritorio\ETC\Programacion\BAXY DEFINITIVO\tests\Baxy.Providers.Windows.Tests\SystemStatus\WindowsSystemStatusProviderTests.cs(438,26): error ENDOFLINE: Corrija el marcador de fin de línea. Reemplazar 2 caracteres por "\n". [D:\Perfil\Escritorio\ETC\Programacion\BAXY DEFINITIVO\tests\Baxy.Providers.Windows.Tests\Baxy.Providers.Windows.Tests.csproj]
D:\Perfil\Escritorio\ETC\Programacion\BAXY DEFINITIVO\tests\Baxy.Providers.Windows.Tests\SystemStatus\WindowsSystemStatusProviderTests.cs(439,24): error ENDOFLINE: Corrija el marcador de fin de línea. Reemplazar 2 caracteres por "\n". [D:\Perfil\Escritorio\ETC\Programacion\BAXY DEFINITIVO\tests\Baxy.Providers.Windows.Tests\Baxy.Providers.Windows.Tests.csproj]
D:\Perfil\Escritorio\ETC\Programacion\BAXY DEFINITIVO\tests\Baxy.Providers.Windows.Tests\SystemStatus\WindowsSystemStatusProviderTests.cs(440,25): error ENDOFLINE: Corrija el marcador de fin de línea. Reemplazar 2 caracteres por "\n". [D:\Perfil\Escritorio\ETC\Programacion\BAXY DEFINITIVO\tests\Baxy.Providers.Windows.Tests\Baxy.Providers.Windows.Tests.csproj]
D:\Perfil\Escritorio\ETC\Programacion\BAXY DEFINITIVO\tests\Baxy.Providers.Windows.Tests\SystemStatus\WindowsSystemStatusProviderTests.cs(441,35): error ENDOFLINE: Corrija el marcador de fin de línea. Reemplazar 2 caracteres por "\n". [D:\Perfil\Escritorio\ETC\Programacion\BAXY DEFINITIVO\tests\Baxy.Providers.Windows.Tests\Baxy.Providers.Windows.Tests.csproj]
D:\Perfil\Escritorio\ETC\Programacion\BAXY DEFINITIVO\tests\Baxy.Providers.Windows.Tests\SystemStatus\WindowsSystemStatusProviderTests.cs(442,27): error ENDOFLINE: Corrija el marcador de fin de línea. Reemplazar 2 caracteres por "\n". [D:\Perfil\Escritorio\ETC\Programacion\BAXY DEFINITIVO\tests\Baxy.Providers.Windows.Tests\Baxy.Providers.Windows.Tests.csproj]
D:\Perfil\Escritorio\ETC\Programacion\BAXY DEFINITIVO\tests\Baxy.Providers.Windows.Tests\SystemStatus\WindowsSystemStatusProviderTests.cs(443,1): error ENDOFLINE: Corrija el marcador de fin de línea. Reemplazar 2 caracteres por "\n". [D:\Perfil\Escritorio\ETC\Programacion\BAXY DEFINITIVO\tests\Baxy.Providers.Windows.Tests\Baxy.Providers.Windows.Tests.csproj]
D:\Perfil\Escritorio\ETC\Programacion\BAXY DEFINITIVO\tests\Baxy.Providers.Windows.Tests\SystemStatus\WindowsSystemStatusProviderTests.cs(444,44): error ENDOFLINE: Corrija el marcador de fin de línea. Reemplazar 2 caracteres por "\n". [D:\Perfil\Escritorio\ETC\Programacion\BAXY DEFINITIVO\tests\Baxy.Providers.Windows.Tests\Baxy.Providers.Windows.Tests.csproj]
D:\Perfil\Escritorio\ETC\Programacion\BAXY DEFINITIVO\tests\Baxy.Providers.Windows.Tests\SystemStatus\WindowsSystemStatusProviderTests.cs(445,10): error ENDOFLINE: Corrija el marcador de fin de línea. Reemplazar 2 caracteres por "\n". [D:\Perfil\Escritorio\ETC\Programacion\BAXY DEFINITIVO\tests\Baxy.Providers.Windows.Tests\Baxy.Providers.Windows.Tests.csproj]
D:\Perfil\Escritorio\ETC\Programacion\BAXY DEFINITIVO\tests\Baxy.Providers.Windows.Tests\SystemStatus\WindowsSystemStatusProviderTests.cs(446,28): error ENDOFLINE: Corrija el marcador de fin de línea. Reemplazar 2 caracteres por "\n". [D:\Perfil\Escritorio\ETC\Programacion\BAXY DEFINITIVO\tests\Baxy.Providers.Windows.Tests\Baxy.Providers.Windows.Tests.csproj]
D:\Perfil\Escritorio\ETC\Programacion\BAXY DEFINITIVO\tests\Baxy.Providers.Windows.Tests\SystemStatus\WindowsSystemStatusProviderTests.cs(447,42): error ENDOFLINE: Corrija el marcador de fin de línea. Reemplazar 2 caracteres por "\n". [D:\Perfil\Escritorio\ETC\Programacion\BAXY DEFINITIVO\tests\Baxy.Providers.Windows.Tests\Baxy.Providers.Windows.Tests.csproj]
D:\Perfil\Escritorio\ETC\Programacion\BAXY DEFINITIVO\tests\Baxy.Providers.Windows.Tests\SystemStatus\WindowsSystemStatusProviderTests.cs(448,14): error ENDOFLINE: Corrija el marcador de fin de línea. Reemplazar 2 caracteres por "\n". [D:\Perfil\Escritorio\ETC\Programacion\BAXY DEFINITIVO\tests\Baxy.Providers.Windows.Tests\Baxy.Providers.Windows.Tests.csproj]
D:\Perfil\Escritorio\ETC\Programacion\BAXY DEFINITIVO\tests\Baxy.Providers.Windows.Tests\SystemStatus\WindowsSystemStatusProviderTests.cs(449,36): error ENDOFLINE: Corrija el marcador de fin de línea. Reemplazar 2 caracteres por "\n". [D:\Perfil\Escritorio\ETC\Programacion\BAXY DEFINITIVO\tests\Baxy.Providers.Windows.Tests\Baxy.Providers.Windows.Tests.csproj]
D:\Perfil\Escritorio\ETC\Programacion\BAXY DEFINITIVO\tests\Baxy.Providers.Windows.Tests\SystemStatus\WindowsSystemStatusProviderTests.cs(450,14): error ENDOFLINE: Corrija el marcador de fin de línea. Reemplazar 2 caracteres por "\n". [D:\Perfil\Escritorio\ETC\Programacion\BAXY DEFINITIVO\tests\Baxy.Providers.Windows.Tests\Baxy.Providers.Windows.Tests.csproj]
D:\Perfil\Escritorio\ETC\Programacion\BAXY DEFINITIVO\tests\Baxy.Providers.Windows.Tests\SystemStatus\WindowsSystemStatusProviderTests.cs(451,1): error ENDOFLINE: Corrija el marcador de fin de línea. Reemplazar 2 caracteres por "\n". [D:\Perfil\Escritorio\ETC\Programacion\BAXY DEFINITIVO\tests\Baxy.Providers.Windows.Tests\Baxy.Providers.Windows.Tests.csproj]
D:\Perfil\Escritorio\ETC\Programacion\BAXY DEFINITIVO\tests\Baxy.Providers.Windows.Tests\SystemStatus\WindowsSystemStatusProviderTests.cs(452,41): error ENDOFLINE: Corrija el marcador de fin de línea. Reemplazar 2 caracteres por "\n". [D:\Perfil\Escritorio\ETC\Programacion\BAXY DEFINITIVO\tests\Baxy.Providers.Windows.Tests\Baxy.Providers.Windows.Tests.csproj]
D:\Perfil\Escritorio\ETC\Programacion\BAXY DEFINITIVO\tests\Baxy.Providers.Windows.Tests\SystemStatus\WindowsSystemStatusProviderTests.cs(453,10): error ENDOFLINE: Corrija el marcador de fin de línea. Reemplazar 2 caracteres por "\n". [D:\Perfil\Escritorio\ETC\Programacion\BAXY DEFINITIVO\tests\Baxy.Providers.Windows.Tests\Baxy.Providers.Windows.Tests.csproj]
D:\Perfil\Escritorio\ETC\Programacion\BAXY DEFINITIVO\tests\Baxy.Providers.Windows.Tests\SystemStatus\WindowsSystemStatusProviderTests.cs(454,1): error ENDOFLINE: Corrija el marcador de fin de línea. Reemplazar 2 caracteres por "\n". [D:\Perfil\Escritorio\ETC\Programacion\BAXY DEFINITIVO\tests\Baxy.Providers.Windows.Tests\Baxy.Providers.Windows.Tests.csproj]
D:\Perfil\Escritorio\ETC\Programacion\BAXY DEFINITIVO\tests\Baxy.Providers.Windows.Tests\SystemStatus\WindowsSystemStatusProviderTests.cs(455,73): error ENDOFLINE: Corrija el marcador de fin de línea. Reemplazar 2 caracteres por "\n". [D:\Perfil\Escritorio\ETC\Programacion\BAXY DEFINITIVO\tests\Baxy.Providers.Windows.Tests\Baxy.Providers.Windows.Tests.csproj]
D:\Perfil\Escritorio\ETC\Programacion\BAXY DEFINITIVO\tests\Baxy.Providers.Windows.Tests\SystemStatus\WindowsSystemStatusProviderTests.cs(456,1): error ENDOFLINE: Corrija el marcador de fin de línea. Reemplazar 2 caracteres por "\n". [D:\Perfil\Escritorio\ETC\Programacion\BAXY DEFINITIVO\tests\Baxy.Providers.Windows.Tests\Baxy.Providers.Windows.Tests.csproj]
D:\Perfil\Escritorio\ETC\Programacion\BAXY DEFINITIVO\tests\Baxy.Providers.Windows.Tests\SystemStatus\WindowsSystemStatusProviderTests.cs(457,51): error ENDOFLINE: Corrija el marcador de fin de línea. Reemplazar 2 caracteres por "\n". [D:\Perfil\Escritorio\ETC\Programacion\BAXY DEFINITIVO\tests\Baxy.Providers.Windows.Tests\Baxy.Providers.Windows.Tests.csproj]
D:\Perfil\Escritorio\ETC\Programacion\BAXY DEFINITIVO\tests\Baxy.Providers.Windows.Tests\SystemStatus\WindowsSystemStatusProviderTests.cs(458,1): error ENDOFLINE: Corrija el marcador de fin de línea. Reemplazar 2 caracteres por "\n". [D:\Perfil\Escritorio\ETC\Programacion\BAXY DEFINITIVO\tests\Baxy.Providers.Windows.Tests\Baxy.Providers.Windows.Tests.csproj]
D:\Perfil\Escritorio\ETC\Programacion\BAXY DEFINITIVO\tests\Baxy.Providers.Windows.Tests\SystemStatus\WindowsSystemStatusProviderTests.cs(459,89): error ENDOFLINE: Corrija el marcador de fin de línea. Reemplazar 2 caracteres por "\n". [D:\Perfil\Escritorio\ETC\Programacion\BAXY DEFINITIVO\tests\Baxy.Providers.Windows.Tests\Baxy.Providers.Windows.Tests.csproj]
D:\Perfil\Escritorio\ETC\Programacion\BAXY DEFINITIVO\tests\Baxy.Providers.Windows.Tests\SystemStatus\WindowsSystemStatusProviderTests.cs(460,10): error ENDOFLINE: Corrija el marcador de fin de línea. Reemplazar 2 caracteres por "\n". [D:\Perfil\Escritorio\ETC\Programacion\BAXY DEFINITIVO\tests\Baxy.Providers.Windows.Tests\Baxy.Providers.Windows.Tests.csproj]
D:\Perfil\Escritorio\ETC\Programacion\BAXY DEFINITIVO\tests\Baxy.Providers.Windows.Tests\SystemStatus\WindowsSystemStatusProviderTests.cs(461,26): error ENDOFLINE: Corrija el marcador de fin de línea. Reemplazar 2 caracteres por "\n". [D:\Perfil\Escritorio\ETC\Programacion\BAXY DEFINITIVO\tests\Baxy.Providers.Windows.Tests\Baxy.Providers.Windows.Tests.csproj]
D:\Perfil\Escritorio\ETC\Programacion\BAXY DEFINITIVO\tests\Baxy.Providers.Windows.Tests\SystemStatus\WindowsSystemStatusProviderTests.cs(462,31): error ENDOFLINE: Corrija el marcador de fin de línea. Reemplazar 2 caracteres por "\n". [D:\Perfil\Escritorio\ETC\Programacion\BAXY DEFINITIVO\tests\Baxy.Providers.Windows.Tests\Baxy.Providers.Windows.Tests.csproj]
D:\Perfil\Escritorio\ETC\Programacion\BAXY DEFINITIVO\tests\Baxy.Providers.Windows.Tests\SystemStatus\WindowsSystemStatusProviderTests.cs(463,33): error ENDOFLINE: Corrija el marcador de fin de línea. Reemplazar 2 caracteres por "\n". [D:\Perfil\Escritorio\ETC\Programacion\BAXY DEFINITIVO\tests\Baxy.Providers.Windows.Tests\Baxy.Providers.Windows.Tests.csproj]
D:\Perfil\Escritorio\ETC\Programacion\BAXY DEFINITIVO\tests\Baxy.Providers.Windows.Tests\SystemStatus\WindowsSystemStatusProviderTests.cs(464,42): error ENDOFLINE: Corrija el marcador de fin de línea. Reemplazar 2 caracteres por "\n". [D:\Perfil\Escritorio\ETC\Programacion\BAXY DEFINITIVO\tests\Baxy.Providers.Windows.Tests\Baxy.Providers.Windows.Tests.csproj]
D:\Perfil\Escritorio\ETC\Programacion\BAXY DEFINITIVO\tests\Baxy.Providers.Windows.Tests\SystemStatus\WindowsSystemStatusProviderTests.cs(465,51): error ENDOFLINE: Corrija el marcador de fin de línea. Reemplazar 2 caracteres por "\n". [D:\Perfil\Escritorio\ETC\Programacion\BAXY DEFINITIVO\tests\Baxy.Providers.Windows.Tests\Baxy.Providers.Windows.Tests.csproj]
D:\Perfil\Escritorio\ETC\Programacion\BAXY DEFINITIVO\tests\Baxy.Providers.Windows.Tests\SystemStatus\WindowsSystemStatusProviderTests.cs(466,10): error ENDOFLINE: Corrija el marcador de fin de línea. Reemplazar 2 caracteres por "\n". [D:\Perfil\Escritorio\ETC\Programacion\BAXY DEFINITIVO\tests\Baxy.Providers.Windows.Tests\Baxy.Providers.Windows.Tests.csproj]
D:\Perfil\Escritorio\ETC\Programacion\BAXY DEFINITIVO\tests\Baxy.Providers.Windows.Tests\SystemStatus\WindowsSystemStatusProviderTests.cs(467,1): error ENDOFLINE: Corrija el marcador de fin de línea. Reemplazar 2 caracteres por "\n". [D:\Perfil\Escritorio\ETC\Programacion\BAXY DEFINITIVO\tests\Baxy.Providers.Windows.Tests\Baxy.Providers.Windows.Tests.csproj]
D:\Perfil\Escritorio\ETC\Programacion\BAXY DEFINITIVO\tests\Baxy.Providers.Windows.Tests\SystemStatus\WindowsSystemStatusProviderTests.cs(468,42): error ENDOFLINE: Corrija el marcador de fin de línea. Reemplazar 2 caracteres por "\n". [D:\Perfil\Escritorio\ETC\Programacion\BAXY DEFINITIVO\tests\Baxy.Providers.Windows.Tests\Baxy.Providers.Windows.Tests.csproj]
D:\Perfil\Escritorio\ETC\Programacion\BAXY DEFINITIVO\tests\Baxy.Providers.Windows.Tests\SystemStatus\WindowsSystemStatusProviderTests.cs(469,10): error ENDOFLINE: Corrija el marcador de fin de línea. Reemplazar 2 caracteres por "\n". [D:\Perfil\Escritorio\ETC\Programacion\BAXY DEFINITIVO\tests\Baxy.Providers.Windows.Tests\Baxy.Providers.Windows.Tests.csproj]
D:\Perfil\Escritorio\ETC\Programacion\BAXY DEFINITIVO\tests\Baxy.Providers.Windows.Tests\SystemStatus\WindowsSystemStatusProviderTests.cs(470,27): error ENDOFLINE: Corrija el marcador de fin de línea. Reemplazar 2 caracteres por "\n". [D:\Perfil\Escritorio\ETC\Programacion\BAXY DEFINITIVO\tests\Baxy.Providers.Windows.Tests\Baxy.Providers.Windows.Tests.csproj]
D:\Perfil\Escritorio\ETC\Programacion\BAXY DEFINITIVO\tests\Baxy.Providers.Windows.Tests\SystemStatus\WindowsSystemStatusProviderTests.cs(471,45): error ENDOFLINE: Corrija el marcador de fin de línea. Reemplazar 2 caracteres por "\n". [D:\Perfil\Escritorio\ETC\Programacion\BAXY DEFINITIVO\tests\Baxy.Providers.Windows.Tests\Baxy.Providers.Windows.Tests.csproj]
D:\Perfil\Escritorio\ETC\Programacion\BAXY DEFINITIVO\tests\Baxy.Providers.Windows.Tests\SystemStatus\WindowsSystemStatusProviderTests.cs(472,14): error ENDOFLINE: Corrija el marcador de fin de línea. Reemplazar 2 caracteres por "\n". [D:\Perfil\Escritorio\ETC\Programacion\BAXY DEFINITIVO\tests\Baxy.Providers.Windows.Tests\Baxy.Providers.Windows.Tests.csproj]
D:\Perfil\Escritorio\ETC\Programacion\BAXY DEFINITIVO\tests\Baxy.Providers.Windows.Tests\SystemStatus\WindowsSystemStatusProviderTests.cs(473,39): error ENDOFLINE: Corrija el marcador de fin de línea. Reemplazar 2 caracteres por "\n". [D:\Perfil\Escritorio\ETC\Programacion\BAXY DEFINITIVO\tests\Baxy.Providers.Windows.Tests\Baxy.Providers.Windows.Tests.csproj]
D:\Perfil\Escritorio\ETC\Programacion\BAXY DEFINITIVO\tests\Baxy.Providers.Windows.Tests\SystemStatus\WindowsSystemStatusProviderTests.cs(474,14): error ENDOFLINE: Corrija el marcador de fin de línea. Reemplazar 2 caracteres por "\n". [D:\Perfil\Escritorio\ETC\Programacion\BAXY DEFINITIVO\tests\Baxy.Providers.Windows.Tests\Baxy.Providers.Windows.Tests.csproj]
D:\Perfil\Escritorio\ETC\Programacion\BAXY DEFINITIVO\tests\Baxy.Providers.Windows.Tests\SystemStatus\WindowsSystemStatusProviderTests.cs(475,1): error ENDOFLINE: Corrija el marcador de fin de línea. Reemplazar 2 caracteres por "\n". [D:\Perfil\Escritorio\ETC\Programacion\BAXY DEFINITIVO\tests\Baxy.Providers.Windows.Tests\Baxy.Providers.Windows.Tests.csproj]
D:\Perfil\Escritorio\ETC\Programacion\BAXY DEFINITIVO\tests\Baxy.Providers.Windows.Tests\SystemStatus\WindowsSystemStatusProviderTests.cs(476,27): error ENDOFLINE: Corrija el marcador de fin de línea. Reemplazar 2 caracteres por "\n". [D:\Perfil\Escritorio\ETC\Programacion\BAXY DEFINITIVO\tests\Baxy.Providers.Windows.Tests\Baxy.Providers.Windows.Tests.csproj]
D:\Perfil\Escritorio\ETC\Programacion\BAXY DEFINITIVO\tests\Baxy.Providers.Windows.Tests\SystemStatus\WindowsSystemStatusProviderTests.cs(477,10): error ENDOFLINE: Corrija el marcador de fin de línea. Reemplazar 2 caracteres por "\n". [D:\Perfil\Escritorio\ETC\Programacion\BAXY DEFINITIVO\tests\Baxy.Providers.Windows.Tests\Baxy.Providers.Windows.Tests.csproj]
D:\Perfil\Escritorio\ETC\Programacion\BAXY DEFINITIVO\tests\Baxy.Providers.Windows.Tests\SystemStatus\WindowsSystemStatusProviderTests.cs(478,1): error ENDOFLINE: Corrija el marcador de fin de línea. Reemplazar 2 caracteres por "\n". [D:\Perfil\Escritorio\ETC\Programacion\BAXY DEFINITIVO\tests\Baxy.Providers.Windows.Tests\Baxy.Providers.Windows.Tests.csproj]
D:\Perfil\Escritorio\ETC\Programacion\BAXY DEFINITIVO\tests\Baxy.Providers.Windows.Tests\SystemStatus\WindowsSystemStatusProviderTests.cs(479,44): error ENDOFLINE: Corrija el marcador de fin de línea. Reemplazar 2 caracteres por "\n". [D:\Perfil\Escritorio\ETC\Programacion\BAXY DEFINITIVO\tests\Baxy.Providers.Windows.Tests\Baxy.Providers.Windows.Tests.csproj]
D:\Perfil\Escritorio\ETC\Programacion\BAXY DEFINITIVO\tests\Baxy.Providers.Windows.Tests\SystemStatus\WindowsSystemStatusProviderTests.cs(480,10): error ENDOFLINE: Corrija el marcador de fin de línea. Reemplazar 2 caracteres por "\n". [D:\Perfil\Escritorio\ETC\Programacion\BAXY DEFINITIVO\tests\Baxy.Providers.Windows.Tests\Baxy.Providers.Windows.Tests.csproj]
D:\Perfil\Escritorio\ETC\Programacion\BAXY DEFINITIVO\tests\Baxy.Providers.Windows.Tests\SystemStatus\WindowsSystemStatusProviderTests.cs(481,25): error ENDOFLINE: Corrija el marcador de fin de línea. Reemplazar 2 caracteres por "\n". [D:\Perfil\Escritorio\ETC\Programacion\BAXY DEFINITIVO\tests\Baxy.Providers.Windows.Tests\Baxy.Providers.Windows.Tests.csproj]
D:\Perfil\Escritorio\ETC\Programacion\BAXY DEFINITIVO\tests\Baxy.Providers.Windows.Tests\SystemStatus\WindowsSystemStatusProviderTests.cs(482,43): error ENDOFLINE: Corrija el marcador de fin de línea. Reemplazar 2 caracteres por "\n". [D:\Perfil\Escritorio\ETC\Programacion\BAXY DEFINITIVO\tests\Baxy.Providers.Windows.Tests\Baxy.Providers.Windows.Tests.csproj]
D:\Perfil\Escritorio\ETC\Programacion\BAXY DEFINITIVO\tests\Baxy.Providers.Windows.Tests\SystemStatus\WindowsSystemStatusProviderTests.cs(483,14): error ENDOFLINE: Corrija el marcador de fin de línea. Reemplazar 2 caracteres por "\n". [D:\Perfil\Escritorio\ETC\Programacion\BAXY DEFINITIVO\tests\Baxy.Providers.Windows.Tests\Baxy.Providers.Windows.Tests.csproj]
D:\Perfil\Escritorio\ETC\Programacion\BAXY DEFINITIVO\tests\Baxy.Providers.Windows.Tests\SystemStatus\WindowsSystemStatusProviderTests.cs(484,37): error ENDOFLINE: Corrija el marcador de fin de línea. Reemplazar 2 caracteres por "\n". [D:\Perfil\Escritorio\ETC\Programacion\BAXY DEFINITIVO\tests\Baxy.Providers.Windows.Tests\Baxy.Providers.Windows.Tests.csproj]
D:\Perfil\Escritorio\ETC\Programacion\BAXY DEFINITIVO\tests\Baxy.Providers.Windows.Tests\SystemStatus\WindowsSystemStatusProviderTests.cs(485,14): error ENDOFLINE: Corrija el marcador de fin de línea. Reemplazar 2 caracteres por "\n". [D:\Perfil\Escritorio\ETC\Programacion\BAXY DEFINITIVO\tests\Baxy.Providers.Windows.Tests\Baxy.Providers.Windows.Tests.csproj]
D:\Perfil\Escritorio\ETC\Programacion\BAXY DEFINITIVO\tests\Baxy.Providers.Windows.Tests\SystemStatus\WindowsSystemStatusProviderTests.cs(486,1): error ENDOFLINE: Corrija el marcador de fin de línea. Reemplazar 2 caracteres por "\n". [D:\Perfil\Escritorio\ETC\Programacion\BAXY DEFINITIVO\tests\Baxy.Providers.Windows.Tests\Baxy.Providers.Windows.Tests.csproj]
D:\Perfil\Escritorio\ETC\Programacion\BAXY DEFINITIVO\tests\Baxy.Providers.Windows.Tests\SystemStatus\WindowsSystemStatusProviderTests.cs(487,25): error ENDOFLINE: Corrija el marcador de fin de línea. Reemplazar 2 caracteres por "\n". [D:\Perfil\Escritorio\ETC\Programacion\BAXY DEFINITIVO\tests\Baxy.Providers.Windows.Tests\Baxy.Providers.Windows.Tests.csproj]
D:\Perfil\Escritorio\ETC\Programacion\BAXY DEFINITIVO\tests\Baxy.Providers.Windows.Tests\SystemStatus\WindowsSystemStatusProviderTests.cs(488,10): error ENDOFLINE: Corrija el marcador de fin de línea. Reemplazar 2 caracteres por "\n". [D:\Perfil\Escritorio\ETC\Programacion\BAXY DEFINITIVO\tests\Baxy.Providers.Windows.Tests\Baxy.Providers.Windows.Tests.csproj]
D:\Perfil\Escritorio\ETC\Programacion\BAXY DEFINITIVO\tests\Baxy.Providers.Windows.Tests\SystemStatus\WindowsSystemStatusProviderTests.cs(489,1): error ENDOFLINE: Corrija el marcador de fin de línea. Reemplazar 2 caracteres por "\n". [D:\Perfil\Escritorio\ETC\Programacion\BAXY DEFINITIVO\tests\Baxy.Providers.Windows.Tests\Baxy.Providers.Windows.Tests.csproj]
D:\Perfil\Escritorio\ETC\Programacion\BAXY DEFINITIVO\tests\Baxy.Providers.Windows.Tests\SystemStatus\WindowsSystemStatusProviderTests.cs(490,46): error ENDOFLINE: Corrija el marcador de fin de línea. Reemplazar 2 caracteres por "\n". [D:\Perfil\Escritorio\ETC\Programacion\BAXY DEFINITIVO\tests\Baxy.Providers.Windows.Tests\Baxy.Providers.Windows.Tests.csproj]
D:\Perfil\Escritorio\ETC\Programacion\BAXY DEFINITIVO\tests\Baxy.Providers.Windows.Tests\SystemStatus\WindowsSystemStatusProviderTests.cs(491,10): error ENDOFLINE: Corrija el marcador de fin de línea. Reemplazar 2 caracteres por "\n". [D:\Perfil\Escritorio\ETC\Programacion\BAXY DEFINITIVO\tests\Baxy.Providers.Windows.Tests\Baxy.Providers.Windows.Tests.csproj]
D:\Perfil\Escritorio\ETC\Programacion\BAXY DEFINITIVO\tests\Baxy.Providers.Windows.Tests\SystemStatus\WindowsSystemStatusProviderTests.cs(492,26): error ENDOFLINE: Corrija el marcador de fin de línea. Reemplazar 2 caracteres por "\n". [D:\Perfil\Escritorio\ETC\Programacion\BAXY DEFINITIVO\tests\Baxy.Providers.Windows.Tests\Baxy.Providers.Windows.Tests.csproj]
D:\Perfil\Escritorio\ETC\Programacion\BAXY DEFINITIVO\tests\Baxy.Providers.Windows.Tests\SystemStatus\WindowsSystemStatusProviderTests.cs(493,44): error ENDOFLINE: Corrija el marcador de fin de línea. Reemplazar 2 caracteres por "\n". [D:\Perfil\Escritorio\ETC\Programacion\BAXY DEFINITIVO\tests\Baxy.Providers.Windows.Tests\Baxy.Providers.Windows.Tests.csproj]
D:\Perfil\Escritorio\ETC\Programacion\BAXY DEFINITIVO\tests\Baxy.Providers.Windows.Tests\SystemStatus\WindowsSystemStatusProviderTests.cs(494,14): error ENDOFLINE: Corrija el marcador de fin de línea. Reemplazar 2 caracteres por "\n". [D:\Perfil\Escritorio\ETC\Programacion\BAXY DEFINITIVO\tests\Baxy.Providers.Windows.Tests\Baxy.Providers.Windows.Tests.csproj]
D:\Perfil\Escritorio\ETC\Programacion\BAXY DEFINITIVO\tests\Baxy.Providers.Windows.Tests\SystemStatus\WindowsSystemStatusProviderTests.cs(495,38): error ENDOFLINE: Corrija el marcador de fin de línea. Reemplazar 2 caracteres por "\n". [D:\Perfil\Escritorio\ETC\Programacion\BAXY DEFINITIVO\tests\Baxy.Providers.Windows.Tests\Baxy.Providers.Windows.Tests.csproj]
D:\Perfil\Escritorio\ETC\Programacion\BAXY DEFINITIVO\tests\Baxy.Providers.Windows.Tests\SystemStatus\WindowsSystemStatusProviderTests.cs(496,14): error ENDOFLINE: Corrija el marcador de fin de línea. Reemplazar 2 caracteres por "\n". [D:\Perfil\Escritorio\ETC\Programacion\BAXY DEFINITIVO\tests\Baxy.Providers.Windows.Tests\Baxy.Providers.Windows.Tests.csproj]
D:\Perfil\Escritorio\ETC\Programacion\BAXY DEFINITIVO\tests\Baxy.Providers.Windows.Tests\SystemStatus\WindowsSystemStatusProviderTests.cs(497,1): error ENDOFLINE: Corrija el marcador de fin de línea. Reemplazar 2 caracteres por "\n". [D:\Perfil\Escritorio\ETC\Programacion\BAXY DEFINITIVO\tests\Baxy.Providers.Windows.Tests\Baxy.Providers.Windows.Tests.csproj]
D:\Perfil\Escritorio\ETC\Programacion\BAXY DEFINITIVO\tests\Baxy.Providers.Windows.Tests\SystemStatus\WindowsSystemStatusProviderTests.cs(498,26): error ENDOFLINE: Corrija el marcador de fin de línea. Reemplazar 2 caracteres por "\n". [D:\Perfil\Escritorio\ETC\Programacion\BAXY DEFINITIVO\tests\Baxy.Providers.Windows.Tests\Baxy.Providers.Windows.Tests.csproj]
D:\Perfil\Escritorio\ETC\Programacion\BAXY DEFINITIVO\tests\Baxy.Providers.Windows.Tests\SystemStatus\WindowsSystemStatusProviderTests.cs(499,10): error ENDOFLINE: Corrija el marcador de fin de línea. Reemplazar 2 caracteres por "\n". [D:\Perfil\Escritorio\ETC\Programacion\BAXY DEFINITIVO\tests\Baxy.Providers.Windows.Tests\Baxy.Providers.Windows.Tests.csproj]
D:\Perfil\Escritorio\ETC\Programacion\BAXY DEFINITIVO\tests\Baxy.Providers.Windows.Tests\SystemStatus\WindowsSystemStatusProviderTests.cs(500,1): error ENDOFLINE: Corrija el marcador de fin de línea. Reemplazar 2 caracteres por "\n". [D:\Perfil\Escritorio\ETC\Programacion\BAXY DEFINITIVO\tests\Baxy.Providers.Windows.Tests\Baxy.Providers.Windows.Tests.csproj]
D:\Perfil\Escritorio\ETC\Programacion\BAXY DEFINITIVO\tests\Baxy.Providers.Windows.Tests\SystemStatus\WindowsSystemStatusProviderTests.cs(501,111): error ENDOFLINE: Corrija el marcador de fin de línea. Reemplazar 2 caracteres por "\n". [D:\Perfil\Escritorio\ETC\Programacion\BAXY DEFINITIVO\tests\Baxy.Providers.Windows.Tests\Baxy.Providers.Windows.Tests.csproj]
D:\Perfil\Escritorio\ETC\Programacion\BAXY DEFINITIVO\tests\Baxy.Providers.Windows.Tests\SystemStatus\WindowsSystemStatusProviderTests.cs(502,10): error ENDOFLINE: Corrija el marcador de fin de línea. Reemplazar 2 caracteres por "\n". [D:\Perfil\Escritorio\ETC\Programacion\BAXY DEFINITIVO\tests\Baxy.Providers.Windows.Tests\Baxy.Providers.Windows.Tests.csproj]
D:\Perfil\Escritorio\ETC\Programacion\BAXY DEFINITIVO\tests\Baxy.Providers.Windows.Tests\SystemStatus\WindowsSystemStatusProviderTests.cs(503,36): error ENDOFLINE: Corrija el marcador de fin de línea. Reemplazar 2 caracteres por "\n". [D:\Perfil\Escritorio\ETC\Programacion\BAXY DEFINITIVO\tests\Baxy.Providers.Windows.Tests\Baxy.Providers.Windows.Tests.csproj]
D:\Perfil\Escritorio\ETC\Programacion\BAXY DEFINITIVO\tests\Baxy.Providers.Windows.Tests\SystemStatus\WindowsSystemStatusProviderTests.cs(504,54): error ENDOFLINE: Corrija el marcador de fin de línea. Reemplazar 2 caracteres por "\n". [D:\Perfil\Escritorio\ETC\Programacion\BAXY DEFINITIVO\tests\Baxy.Providers.Windows.Tests\Baxy.Providers.Windows.Tests.csproj]
D:\Perfil\Escritorio\ETC\Programacion\BAXY DEFINITIVO\tests\Baxy.Providers.Windows.Tests\SystemStatus\WindowsSystemStatusProviderTests.cs(505,14): error ENDOFLINE: Corrija el marcador de fin de línea. Reemplazar 2 caracteres por "\n". [D:\Perfil\Escritorio\ETC\Programacion\BAXY DEFINITIVO\tests\Baxy.Providers.Windows.Tests\Baxy.Providers.Windows.Tests.csproj]
D:\Perfil\Escritorio\ETC\Programacion\BAXY DEFINITIVO\tests\Baxy.Providers.Windows.Tests\SystemStatus\WindowsSystemStatusProviderTests.cs(506,48): error ENDOFLINE: Corrija el marcador de fin de línea. Reemplazar 2 caracteres por "\n". [D:\Perfil\Escritorio\ETC\Programacion\BAXY DEFINITIVO\tests\Baxy.Providers.Windows.Tests\Baxy.Providers.Windows.Tests.csproj]
D:\Perfil\Escritorio\ETC\Programacion\BAXY DEFINITIVO\tests\Baxy.Providers.Windows.Tests\SystemStatus\WindowsSystemStatusProviderTests.cs(507,14): error ENDOFLINE: Corrija el marcador de fin de línea. Reemplazar 2 caracteres por "\n". [D:\Perfil\Escritorio\ETC\Programacion\BAXY DEFINITIVO\tests\Baxy.Providers.Windows.Tests\Baxy.Providers.Windows.Tests.csproj]
D:\Perfil\Escritorio\ETC\Programacion\BAXY DEFINITIVO\tests\Baxy.Providers.Windows.Tests\SystemStatus\WindowsSystemStatusProviderTests.cs(508,1): error ENDOFLINE: Corrija el marcador de fin de línea. Reemplazar 2 caracteres por "\n". [D:\Perfil\Escritorio\ETC\Programacion\BAXY DEFINITIVO\tests\Baxy.Providers.Windows.Tests\Baxy.Providers.Windows.Tests.csproj]
D:\Perfil\Escritorio\ETC\Programacion\BAXY DEFINITIVO\tests\Baxy.Providers.Windows.Tests\SystemStatus\WindowsSystemStatusProviderTests.cs(509,58): error ENDOFLINE: Corrija el marcador de fin de línea. Reemplazar 2 caracteres por "\n". [D:\Perfil\Escritorio\ETC\Programacion\BAXY DEFINITIVO\tests\Baxy.Providers.Windows.Tests\Baxy.Providers.Windows.Tests.csproj]
D:\Perfil\Escritorio\ETC\Programacion\BAXY DEFINITIVO\tests\Baxy.Providers.Windows.Tests\SystemStatus\WindowsSystemStatusProviderTests.cs(510,10): error ENDOFLINE: Corrija el marcador de fin de línea. Reemplazar 2 caracteres por "\n". [D:\Perfil\Escritorio\ETC\Programacion\BAXY DEFINITIVO\tests\Baxy.Providers.Windows.Tests\Baxy.Providers.Windows.Tests.csproj]
D:\Perfil\Escritorio\ETC\Programacion\BAXY DEFINITIVO\tests\Baxy.Providers.Windows.Tests\SystemStatus\WindowsSystemStatusProviderTests.cs(511,1): error ENDOFLINE: Corrija el marcador de fin de línea. Reemplazar 2 caracteres por "\n". [D:\Perfil\Escritorio\ETC\Programacion\BAXY DEFINITIVO\tests\Baxy.Providers.Windows.Tests\Baxy.Providers.Windows.Tests.csproj]
D:\Perfil\Escritorio\ETC\Programacion\BAXY DEFINITIVO\tests\Baxy.Providers.Windows.Tests\SystemStatus\WindowsSystemStatusProviderTests.cs(512,46): error ENDOFLINE: Corrija el marcador de fin de línea. Reemplazar 2 caracteres por "\n". [D:\Perfil\Escritorio\ETC\Programacion\BAXY DEFINITIVO\tests\Baxy.Providers.Windows.Tests\Baxy.Providers.Windows.Tests.csproj]
D:\Perfil\Escritorio\ETC\Programacion\BAXY DEFINITIVO\tests\Baxy.Providers.Windows.Tests\SystemStatus\WindowsSystemStatusProviderTests.cs(513,10): error ENDOFLINE: Corrija el marcador de fin de línea. Reemplazar 2 caracteres por "\n". [D:\Perfil\Escritorio\ETC\Programacion\BAXY DEFINITIVO\tests\Baxy.Providers.Windows.Tests\Baxy.Providers.Windows.Tests.csproj]
D:\Perfil\Escritorio\ETC\Programacion\BAXY DEFINITIVO\tests\Baxy.Providers.Windows.Tests\SystemStatus\WindowsSystemStatusProviderTests.cs(514,27): error ENDOFLINE: Corrija el marcador de fin de línea. Reemplazar 2 caracteres por "\n". [D:\Perfil\Escritorio\ETC\Programacion\BAXY DEFINITIVO\tests\Baxy.Providers.Windows.Tests\Baxy.Providers.Windows.Tests.csproj]
D:\Perfil\Escritorio\ETC\Programacion\BAXY DEFINITIVO\tests\Baxy.Providers.Windows.Tests\SystemStatus\WindowsSystemStatusProviderTests.cs(515,45): error ENDOFLINE: Corrija el marcador de fin de línea. Reemplazar 2 caracteres por "\n". [D:\Perfil\Escritorio\ETC\Programacion\BAXY DEFINITIVO\tests\Baxy.Providers.Windows.Tests\Baxy.Providers.Windows.Tests.csproj]
D:\Perfil\Escritorio\ETC\Programacion\BAXY DEFINITIVO\tests\Baxy.Providers.Windows.Tests\SystemStatus\WindowsSystemStatusProviderTests.cs(516,14): error ENDOFLINE: Corrija el marcador de fin de línea. Reemplazar 2 caracteres por "\n". [D:\Perfil\Escritorio\ETC\Programacion\BAXY DEFINITIVO\tests\Baxy.Providers.Windows.Tests\Baxy.Providers.Windows.Tests.csproj]
D:\Perfil\Escritorio\ETC\Programacion\BAXY DEFINITIVO\tests\Baxy.Providers.Windows.Tests\SystemStatus\WindowsSystemStatusProviderTests.cs(517,39): error ENDOFLINE: Corrija el marcador de fin de línea. Reemplazar 2 caracteres por "\n". [D:\Perfil\Escritorio\ETC\Programacion\BAXY DEFINITIVO\tests\Baxy.Providers.Windows.Tests\Baxy.Providers.Windows.Tests.csproj]
D:\Perfil\Escritorio\ETC\Programacion\BAXY DEFINITIVO\tests\Baxy.Providers.Windows.Tests\SystemStatus\WindowsSystemStatusProviderTests.cs(518,14): error ENDOFLINE: Corrija el marcador de fin de línea. Reemplazar 2 caracteres por "\n". [D:\Perfil\Escritorio\ETC\Programacion\BAXY DEFINITIVO\tests\Baxy.Providers.Windows.Tests\Baxy.Providers.Windows.Tests.csproj]
D:\Perfil\Escritorio\ETC\Programacion\BAXY DEFINITIVO\tests\Baxy.Providers.Windows.Tests\SystemStatus\WindowsSystemStatusProviderTests.cs(519,1): error ENDOFLINE: Corrija el marcador de fin de línea. Reemplazar 2 caracteres por "\n". [D:\Perfil\Escritorio\ETC\Programacion\BAXY DEFINITIVO\tests\Baxy.Providers.Windows.Tests\Baxy.Providers.Windows.Tests.csproj]
D:\Perfil\Escritorio\ETC\Programacion\BAXY DEFINITIVO\tests\Baxy.Providers.Windows.Tests\SystemStatus\WindowsSystemStatusProviderTests.cs(520,39): error ENDOFLINE: Corrija el marcador de fin de línea. Reemplazar 2 caracteres por "\n". [D:\Perfil\Escritorio\ETC\Programacion\BAXY DEFINITIVO\tests\Baxy.Providers.Windows.Tests\Baxy.Providers.Windows.Tests.csproj]
D:\Perfil\Escritorio\ETC\Programacion\BAXY DEFINITIVO\tests\Baxy.Providers.Windows.Tests\SystemStatus\WindowsSystemStatusProviderTests.cs(521,10): error ENDOFLINE: Corrija el marcador de fin de línea. Reemplazar 2 caracteres por "\n". [D:\Perfil\Escritorio\ETC\Programacion\BAXY DEFINITIVO\tests\Baxy.Providers.Windows.Tests\Baxy.Providers.Windows.Tests.csproj]
D:\Perfil\Escritorio\ETC\Programacion\BAXY DEFINITIVO\tests\Baxy.Providers.Windows.Tests\SystemStatus\WindowsSystemStatusProviderTests.cs(522,6): error ENDOFLINE: Corrija el marcador de fin de línea. Reemplazar 2 caracteres por "\n". [D:\Perfil\Escritorio\ETC\Programacion\BAXY DEFINITIVO\tests\Baxy.Providers.Windows.Tests\Baxy.Providers.Windows.Tests.csproj]
D:\Perfil\Escritorio\ETC\Programacion\BAXY DEFINITIVO\tests\Baxy.Providers.Windows.Tests\SystemStatus\WindowsSystemStatusProviderTests.cs(523,2): error ENDOFLINE: Corrija el marcador de fin de línea. Reemplazar 2 caracteres por "\n". [D:\Perfil\Escritorio\ETC\Programacion\BAXY DEFINITIVO\tests\Baxy.Providers.Windows.Tests\Baxy.Providers.Windows.Tests.csproj]
